 --- Cosmological Parameters --- 
	 H0: 2.1791e-18 (1/s) = 67.2400 (km/s/Mpc) 
	 OmegaM: 3.1600e-01 
	 OmegaR: 0.0000e+00 
	 OmegaL: 6.8400e-01 
	 OmegaK: 0.0000e+00 
		 w0: -1.0000e+00 
		 wa: 0.0000e+00 
	 rho_crit: 8.4944e-30 (g/cm^3) 
z, log10(1+z), a, H0*t_look, H0*t_age, H0*t_conf, H0*t_conf_age, d_L, d_LOS, d_trans, d_ang, d_mod, H(z), rho_c(z) 
1.00000000e-04, 4.34272769e-05, 9.99900010e-01, 9.99926304e-05, 9.50036346e-01, 9.99976300e-05, 3.23590299e+00, 4.45888357e-01, 4.45843773e-01, 4.45843773e-01, 4.45799193e-01, 2.32461307e+01, 6.72431874e+01, 8.49524947e-30
1.02807322e-04, 4.46463579e-05, 9.99897203e-01, 1.02799533e-04, 9.50033539e-01, 1.02804817e-04, 3.23590019e+00, 4.58406863e-01, 4.58359740e-01, 4.58359740e-01, 4.58312622e-01, 2.33062556e+01, 6.72432769e+01, 8.49527208e-30
1.05693455e-04, 4.58996588e-05, 9.99894318e-01, 1.05685223e-04, 9.50030653e-01, 1.05690808e-04, 3.23589730e+00, 4.71276859e-01, 4.71227053e-01, 4.71227053e-01, 4.71177253e-01, 2.33663806e+01, 6.72433689e+01, 8.49529532e-30
1.08660611e-04, 4.71881402e-05, 9.99891351e-01, 1.08651910e-04, 9.50027686e-01, 1.08657813e-04, 3.23589433e+00, 4.84508216e-01, 4.84455575e-01, 4.84455575e-01, 4.84402939e-01, 2.34265057e+01, 6.72434635e+01, 8.49531922e-30
1.11711065e-04, 4.85127895e-05, 9.99888301e-01, 1.11701868e-04, 9.50024636e-01, 1.11708107e-04, 3.23589128e+00, 4.98111083e-01, 4.98055445e-01, 4.98055445e-01, 4.97999812e-01, 2.34866310e+01, 6.72435607e+01, 8.49534379e-30
1.14847155e-04, 4.98746217e-05, 9.99885166e-01, 1.14837435e-04, 9.50021501e-01, 1.14844029e-04, 3.23588815e+00, 5.12095892e-01, 5.12037086e-01, 5.12037086e-01, 5.11978287e-01, 2.35467565e+01, 6.72436607e+01, 8.49536905e-30
1.18071285e-04, 5.12746804e-05, 9.99881943e-01, 1.18061011e-04, 9.50018277e-01, 1.18067981e-04, 3.23588492e+00, 5.26473369e-01, 5.26411215e-01, 5.26411215e-01, 5.26349069e-01, 2.36068820e+01, 6.72437635e+01, 8.49539502e-30
1.21385926e-04, 5.27140387e-05, 9.99878629e-01, 1.21375068e-04, 9.50014963e-01, 1.21382434e-04, 3.23588161e+00, 5.41254543e-01, 5.41188850e-01, 5.41188850e-01, 5.41123165e-01, 2.36670078e+01, 6.72438691e+01, 8.49542172e-30
1.24793621e-04, 5.41937993e-05, 9.99875222e-01, 1.24782144e-04, 9.50011556e-01, 1.24789930e-04, 3.23587820e+00, 5.56450749e-01, 5.56381316e-01, 5.56381316e-01, 5.56311892e-01, 2.37271337e+01, 6.72439778e+01, 8.49544917e-30
1.28296980e-04, 5.57150964e-05, 9.99871719e-01, 1.28284850e-04, 9.50008053e-01, 1.28293079e-04, 3.23587470e+00, 5.72073645e-01, 5.72000259e-01, 5.72000259e-01, 5.71926882e-01, 2.37872597e+01, 6.72440895e+01, 8.49547739e-30
1.31898690e-04, 5.72790956e-05, 9.99868119e-01, 1.31885869e-04, 9.50004452e-01, 1.31894566e-04, 3.23587110e+00, 5.88135212e-01, 5.88057648e-01, 5.88057648e-01, 5.87980094e-01, 2.38473859e+01, 6.72442043e+01, 8.49550640e-30
1.35601511e-04, 5.88869955e-05, 9.99864417e-01, 1.35587960e-04, 9.50000750e-01, 1.35597153e-04, 3.23586739e+00, 6.04647771e-01, 6.04565791e-01, 6.04565791e-01, 6.04483822e-01, 2.39075123e+01, 6.72443223e+01, 8.49553622e-30
1.39408283e-04, 6.05400281e-05, 9.99860611e-01, 1.39393960e-04, 9.49996944e-01, 1.39403676e-04, 3.23586359e+00, 6.21623989e-01, 6.21537341e-01, 6.21537341e-01, 6.21450706e-01, 2.39676388e+01, 6.72444437e+01, 8.49556689e-30
1.43321923e-04, 6.22394601e-05, 9.99856699e-01, 1.43306785e-04, 9.49993031e-01, 1.43317054e-04, 3.23585967e+00, 6.39076886e-01, 6.38985305e-01, 6.38985305e-01, 6.38893738e-01, 2.40277656e+01, 6.72445684e+01, 8.49559841e-30
1.47345431e-04, 6.39865937e-05, 9.99852676e-01, 1.47329432e-04, 9.49989009e-01, 1.47340285e-04, 3.23585565e+00, 6.57019851e-01, 6.56923056e-01, 6.56923056e-01, 6.56826276e-01, 2.40878925e+01, 6.72446967e+01, 8.49563082e-30
1.51481892e-04, 6.57827676e-05, 9.99848541e-01, 1.51464982e-04, 9.49984873e-01, 1.51476454e-04, 3.23585151e+00, 6.75466648e-01, 6.75364342e-01, 6.75364342e-01, 6.75262052e-01, 2.41480195e+01, 6.72448286e+01, 8.49566414e-30
1.55734477e-04, 6.76293582e-05, 9.99844290e-01, 1.55716604e-04, 9.49980622e-01, 1.55728729e-04, 3.23584726e+00, 6.94431427e-01, 6.94323297e-01, 6.94323297e-01, 6.94215184e-01, 2.42081468e+01, 6.72449641e+01, 8.49569840e-30
1.60106446e-04, 6.95277803e-05, 9.99839919e-01, 1.60087556e-04, 9.49976251e-01, 1.60100371e-04, 3.23584289e+00, 7.13928737e-01, 7.13814450e-01, 7.13814450e-01, 7.13700182e-01, 2.42682743e+01, 6.72451035e+01, 8.49573361e-30
1.64601150e-04, 7.14794886e-05, 9.99835426e-01, 1.64581184e-04, 9.49971757e-01, 1.64594729e-04, 3.23583840e+00, 7.33973535e-01, 7.33852741e-01, 7.33852741e-01, 7.33731968e-01, 2.43284020e+01, 6.72452468e+01, 8.49576982e-30
1.69222035e-04, 7.34859785e-05, 9.99830807e-01, 1.69200933e-04, 9.49967137e-01, 1.69215248e-04, 3.23583378e+00, 7.54581198e-01, 7.54453527e-01, 7.54453527e-01, 7.54325879e-01, 2.43885299e+01, 6.72453941e+01, 8.49580704e-30
1.73972643e-04, 7.55487874e-05, 9.99826058e-01, 1.73950339e-04, 9.49962388e-01, 1.73965470e-04, 3.23582902e+00, 7.75767536e-01, 7.75632597e-01, 7.75632597e-01, 7.75497681e-01, 2.44486580e+01, 6.72455456e+01, 8.49584531e-30
1.78856616e-04, 7.76694958e-05, 9.99821175e-01, 1.78833042e-04, 9.49957505e-01, 1.78849034e-04, 3.23582414e+00, 7.97548803e-01, 7.97406181e-01, 7.97406181e-01, 7.97263585e-01, 2.45087863e+01, 6.72457013e+01, 8.49588466e-30
1.83877698e-04, 7.98497285e-05, 9.99816156e-01, 1.83852782e-04, 9.49952485e-01, 1.83869685e-04, 3.23581912e+00, 8.19941709e-01, 8.19790968e-01, 8.19790968e-01, 8.19640254e-01, 2.45689149e+01, 6.72458613e+01, 8.49592510e-30
1.89039738e-04, 8.20911560e-05, 9.99810996e-01, 1.89013403e-04, 9.49947325e-01, 1.89031268e-04, 3.23581396e+00, 8.42963435e-01, 8.42804112e-01, 8.42804112e-01, 8.42644819e-01, 2.46290437e+01, 6.72460259e+01, 8.49596669e-30
1.94346693e-04, 8.43954955e-05, 9.99805691e-01, 1.94318859e-04, 9.49942019e-01, 1.94337741e-04, 3.23580865e+00, 8.66631645e-01, 8.66463250e-01, 8.66463250e-01, 8.66294889e-01, 2.46891727e+01, 6.72461951e+01, 8.49600944e-30
1.99802631e-04, 8.67645125e-05, 9.99800237e-01, 1.99773213e-04, 9.49936565e-01, 1.99793169e-04, 3.23580320e+00, 8.90964497e-01, 8.90786515e-01, 8.90786515e-01, 8.90608569e-01, 2.47493020e+01, 6.72463690e+01, 8.49605339e-30
2.05411735e-04, 8.92000219e-05, 9.99794630e-01, 2.05380642e-04, 9.49930958e-01, 2.05401734e-04, 3.23579759e+00, 9.15980661e-01, 9.15792547e-01, 9.15792547e-01, 9.15604471e-01, 2.48094315e+01, 6.72465479e+01, 8.49609858e-30
2.11178304e-04, 9.17038897e-05, 9.99788866e-01, 2.11145441e-04, 9.49925193e-01, 2.11167735e-04, 3.23579182e+00, 9.41699334e-01, 9.41500509e-01, 9.41500509e-01, 9.41301727e-01, 2.48695613e+01, 6.72467317e+01, 8.49614503e-30
2.17106760e-04, 9.42780341e-05, 9.99782940e-01, 2.17072026e-04, 9.49919266e-01, 2.17095589e-04, 3.23578589e+00, 9.68140248e-01, 9.67930104e-01, 9.67930104e-01, 9.67720005e-01, 2.49296914e+01, 6.72469207e+01, 8.49619280e-30
2.23201647e-04, 9.69244272e-05, 9.99776848e-01, 2.23164935e-04, 9.49913173e-01, 2.23189839e-04, 3.23577980e+00, 9.95323693e-01, 9.95101584e-01, 9.95101584e-01, 9.94879526e-01, 2.49898217e+01, 6.72471150e+01, 8.49624190e-30
2.29467637e-04, 9.96450962e-05, 9.99770585e-01, 2.29428835e-04, 9.49906909e-01, 2.29455157e-04, 3.23577354e+00, 1.02327053e+00, 1.02303577e+00, 1.02303577e+00, 1.02280107e+00, 2.50499523e+01, 6.72473148e+01, 8.49629238e-30
2.35909533e-04, 1.02442125e-04, 9.99764146e-01, 2.35868522e-04, 9.49900470e-01, 2.35896343e-04, 3.23576709e+00, 1.05200220e+00, 1.05175408e+00, 1.05175408e+00, 1.05150602e+00, 2.51100832e+01, 6.72475202e+01, 8.49634428e-30
2.42532274e-04, 1.05317657e-04, 9.99757527e-01, 2.42488929e-04, 9.49893849e-01, 2.42518333e-04, 3.23576047e+00, 1.08154076e+00, 1.08127851e+00, 1.08127851e+00, 1.08101633e+00, 2.51702144e+01, 6.72477314e+01, 8.49639763e-30
2.49340937e-04, 1.08273895e-04, 9.99750721e-01, 2.49295124e-04, 9.49887043e-01, 2.49326202e-04, 3.23575366e+00, 1.11190887e+00, 1.11163169e+00, 1.11163169e+00, 1.11135458e+00, 2.52303460e+01, 6.72479484e+01, 8.49645249e-30
2.56340741e-04, 1.11313103e-04, 9.99743725e-01, 2.56292320e-04, 9.49880046e-01, 2.56325167e-04, 3.23574667e+00, 1.14312984e+00, 1.14283688e+00, 1.14283688e+00, 1.14254400e+00, 2.52904778e+01, 6.72481716e+01, 8.49650889e-30
2.63537052e-04, 1.14437609e-04, 9.99736532e-01, 2.63485874e-04, 9.49872852e-01, 2.63520591e-04, 3.23573947e+00, 1.17522763e+00, 1.17491799e+00, 1.17491799e+00, 1.17460844e+00, 2.53506100e+01, 6.72484011e+01, 8.49656687e-30
2.70935387e-04, 1.17649806e-04, 9.99729138e-01, 2.70881295e-04, 9.49865457e-01, 2.70917988e-04, 3.23573207e+00, 1.20822687e+00, 1.20789961e+00, 1.20789961e+00, 1.20757243e+00, 2.54107425e+01, 6.72486370e+01, 8.49662647e-30
2.78541416e-04, 1.20952156e-04, 9.99721536e-01, 2.78484246e-04, 9.49857854e-01, 2.78523028e-04, 3.23572447e+00, 1.24215290e+00, 1.24180701e+00, 1.24180701e+00, 1.24146121e+00, 2.54708753e+01, 6.72488795e+01, 8.49668776e-30
2.86360972e-04, 1.24347187e-04, 9.99713721e-01, 2.86300546e-04, 9.49850038e-01, 2.86341536e-04, 3.23571665e+00, 1.27703175e+00, 1.27666617e+00, 1.27666617e+00, 1.27630068e+00, 2.55310085e+01, 6.72491288e+01, 8.49675076e-30
2.94400048e-04, 1.27837499e-04, 9.99705687e-01, 2.94336182e-04, 9.49842002e-01, 2.94379505e-04, 3.23570861e+00, 1.31289020e+00, 1.31250380e+00, 1.31250380e+00, 1.31211751e+00, 2.55911420e+01, 6.72493852e+01, 8.49681554e-30
3.02664806e-04, 1.31425767e-04, 9.99697427e-01, 3.02597305e-04, 9.49833741e-01, 3.02643094e-04, 3.23570035e+00, 1.34975577e+00, 1.34934737e+00, 1.34934737e+00, 1.34893909e+00, 2.56512760e+01, 6.72496487e+01, 8.49688213e-30
3.11161583e-04, 1.35114738e-04, 9.99688935e-01, 3.11090239e-04, 9.49825248e-01, 3.11138635e-04, 3.23569185e+00, 1.38765676e+00, 1.38722511e+00, 1.38722511e+00, 1.38679359e+00, 2.57114103e+01, 6.72499196e+01, 8.49695059e-30
3.19896892e-04, 1.38907238e-04, 9.99680205e-01, 3.19821486e-04, 9.49816517e-01, 3.19872637e-04, 3.23568312e+00, 1.42662226e+00, 1.42616603e+00, 1.42616603e+00, 1.42570995e+00, 2.57715450e+01, 6.72501982e+01, 8.49702098e-30
3.28877429e-04, 1.42806171e-04, 9.99671231e-01, 3.28797730e-04, 9.49807541e-01, 3.28851793e-04, 3.23567414e+00, 1.46668219e+00, 1.46619999e+00, 1.46619999e+00, 1.46571795e+00, 2.58316801e+01, 6.72504845e+01, 8.49709335e-30
3.38110078e-04, 1.46814523e-04, 9.99662004e-01, 3.38025843e-04, 9.49798312e-01, 3.38082983e-04, 3.23566491e+00, 1.50786730e+00, 1.50735765e+00, 1.50735765e+00, 1.50684817e+00, 2.58918156e+01, 6.72507789e+01, 8.49716774e-30
3.47601918e-04, 1.50935364e-04, 9.99652519e-01, 3.47512887e-04, 9.49788825e-01, 3.47573280e-04, 3.23565542e+00, 1.55020922e+00, 1.54967055e+00, 1.54967055e+00, 1.54913207e+00, 2.59519516e+01, 6.72510816e+01, 8.49724423e-30
3.57360225e-04, 1.55171849e-04, 9.99642767e-01, 3.57266125e-04, 9.49779072e-01, 3.57329956e-04, 3.23564566e+00, 1.59374045e+00, 1.59317112e+00, 1.59317112e+00, 1.59260198e+00, 2.60120880e+01, 6.72513928e+01, 8.49732287e-30
3.67392478e-04, 1.59527223e-04, 9.99632742e-01, 3.67293022e-04, 9.49769045e-01, 3.67360486e-04, 3.23563563e+00, 1.63849442e+00, 1.63789267e+00, 1.63789267e+00, 1.63729114e+00, 2.60722248e+01, 6.72517127e+01, 8.49740371e-30
3.77706369e-04, 1.64004821e-04, 9.99622436e-01, 3.77601251e-04, 9.49758737e-01, 3.77672556e-04, 3.23562532e+00, 1.68450549e+00, 1.68386948e+00, 1.68386948e+00, 1.68323371e+00, 2.61323622e+01, 6.72520416e+01, 8.49748683e-30
3.88309805e-04, 1.68608072e-04, 9.99611841e-01, 3.88198703e-04, 9.49748140e-01, 3.88274066e-04, 3.23561472e+00, 1.73180899e+00, 1.73113677e+00, 1.73113677e+00, 1.73046482e+00, 2.61925000e+01, 6.72523798e+01, 8.49757228e-30
3.99210913e-04, 1.73340499e-04, 9.99600948e-01, 3.99093486e-04, 9.49737245e-01, 3.99173140e-04, 3.23560382e+00, 1.78044125e+00, 1.77973077e+00, 1.77973077e+00, 1.77902056e+00, 2.62526382e+01, 6.72527274e+01, 8.49766014e-30
4.10418050e-04, 1.78205728e-04, 9.99589750e-01, 4.10293939e-04, 9.49726044e-01, 4.10378126e-04, 3.23559261e+00, 1.83043962e+00, 1.82968868e+00, 1.82968868e+00, 1.82893806e+00, 2.63127770e+01, 6.72530848e+01, 8.49775046e-30
4.21939808e-04, 1.83207482e-04, 9.99578238e-01, 4.21808631e-04, 9.49714530e-01, 4.21897611e-04, 3.23558109e+00, 1.88184250e+00, 1.88104881e+00, 1.88104881e+00, 1.88025545e+00, 2.63729164e+01, 6.72534523e+01, 8.49784332e-30
4.33785019e-04, 1.88349591e-04, 9.99566403e-01, 4.33646374e-04, 9.49702692e-01, 4.33740419e-04, 3.23556925e+00, 1.93468936e+00, 1.93385048e+00, 1.93385048e+00, 1.93301197e+00, 2.64330562e+01, 6.72538301e+01, 8.49793878e-30
4.45962763e-04, 1.93635993e-04, 9.99554236e-01, 4.45816226e-04, 9.49690522e-01, 4.45915623e-04, 3.23555707e+00, 1.98902079e+00, 1.98813416e+00, 1.98813416e+00, 1.98724792e+00, 2.64931966e+01, 6.72542185e+01, 8.49803693e-30
4.58482375e-04, 1.99070734e-04, 9.99541728e-01, 4.58327496e-04, 9.49678011e-01, 4.58432552e-04, 3.23554456e+00, 2.04487854e+00, 2.04394143e+00, 2.04394143e+00, 2.04300475e+00, 2.65533376e+01, 6.72546178e+01, 8.49813784e-30
4.71353453e-04, 2.04657975e-04, 9.99528869e-01, 4.71189758e-04, 9.49665148e-01, 4.71300793e-04, 3.23553169e+00, 2.10230550e+00, 2.10131504e+00, 2.10131504e+00, 2.10032505e+00, 2.66134791e+01, 6.72550283e+01, 8.49824159e-30
4.84585864e-04, 2.10401992e-04, 9.99515649e-01, 4.84412850e-04, 9.49651925e-01, 4.84530206e-04, 3.23551846e+00, 2.16134580e+00, 2.16029895e+00, 2.16029895e+00, 2.15925261e+00, 2.66736213e+01, 6.72554503e+01, 8.49834824e-30
4.98189752e-04, 2.16307184e-04, 9.99502058e-01, 4.98006889e-04, 9.49638331e-01, 4.98130925e-04, 3.23550486e+00, 2.22204479e+00, 2.22093834e+00, 2.22093834e+00, 2.21983245e+00, 2.67337640e+01, 6.72558842e+01, 8.49845790e-30
5.12175544e-04, 2.22378069e-04, 9.99488087e-01, 5.11982272e-04, 9.49624356e-01, 5.12113367e-04, 3.23549088e+00, 2.28444911e+00, 2.28327967e+00, 2.28327967e+00, 2.28211083e+00, 2.67939074e+01, 6.72563303e+01, 8.49857064e-30
5.26553963e-04, 2.28619296e-04, 9.99473723e-01, 5.26349688e-04, 9.49609989e-01, 5.26488246e-04, 3.23547650e+00, 2.34860671e+00, 2.34737069e+00, 2.34737069e+00, 2.34613533e+00, 2.68540515e+01, 6.72567889e+01, 8.49868654e-30
5.41336030e-04, 2.35035640e-04, 9.99458957e-01, 5.41120127e-04, 9.49595218e-01, 5.41266571e-04, 3.23546172e+00, 2.41456688e+00, 2.41326050e+00, 2.41326050e+00, 2.41195482e+00, 2.69141962e+01, 6.72572605e+01, 8.49880571e-30
5.56533078e-04, 2.41632013e-04, 9.99443776e-01, 5.56304884e-04, 9.49580033e-01, 5.56459664e-04, 3.23544653e+00, 2.48238032e+00, 2.48099956e+00, 2.48099956e+00, 2.47961957e+00, 2.69743416e+01, 6.72577452e+01, 8.49892822e-30
5.72156756e-04, 2.48413463e-04, 9.99428170e-01, 5.71915572e-04, 9.49564423e-01, 5.72079162e-04, 3.23543091e+00, 2.55209914e+00, 2.55063977e+00, 2.55063977e+00, 2.54918124e+00, 2.70344877e+01, 6.72582436e+01, 8.49905418e-30
5.88219040e-04, 2.55385179e-04, 9.99412127e-01, 5.87964128e-04, 9.49548374e-01, 5.88137028e-04, 3.23541485e+00, 2.62377691e+00, 2.62223446e+00, 2.62223446e+00, 2.62069292e+00, 2.70946345e+01, 6.72587560e+01, 8.49918367e-30
6.04732245e-04, 2.62552498e-04, 9.99395633e-01, 6.04462822e-04, 9.49531875e-01, 6.04645564e-04, 3.23539834e+00, 2.69746875e+00, 2.69583849e+00, 2.69583849e+00, 2.69420921e+00, 2.71547821e+01, 6.72592828e+01, 8.49931681e-30
6.21709029e-04, 2.69920903e-04, 9.99378677e-01, 6.21424269e-04, 9.49514914e-01, 6.21617412e-04, 3.23538137e+00, 2.77323128e+00, 2.77150821e+00, 2.77150821e+00, 2.76978621e+00, 2.72149304e+01, 6.72598244e+01, 8.49945368e-30
6.39162405e-04, 2.77496033e-04, 9.99361246e-01, 6.38861436e-04, 9.49497477e-01, 6.39065572e-04, 3.23536392e+00, 2.85112275e+00, 2.84930159e+00, 2.84930159e+00, 2.84748158e+00, 2.72750796e+01, 6.72603812e+01, 8.49959441e-30
6.57105755e-04, 2.85283683e-04, 9.99343326e-01, 6.56787653e-04, 9.49479551e-01, 6.57003408e-04, 3.23534599e+00, 2.93120305e+00, 2.92927821e+00, 2.92927821e+00, 2.92735462e+00, 2.73352295e+01, 6.72609536e+01, 8.49973909e-30
6.75552832e-04, 2.93289812e-04, 9.99324903e-01, 6.75216623e-04, 9.49461122e-01, 6.75444657e-04, 3.23532755e+00, 3.01353374e+00, 3.01149932e+00, 3.01149932e+00, 3.00946626e+00, 2.73953803e+01, 6.72615422e+01, 8.49988784e-30
6.94517777e-04, 3.01520545e-04, 9.99305964e-01, 6.94162431e-04, 9.49442176e-01, 6.94403444e-04, 3.23530859e+00, 3.09817814e+00, 3.09602789e+00, 3.09602789e+00, 3.09387914e+00, 2.74555319e+01, 6.72621472e+01, 8.50004076e-30
7.14015130e-04, 3.09982178e-04, 9.99286494e-01, 7.13639557e-04, 9.49422699e-01, 7.13894287e-04, 3.23528910e+00, 3.18520132e+00, 3.18292866e+00, 3.18292866e+00, 3.18065762e+00, 2.75156844e+01, 6.72627693e+01, 8.50019799e-30
7.34059837e-04, 3.18681185e-04, 9.99266479e-01, 7.33662885e-04, 9.49402675e-01, 7.33932113e-04, 3.23526906e+00, 3.27467022e+00, 3.27226818e+00, 3.27226818e+00, 3.26986790e+00, 2.75758378e+01, 6.72634089e+01, 8.50035964e-30
7.54667263e-04, 3.27624220e-04, 9.99245902e-01, 7.54247716e-04, 9.49382091e-01, 7.54532267e-04, 3.23524846e+00, 3.36665364e+00, 3.36411485e+00, 3.36411485e+00, 3.36157798e+00, 2.76359922e+01, 6.72640664e+01, 8.50052583e-30
7.75853206e-04, 3.36818122e-04, 9.99224748e-01, 7.75409778e-04, 9.49360928e-01, 7.75710523e-04, 3.23522728e+00, 3.46122235e+00, 3.45853903e+00, 3.45853903e+00, 3.45585779e+00, 2.76961475e+01, 6.72647424e+01, 8.50069670e-30
7.97633907e-04, 3.46269924e-04, 9.99203002e-01, 7.97165239e-04, 9.49339173e-01, 7.97483100e-04, 3.23520551e+00, 3.55844909e+00, 3.55561301e+00, 3.55561301e+00, 3.55277919e+00, 2.77563038e+01, 6.72654375e+01, 8.50087237e-30
8.20026062e-04, 3.55986854e-04, 9.99180646e-01, 8.19530717e-04, 9.49316808e-01, 8.19866668e-04, 3.23518312e+00, 3.65840865e+00, 3.65541112e+00, 3.65541112e+00, 3.65241604e+00, 2.78164611e+01, 6.72661520e+01, 8.50105298e-30
8.43046837e-04, 3.65976343e-04, 9.99157663e-01, 8.42523298e-04, 9.49293815e-01, 8.42878367e-04, 3.23516011e+00, 3.76117796e+00, 3.75800978e+00, 3.75800978e+00, 3.75484427e+00, 2.78766194e+01, 6.72668867e+01, 8.50123867e-30
8.66713880e-04, 3.76246030e-04, 9.99134037e-01, 8.66160541e-04, 9.49270178e-01, 8.66535817e-04, 3.23513645e+00, 3.86683608e+00, 3.86348755e+00, 3.86348755e+00, 3.86014191e+00, 2.79367788e+01, 6.72676420e+01, 8.50142958e-30
8.91045332e-04, 3.86803767e-04, 9.99109748e-01, 8.90460498e-04, 9.49245878e-01, 8.90857131e-04, 3.23511213e+00, 3.97546435e+00, 3.97192518e+00, 3.97192518e+00, 3.96838917e+00, 2.79969393e+01, 6.72684185e+01, 8.50162586e-30
9.16059848e-04, 3.97657626e-04, 9.99084779e-01, 9.15441725e-04, 9.49220897e-01, 9.15860930e-04, 3.23508713e+00, 4.08714635e+00, 4.08340570e+00, 4.08340570e+00, 4.07966848e+00, 2.80571009e+01, 6.72692168e+01, 8.50182766e-30
9.41776601e-04, 4.08815904e-04, 9.99059110e-01, 9.41123296e-04, 9.49195215e-01, 9.41566357e-04, 3.23506142e+00, 4.20196806e+00, 4.19801446e+00, 4.19801446e+00, 4.19406459e+00, 2.81172637e+01, 6.72700376e+01, 8.50203513e-30
9.68215306e-04, 4.20287133e-04, 9.99032721e-01, 9.67524816e-04, 9.49168813e-01, 9.67993091e-04, 3.23503500e+00, 4.32001787e+00, 4.31583920e+00, 4.31583920e+00, 4.31166458e+00, 2.81774277e+01, 6.72708815e+01, 8.50224844e-30
9.95396231e-04, 4.32080081e-04, 9.99005594e-01, 9.94666441e-04, 9.49141672e-01, 9.95161363e-04, 3.23500783e+00, 4.44138667e+00, 4.43697012e+00, 4.43697012e+00, 4.43255797e+00, 2.82375929e+01, 6.72717491e+01, 8.50246775e-30
1.02334021e-03, 4.44203760e-04, 9.98977706e-01, 1.02256888e-03, 9.49113769e-01, 1.02309197e-03, 3.23497990e+00, 4.56616792e+00, 4.56149995e+00, 4.56149995e+00, 4.55683676e+00, 2.82977594e+01, 6.72726411e+01, 8.50269323e-30
1.05206867e-03, 4.56667438e-04, 9.98949037e-01, 1.05125344e-03, 9.49085085e-01, 1.05180629e-03, 3.23495118e+00, 4.69445771e+00, 4.68952401e+00, 4.68952401e+00, 4.68459549e+00, 2.83579272e+01, 6.72735582e+01, 8.50292506e-30
1.08160363e-03, 4.69480638e-04, 9.98919565e-01, 1.08074200e-03, 9.49055596e-01, 1.08132631e-03, 3.23492166e+00, 4.82635486e+00, 4.82114030e+00, 4.82114030e+00, 4.81593137e+00, 2.84180963e+01, 6.72745011e+01, 8.50316340e-30
1.11196773e-03, 4.82653152e-04, 9.98889267e-01, 1.11105706e-03, 9.49025281e-01, 1.11167462e-03, 3.23489132e+00, 4.96196097e+00, 4.95644956e+00, 4.95644956e+00, 4.95094427e+00, 2.84782667e+01, 6.72754704e+01, 8.50340845e-30
1.14318425e-03, 4.96195044e-04, 9.98858121e-01, 1.14222175e-03, 9.48994117e-01, 1.14287445e-03, 3.23486012e+00, 5.10138051e+00, 5.09555535e+00, 5.09555535e+00, 5.08973684e+00, 2.85384386e+01, 6.72764671e+01, 8.50366040e-30
1.17527712e-03, 5.10116661e-04, 9.98826103e-01, 1.17425984e-03, 9.48962078e-01, 1.17494968e-03, 3.23482804e+00, 5.24472091e+00, 5.23856414e+00, 5.23856414e+00, 5.23241460e+00, 2.85986119e+01, 6.72774917e+01, 8.50391943e-30
1.20827094e-03, 5.24428638e-04, 9.98793187e-01, 1.20719576e-03, 9.48929142e-01, 1.20792485e-03, 3.23479507e+00, 5.39209263e+00, 5.38558538e+00, 5.38558538e+00, 5.37908599e+00, 2.86587867e+01, 6.72785452e+01, 8.50418576e-30
1.24219100e-03, 5.39141905e-04, 9.98759350e-01, 1.24105463e-03, 9.48895284e-01, 1.24182521e-03, 3.23476117e+00, 5.54360926e+00, 5.53673158e+00, 5.53673158e+00, 5.52986244e+00, 2.87189631e+01, 6.72796283e+01, 8.50445958e-30
1.27706330e-03, 5.54267703e-04, 9.98724566e-01, 1.27586226e-03, 9.48860476e-01, 1.27667669e-03, 3.23472631e+00, 5.69938760e+00, 5.69211840e+00, 5.69211840e+00, 5.68485848e+00, 2.87791410e+01, 6.72807419e+01, 8.50474110e-30
1.31291459e-03, 5.69817580e-04, 9.98688807e-01, 1.31164519e-03, 9.48824693e-01, 1.31250595e-03, 3.23469048e+00, 5.85954776e+00, 5.85186476e+00, 5.85186476e+00, 5.84419183e+00, 2.88393205e+01, 6.72818868e+01, 8.50503055e-30
1.34977233e-03, 5.85803413e-04, 9.98652047e-01, 1.34843070e-03, 9.48787908e-01, 1.34934043e-03, 3.23465365e+00, 6.02421323e+00, 6.01609287e+00, 6.01609287e+00, 6.00798346e+00, 2.88995017e+01, 6.72830639e+01, 8.50532815e-30
1.38766479e-03, 6.02237406e-04, 9.98614258e-01, 1.38624680e-03, 9.48750091e-01, 1.38720830e-03, 3.23461578e+00, 6.19351101e+00, 6.18492840e+00, 6.18492840e+00, 6.17635769e+00, 2.89596846e+01, 6.72842741e+01, 8.50563412e-30
1.42662102e-03, 6.19132106e-04, 9.98575411e-01, 1.42512233e-03, 9.48711216e-01, 1.42613853e-03, 3.23457685e+00, 6.36757169e+00, 6.35850052e+00, 6.35850052e+00, 6.34944227e+00, 2.90198692e+01, 6.72855184e+01, 8.50594871e-30
1.46667087e-03, 6.36500410e-04, 9.98535477e-01, 1.46508689e-03, 9.48671251e-01, 1.46616091e-03, 3.23453683e+00, 6.54652957e+00, 6.53694203e+00, 6.53694203e+00, 6.52736853e+00, 2.90800557e+01, 6.72867977e+01, 8.50627215e-30
1.50784505e-03, 6.54355573e-04, 9.98494425e-01, 1.50617093e-03, 9.48630167e-01, 1.50730605e-03, 3.23449568e+00, 6.73052273e+00, 6.72038942e+00, 6.72038942e+00, 6.71027137e+00, 2.91402440e+01, 6.72881130e+01, 8.50660470e-30
1.55017512e-03, 6.72711224e-04, 9.98452224e-01, 1.54840573e-03, 9.48587933e-01, 1.54960543e-03, 3.23445338e+00, 6.91969318e+00, 6.90898304e+00, 6.90898304e+00, 6.89828948e+00, 2.92004342e+01, 6.72894652e+01, 8.50694662e-30
1.59369353e-03, 6.91581368e-04, 9.98408842e-01, 1.59182346e-03, 9.48544515e-01, 1.59309140e-03, 3.23440990e+00, 7.11418693e+00, 7.10286714e+00, 7.10286714e+00, 7.09156536e+00, 2.92606264e+01, 6.72908556e+01, 8.50729817e-30
1.63843365e-03, 7.10980403e-04, 9.98364246e-01, 1.63645715e-03, 9.48499881e-01, 1.63779723e-03, 3.23436519e+00, 7.31415417e+00, 7.30219001e+00, 7.30219001e+00, 7.29024543e+00, 2.93208206e+01, 6.72922850e+01, 8.50765961e-30
1.68442976e-03, 7.30923128e-04, 9.98318403e-01, 1.68234080e-03, 9.48453997e-01, 1.68375710e-03, 3.23431923e+00, 7.51974930e+00, 7.50710411e+00, 7.50710411e+00, 7.49448018e+00, 2.93810168e+01, 6.72937547e+01, 8.50803124e-30
1.73171713e-03, 7.51424755e-04, 9.98271277e-01, 1.72950930e-03, 9.48406829e-01, 1.73100617e-03, 3.23427198e+00, 7.73113112e+00, 7.71776613e+00, 7.71776613e+00, 7.70442425e+00, 2.94412152e+01, 6.72952658e+01, 8.50841333e-30
1.78033202e-03, 7.72500920e-04, 9.98222832e-01, 1.77799855e-03, 9.48358340e-01, 1.77958057e-03, 3.23422341e+00, 7.94846295e+00, 7.93433719e+00, 7.93433719e+00, 7.92023654e+00, 2.95014158e+01, 6.72968194e+01, 8.50880619e-30
1.83031168e-03, 7.94167695e-04, 9.98173032e-01, 1.82784543e-03, 9.48308493e-01, 1.82951744e-03, 3.23417347e+00, 8.17191271e+00, 8.15698289e+00, 8.15698289e+00, 8.14208034e+00, 2.95616186e+01, 6.72984167e+01, 8.50921012e-30
1.88169442e-03, 8.16441599e-04, 9.98121840e-01, 1.87908784e-03, 9.48257250e-01, 1.88085496e-03, 3.23412214e+00, 8.40165311e+00, 8.38587345e+00, 8.38587345e+00, 8.37012344e+00, 2.96218237e+01, 6.73000590e+01, 8.50962543e-30
1.93451965e-03, 8.39339613e-04, 9.98069215e-01, 1.93176475e-03, 9.48204574e-01, 1.93363238e-03, 3.23406936e+00, 8.63786174e+00, 8.62118389e+00, 8.62118389e+00, 8.60453825e+00, 2.96820312e+01, 6.73017475e+01, 8.51005244e-30
1.98882786e-03, 8.62879189e-04, 9.98015120e-01, 1.98591620e-03, 9.48150422e-01, 1.98789006e-03, 3.23401510e+00, 8.88072127e+00, 8.86309410e+00, 8.86309410e+00, 8.84550192e+00, 2.97422412e+01, 6.73034836e+01, 8.51049149e-30
2.04466067e-03, 8.87078267e-04, 9.97959511e-01, 2.04158334e-03, 9.48094755e-01, 2.04366947e-03, 3.23395932e+00, 9.13041952e+00, 9.11178900e+00, 9.11178900e+00, 9.09319650e+00, 2.98024537e+01, 6.73052686e+01, 8.51094291e-30
2.10206088e-03, 9.11955285e-04, 9.97902349e-01, 2.09880846e-03, 9.48037530e-01, 2.10101324e-03, 3.23390198e+00, 9.38714967e+00, 9.36745870e+00, 9.36745870e+00, 9.34780903e+00, 2.98626687e+01, 6.73071038e+01, 8.51140706e-30
2.16107251e-03, 9.37529196e-04, 9.97843588e-01, 2.15763504e-03, 9.47978703e-01, 2.15996520e-03, 3.23384303e+00, 9.65111037e+00, 9.63029860e+00, 9.63029860e+00, 9.60953170e+00, 2.99228864e+01, 6.73089907e+01, 8.51188429e-30
2.22174078e-03, 9.63819479e-04, 9.97783184e-01, 2.21810773e-03, 9.47918231e-01, 2.22057042e-03, 3.23378242e+00, 9.92250594e+00, 9.90050958e+00, 9.90050958e+00, 9.87856197e+00, 2.99831068e+01, 6.73109308e+01, 8.51237498e-30
2.28411221e-03, 9.90846156e-04, 9.97721093e-01, 2.28027246e-03, 9.47856066e-01, 2.28287520e-03, 3.23372012e+00, 1.02015465e+01, 1.01782981e+01, 1.01782981e+01, 1.01551027e+01, 3.00433301e+01, 6.73129255e+01, 8.51287950e-30
2.34823460e-03, 1.01862981e-03, 9.97657267e-01, 2.34417639e-03, 9.47792162e-01, 2.34692714e-03, 3.23365606e+00, 1.04884482e+01, 1.04638765e+01, 1.04638765e+01, 1.04393625e+01, 3.01035562e+01, 6.73149765e+01, 8.51339826e-30
2.41415712e-03, 1.04719158e-03, 9.97591657e-01, 2.40986803e-03, 9.47726470e-01, 2.41277520e-03, 3.23359022e+00, 1.07834332e+01, 1.07574629e+01, 1.07574629e+01, 1.07315553e+01, 3.01637853e+01, 6.73170852e+01, 8.51393165e-30
2.48193029e-03, 1.07655322e-03, 9.97524214e-01, 2.47739719e-03, 9.47658941e-01, 2.48046968e-03, 3.23352252e+00, 1.10867301e+01, 1.10592817e+01, 1.10592817e+01, 1.10319013e+01, 3.02240174e+01, 6.73192533e+01, 8.51448008e-30
2.55160607e-03, 1.10673706e-03, 9.97454888e-01, 2.54681508e-03, 9.47589523e-01, 2.55006228e-03, 3.23345293e+00, 1.13985740e+01, 1.13695634e+01, 1.13695634e+01, 1.13406265e+01, 3.02842526e+01, 6.73214825e+01, 8.51504399e-30
2.62323788e-03, 1.13776607e-03, 9.97383625e-01, 2.61817434e-03, 9.47518164e-01, 2.62160617e-03, 3.23338138e+00, 1.17192067e+01, 1.16885449e+01, 1.16885449e+01, 1.16579633e+01, 3.03444911e+01, 6.73237745e+01, 8.51562381e-30
2.69688063e-03, 1.16966386e-03, 9.97310373e-01, 2.69152903e-03, 9.47444809e-01, 2.69515599e-03, 3.23330783e+00, 1.20488769e+01, 1.20164700e+01, 1.20164700e+01, 1.19841501e+01, 3.04047328e+01, 6.73261312e+01, 8.51621999e-30
2.77259076e-03, 1.20245468e-03, 9.97235075e-01, 2.76693473e-03, 9.47369404e-01, 2.77076791e-03, 3.23323222e+00, 1.23878404e+01, 1.23535890e+01, 1.23535890e+01, 1.23194322e+01, 3.04649780e+01, 6.73285543e+01, 8.51683301e-30
2.85042632e-03, 1.23616346e-03, 9.97157676e-01, 2.84444855e-03, 9.47291890e-01, 2.84849966e-03, 3.23315449e+00, 1.27363602e+01, 1.27001593e+01, 1.27001593e+01, 1.26640614e+01, 3.05252267e+01, 6.73310457e+01, 8.51746333e-30
2.93044698e-03, 1.27081583e-03, 9.97078115e-01, 2.92412917e-03, 9.47212209e-01, 2.92841059e-03, 3.23307458e+00, 1.30947069e+01, 1.30564457e+01, 1.30564457e+01, 1.30182963e+01, 3.05854789e+01, 6.73336073e+01, 8.51811144e-30
3.01271407e-03, 1.30643812e-03, 9.96996335e-01, 3.00603689e-03, 9.47130301e-01, 3.01056171e-03, 3.23299243e+00, 1.34631588e+01, 1.34227200e+01, 1.34227200e+01, 1.33824027e+01, 3.06457348e+01, 6.73362412e+01, 8.51877786e-30
3.09729067e-03, 1.34305740e-03, 9.96912273e-01, 3.09023369e-03, 9.47046105e-01, 3.09501573e-03, 3.23290797e+00, 1.38420023e+01, 1.37992619e+01, 1.37992619e+01, 1.37566536e+01, 3.07059946e+01, 6.73389494e+01, 8.51946310e-30
3.18424160e-03, 1.38070148e-03, 9.96825866e-01, 3.17678323e-03, 9.46959555e-01, 3.18183710e-03, 3.23282115e+00, 1.42315316e+01, 1.41863588e+01, 1.41863588e+01, 1.41413294e+01, 3.07662582e+01, 6.73417339e+01, 8.52016770e-30
3.27363353e-03, 1.41939895e-03, 9.96737048e-01, 3.26575094e-03, 9.46870587e-01, 3.27109208e-03, 3.23273190e+00, 1.46320497e+01, 1.45843060e+01, 1.45843060e+01, 1.45367181e+01, 3.08265258e+01, 6.73445970e+01, 8.52089220e-30
3.36553498e-03, 1.45917918e-03, 9.96645754e-01, 3.35720406e-03, 9.46779134e-01, 3.36284879e-03, 3.23264014e+00, 1.50438681e+01, 1.49934072e+01, 1.49934072e+01, 1.49431157e+01, 3.08867976e+01, 6.73475409e+01, 8.52163718e-30
3.46001639e-03, 1.50007238e-03, 9.96551914e-01, 3.45121166e-03, 9.46685127e-01, 3.45717721e-03, 3.23254581e+00, 1.54673072e+01, 1.54139746e+01, 1.54139746e+01, 1.53608259e+01, 3.09470736e+01, 6.73505679e+01, 8.52240322e-30
3.55715021e-03, 1.54210957e-03, 9.96455458e-01, 3.54784473e-03, 9.46588494e-01, 3.55414933e-03, 3.23244884e+00, 1.59026968e+01, 1.58463290e+01, 1.58463290e+01, 1.57901610e+01, 3.10073539e+01, 6.73536803e+01, 8.52319091e-30
3.65701088e-03, 1.58532264e-03, 9.96356314e-01, 3.64717619e-03, 9.46489162e-01, 3.65383909e-03, 3.23234915e+00, 1.63503758e+01, 1.62908001e+01, 1.62908001e+01, 1.62314416e+01, 3.10676387e+01, 6.73568806e+01, 8.52400087e-30
3.75967497e-03, 1.62974435e-03, 9.96254407e-01, 3.74928099e-03, 9.46387057e-01, 3.75632252e-03, 3.23224667e+00, 1.68106930e+01, 1.67477270e+01, 1.67477270e+01, 1.66849968e+01, 3.11279281e+01, 6.73601712e+01, 8.52483374e-30
3.86522116e-03, 1.67540839e-03, 9.96149661e-01, 3.85423611e-03, 9.46282102e-01, 3.86167778e-03, 3.23214131e+00, 1.72840072e+01, 1.72174579e+01, 1.72174579e+01, 1.71511649e+01, 3.11882222e+01, 6.73635547e+01, 8.52569017e-30
3.97373038e-03, 1.72234936e-03, 9.96041998e-01, 3.96212066e-03, 9.46174218e-01, 3.96998518e-03, 3.23203301e+00, 1.77706876e+01, 1.77003512e+01, 1.77003512e+01, 1.76302932e+01, 3.12485212e+01, 6.73670337e+01, 8.52657083e-30
4.08528580e-03, 1.77060283e-03, 9.95931336e-01, 4.07301591e-03, 9.46063322e-01, 4.08132728e-03, 3.23192166e+00, 1.82711138e+01, 1.81967748e+01, 1.81967748e+01, 1.81227382e+01, 3.13088251e+01, 6.73706110e+01, 8.52747641e-30
4.19997295e-03, 1.82020534e-03, 9.95817593e-01, 4.18700537e-03, 9.45949333e-01, 4.19578896e-03, 3.23180720e+00, 1.87856765e+01, 1.87071071e+01, 1.87071071e+01, 1.86288664e+01, 3.13691342e+01, 6.73742894e+01, 8.52840762e-30
4.31787973e-03, 1.87119444e-03, 9.95700684e-01, 4.30417482e-03, 9.45832163e-01, 4.31345742e-03, 3.23168953e+00, 1.93147774e+01, 1.92317371e+01, 1.92317371e+01, 1.91490538e+01, 3.14294485e+01, 6.73780717e+01, 8.52936520e-30
4.43909653e-03, 1.92360874e-03, 9.95580522e-01, 4.42461240e-03, 9.45711726e-01, 4.43442234e-03, 3.23156857e+00, 1.98588301e+01, 1.97710644e+01, 1.97710644e+01, 1.96836867e+01, 3.14897683e+01, 6.73819609e+01, 8.53034989e-30
4.56371628e-03, 1.97748788e-03, 9.95457017e-01, 4.54840865e-03, 9.45587930e-01, 4.55877585e-03, 3.23144421e+00, 2.04182598e+01, 2.03255000e+01, 2.03255000e+01, 2.02331616e+01, 3.15500936e+01, 6.73859601e+01, 8.53136248e-30
4.69183451e-03, 2.03287261e-03, 9.95330076e-01, 4.67565660e-03, 9.45460682e-01, 4.68661267e-03, 3.23131638e+00, 2.09935040e+01, 2.08954660e+01, 2.08954660e+01, 2.07978857e+01, 3.16104247e+01, 6.73900723e+01, 8.53240375e-30
4.82354943e-03, 2.08980480e-03, 9.95199606e-01, 4.80645180e-03, 9.45329886e-01, 4.81803015e-03, 3.23118496e+00, 2.15850131e+01, 2.14813965e+01, 2.14813965e+01, 2.13782773e+01, 3.16707616e+01, 6.73943007e+01, 8.53347453e-30
4.95896201e-03, 2.14832749e-03, 9.95065508e-01, 4.94089241e-03, 9.45195446e-01, 4.95312834e-03, 3.23104986e+00, 2.21932501e+01, 2.20837377e+01, 2.20837377e+01, 2.19747656e+01, 3.17311045e+01, 6.73986487e+01, 8.53457566e-30
5.09817606e-03, 2.20848488e-03, 9.94927683e-01, 5.07907928e-03, 9.45057259e-01, 5.09201009e-03, 3.23091098e+00, 2.28186916e+01, 2.27029480e+01, 2.27029480e+01, 2.25877914e+01, 3.17914537e+01, 6.74031198e+01, 8.53570802e-30
5.24129830e-03, 2.27032240e-03, 9.94786030e-01, 5.22111599e-03, 9.44915222e-01, 5.23478110e-03, 3.23076821e+00, 2.34618280e+01, 2.33394987e+01, 2.33394987e+01, 2.32178072e+01, 3.18518092e+01, 6.74077173e+01, 8.53687249e-30
5.38843844e-03, 2.33388671e-03, 9.94640441e-01, 5.36710895e-03, 9.44769229e-01, 5.38154999e-03, 3.23062144e+00, 2.41231637e+01, 2.39938742e+01, 2.39938742e+01, 2.38652776e+01, 3.19121713e+01, 6.74124450e+01, 8.53807000e-30
5.53970928e-03, 2.39922578e-03, 9.94490810e-01, 5.51716746e-03, 9.44619171e-01, 5.53242843e-03, 3.23047056e+00, 2.48032179e+01, 2.46665723e+01, 2.46665723e+01, 2.45306794e+01, 3.19725401e+01, 6.74173064e+01, 8.53930149e-30
5.69522678e-03, 2.46638889e-03, 9.94337025e-01, 5.67140378e-03, 9.44464934e-01, 5.68753117e-03, 3.23031546e+00, 2.55025247e+01, 2.53581045e+01, 2.53581045e+01, 2.52145022e+01, 3.20329159e+01, 6.74223055e+01, 8.54056794e-30
5.85511016e-03, 2.53542665e-03, 9.94178973e-01, 5.82993323e-03, 9.44306405e-01, 5.84697616e-03, 3.23015601e+00, 2.62216338e+01, 2.60689969e+01, 2.60689969e+01, 2.59172486e+01, 3.20932987e+01, 6.74274462e+01, 8.54187036e-30
6.01948197e-03, 2.60639109e-03, 9.94016535e-01, 5.99287425e-03, 9.44143464e-01, 6.01088460e-03, 3.22999211e+00, 2.69611107e+01, 2.67997898e+01, 2.67997898e+01, 2.66394342e+01, 3.21536889e+01, 6.74327324e+01, 8.54320976e-30
6.18846824e-03, 2.67933564e-03, 9.93849593e-01, 6.16034847e-03, 9.43975990e-01, 6.17938109e-03, 3.22982361e+00, 2.77215375e+01, 2.75510387e+01, 2.75510387e+01, 2.73815886e+01, 3.22140866e+01, 6.74381685e+01, 8.54458723e-30
6.36219849e-03, 2.75431521e-03, 9.93678023e-01, 6.33248085e-03, 9.43803857e-01, 6.35259365e-03, 3.22965040e+00, 2.85035130e+01, 2.83233145e+01, 2.83233145e+01, 2.81442551e+01, 3.22744919e+01, 6.74437586e+01, 8.54600385e-30
6.54080591e-03, 2.83138620e-03, 9.93501698e-01, 6.50939969e-03, 9.43626939e-01, 6.53065388e-03, 3.22947234e+00, 2.93076537e+01, 2.91172038e+01, 2.91172038e+01, 2.89279914e+01, 3.23349053e+01, 6.74495071e+01, 8.54746074e-30
6.72442742e-03, 2.91060657e-03, 9.93320488e-01, 6.69123677e-03, 9.43445101e-01, 6.71369702e-03, 3.22928929e+00, 3.01345939e+01, 2.99333095e+01, 2.99333095e+01, 2.97333696e+01, 3.23953267e+01, 6.74554187e+01, 8.54895908e-30
6.91320378e-03, 2.99203585e-03, 9.93134260e-01, 6.87812742e-03, 9.43258211e-01, 6.90186204e-03, 3.22910113e+00, 3.09849863e+01, 3.07722514e+01, 3.07722514e+01, 3.05609772e+01, 3.24557565e+01, 6.74614979e+01, 8.55050004e-30
7.10727970e-03, 3.07573520e-03, 9.92942877e-01, 7.07021061e-03, 9.43066128e-01, 7.09529178e-03, 3.22890770e+00, 3.18595027e+01, 3.16346663e+01, 3.16346663e+01, 3.14114166e+01, 3.25161950e+01, 6.74677496e+01, 8.55208487e-30
7.30680395e-03, 3.16176744e-03, 9.92746198e-01, 7.26762906e-03, 9.42868709e-01, 7.29413303e-03, 3.22870886e+00, 3.27588348e+01, 3.25212087e+01, 3.25212087e+01, 3.22853063e+01, 3.25766422e+01, 6.74741787e+01, 8.55371483e-30
7.51192949e-03, 3.25019713e-03, 9.92544079e-01, 7.47052931e-03, 9.42665809e-01, 7.49853664e-03, 3.22850445e+00, 3.36836940e+01, 3.34325510e+01, 3.34325510e+01, 3.31832806e+01, 3.26370986e+01, 6.74807903e+01, 8.55539122e-30
7.72281357e-03, 3.34109055e-03, 9.92336371e-01, 7.67906184e-03, 9.42457276e-01, 7.70865764e-03, 3.22829433e+00, 3.46348130e+01, 3.43693846e+01, 3.43693846e+01, 3.41059904e+01, 3.26975642e+01, 6.74875896e+01, 8.55711539e-30
7.93961785e-03, 3.43451582e-03, 9.92122923e-01, 7.89338117e-03, 9.42242957e-01, 7.92465534e-03, 3.22807834e+00, 3.56129457e+01, 3.53324198e+01, 3.53324198e+01, 3.50541036e+01, 3.27580395e+01, 6.74945821e+01, 8.55888870e-30
8.16250851e-03, 3.53054289e-03, 9.91903579e-01, 8.11364593e-03, 9.42022692e-01, 8.14669347e-03, 3.22785630e+00, 3.66188682e+01, 3.63223864e+01, 3.63223864e+01, 3.60283050e+01, 3.28185246e+01, 6.75017732e+01, 8.56071260e-30
8.39165644e-03, 3.62924361e-03, 9.91678177e-01, 8.34001900e-03, 9.41796319e-01, 8.37494025e-03, 3.22762805e+00, 3.76533793e+01, 3.73400346e+01, 3.73400346e+01, 3.70292974e+01, 3.28790198e+01, 6.75091688e+01, 8.56258854e-30
8.62723729e-03, 3.73069181e-03, 9.91446555e-01, 8.57266763e-03, 9.41563671e-01, 8.60956859e-03, 3.22739342e+00, 3.87173015e+01, 3.83861352e+01, 3.83861352e+01, 3.80578015e+01, 3.29395254e+01, 6.75167746e+01, 8.56451803e-30
8.86943166e-03, 3.83496328e-03, 9.91208544e-01, 8.81176350e-03, 9.41324575e-01, 8.85075615e-03, 3.22715223e+00, 3.98114813e+01, 3.94614804e+01, 3.94614804e+01, 3.91145565e+01, 3.30000417e+01, 6.75245968e+01, 8.56650263e-30
9.11842520e-03, 3.94213590e-03, 9.90963969e-01, 9.05748285e-03, 9.41078855e-01, 9.09868548e-03, 3.22690430e+00, 4.09367902e+01, 4.05668841e+01, 4.05668841e+01, 4.02003205e+01, 3.30605689e+01, 6.75326415e+01, 8.56854394e-30
9.37440879e-03, 4.05228964e-03, 9.90712655e-01, 9.31000664e-03, 9.40826332e-01, 9.35354420e-03, 3.22664945e+00, 4.20941254e+01, 4.17031827e+01, 4.17031827e+01, 4.13158709e+01, 3.31211075e+01, 6.75409152e+01, 8.57064361e-30
9.63757866e-03, 4.16550662e-03, 9.90454418e-01, 9.56952057e-03, 9.40566818e-01, 9.61552507e-03, 3.22638747e+00, 4.32844107e+01, 4.28712358e+01, 4.28712358e+01, 4.24620049e+01, 3.31816575e+01, 6.75494245e+01, 8.57280333e-30
9.90813657e-03, 4.28187121e-03, 9.90189071e-01, 9.83621532e-03, 9.40300123e-01, 9.88482619e-03, 3.22611816e+00, 4.45085972e+01, 4.40719265e+01, 4.40719265e+01, 4.36395400e+01, 3.32422195e+01, 6.75581762e+01, 8.57502485e-30
1.01862899e-02, 4.40147004e-03, 9.89916424e-01, 1.01102866e-02, 9.40026052e-01, 1.01616511e-02, 3.22584134e+00, 4.57676640e+01, 4.53061623e+01, 4.53061623e+01, 4.48493142e+01, 3.33027937e+01, 6.75671773e+01, 8.57730998e-30
1.04722519e-02, 4.52439206e-03, 9.89636280e-01, 1.03919351e-02, 9.39744403e-01, 1.04462089e-02, 3.22555678e+00, 4.70626194e+01, 4.65748756e+01, 4.65748756e+01, 4.60921866e+01, 3.33633805e+01, 6.75764349e+01, 8.57966057e-30
1.07662418e-02, 4.65072864e-03, 9.89348436e-01, 1.06813672e-02, 9.39454971e-01, 1.07387145e-02, 3.22526428e+00, 4.83945017e+01, 4.78790246e+01, 4.78790246e+01, 4.73690381e+01, 3.34239801e+01, 6.75859567e+01, 8.58207854e-30
1.10684849e-02, 4.78057359e-03, 9.89052685e-01, 1.09787943e-02, 9.39157544e-01, 1.10393887e-02, 3.22496360e+00, 4.97643800e+01, 4.92195936e+01, 4.92195936e+01, 4.86807713e+01, 3.34845930e+01, 6.75957501e+01, 8.58456586e-30
1.13792129e-02, 4.91402325e-03, 9.88748817e-01, 1.12844336e-02, 9.38851905e-01, 1.13484584e-02, 3.22465453e+00, 5.11733551e+01, 5.05975943e+01, 5.05975943e+01, 5.00283115e+01, 3.35452195e+01, 6.76058230e+01, 8.58712455e-30
1.16986641e-02, 5.05117654e-03, 9.88436612e-01, 1.15985077e-02, 9.38537831e-01, 1.16661567e-02, 3.22433683e+00, 5.26225609e+01, 5.20140658e+01, 5.20140658e+01, 5.14126070e+01, 3.36058599e+01, 6.76161836e+01, 8.58975672e-30
1.20270833e-02, 5.19213502e-03, 9.88115848e-01, 1.19212455e-02, 9.38215093e-01, 1.19927230e-02, 3.22401027e+00, 5.41131650e+01, 5.34700759e+01, 5.34700759e+01, 5.28346294e+01, 3.36665147e+01, 6.76268403e+01, 8.59246451e-30
1.23647224e-02, 5.33700299e-03, 9.87786297e-01, 1.22528813e-02, 9.37883457e-01, 1.23284034e-02, 3.22367459e+00, 5.56463699e+01, 5.49667217e+01, 5.49667217e+01, 5.42953744e+01, 3.37271842e+01, 6.76378016e+01, 8.59525015e-30
1.27118400e-02, 5.48588750e-03, 9.87447723e-01, 1.25936559e-02, 9.37542682e-01, 1.26734508e-02, 3.22332954e+00, 5.72234144e+01, 5.65051302e+01, 5.65051302e+01, 5.57958622e+01, 3.37878688e+01, 6.76490763e+01, 8.59811593e-30
1.30687023e-02, 5.63889849e-03, 9.87099885e-01, 1.29438162e-02, 9.37192522e-01, 1.30281247e-02, 3.22297487e+00, 5.88455742e+01, 5.80864595e+01, 5.80864595e+01, 5.73371375e+01, 3.38485690e+01, 6.76606737e+01, 8.60106421e-30
1.34355829e-02, 5.79614881e-03, 9.86742539e-01, 1.33036156e-02, 9.36832723e-01, 1.33926922e-02, 3.22261030e+00, 6.05141634e+01, 5.97118992e+01, 5.97118992e+01, 5.89202710e+01, 3.39092852e+01, 6.76726031e+01, 8.60409742e-30
1.38127630e-02, 5.95775431e-03, 9.86375430e-01, 1.36733137e-02, 9.36463025e-01, 1.37674272e-02, 3.22223556e+00, 6.22305357e+01, 6.13826715e+01, 6.13826715e+01, 6.05463589e+01, 3.39700177e+01, 6.76848743e+01, 8.60721808e-30
1.42005318e-02, 6.12383394e-03, 9.85998300e-01, 1.40531773e-02, 9.36083161e-01, 1.41526113e-02, 3.22185038e+00, 6.39960858e+01, 6.31000318e+01, 6.31000318e+01, 6.22165241e+01, 3.40307671e+01, 6.76974971e+01, 8.61042877e-30
1.45991865e-02, 6.29450978e-03, 9.85610883e-01, 1.44434797e-02, 9.35692859e-01, 1.45485340e-02, 3.22145446e+00, 6.58122503e+01, 6.48652701e+01, 6.48652701e+01, 6.39319162e+01, 3.40915337e+01, 6.77104819e+01, 8.61373215e-30
1.50090328e-02, 6.46990713e-03, 9.85212907e-01, 1.48445012e-02, 9.35291837e-01, 1.49554923e-02, 3.22104750e+00, 6.76805094e+01, 6.66797114e+01, 6.66797114e+01, 6.56937123e+01, 3.41523181e+01, 6.77238392e+01, 8.61713097e-30
1.54303847e-02, 6.65015464e-03, 9.84804094e-01, 1.52565295e-02, 9.34879809e-01, 1.53737915e-02, 3.22062920e+00, 6.96023881e+01, 6.85447167e+01, 6.85447167e+01, 6.75031177e+01, 3.42131207e+01, 6.77375801e+01, 8.62062807e-30
1.58635653e-02, 6.83538432e-03, 9.84384158e-01, 1.56798595e-02, 9.34456479e-01, 1.58037453e-02, 3.22019925e+00, 7.15794578e+01, 7.04616843e+01, 7.04616843e+01, 6.93613657e+01, 3.42739420e+01, 6.77517156e+01, 8.62422638e-30
1.63089068e-02, 7.02573168e-03, 9.83952805e-01, 1.61147934e-02, 9.34021545e-01, 1.62456757e-02, 3.21975731e+00, 7.36133378e+01, 7.24320503e+01, 7.24320503e+01, 7.12697191e+01, 3.43347826e+01, 6.77662575e+01, 8.62792890e-30
1.67667503e-02, 7.22133576e-03, 9.83509738e-01, 1.65616415e-02, 9.33574697e-01, 1.66999137e-02, 3.21930308e+00, 7.57056966e+01, 7.44572899e+01, 7.44572899e+01, 7.32294696e+01, 3.43956428e+01, 6.77812177e+01, 8.63173875e-30
1.72374471e-02, 7.42233928e-03, 9.83054648e-01, 1.70207215e-02, 9.33115617e-01, 1.71667990e-02, 3.21883619e+00, 7.78582539e+01, 7.65389184e+01, 7.65389184e+01, 7.52419394e+01, 3.44565233e+01, 6.77966084e+01, 8.63565913e-30
1.77213578e-02, 7.62888867e-03, 9.82587220e-01, 1.74923594e-02, 9.32643979e-01, 1.76466808e-02, 3.21835631e+00, 8.00727818e+01, 7.86784921e+01, 7.86784921e+01, 7.73084809e+01, 3.45174246e+01, 6.78124425e+01, 8.63969335e-30
1.82188534e-02, 7.84113421e-03, 9.82107134e-01, 1.79768891e-02, 9.32159449e-01, 1.81399176e-02, 3.21786307e+00, 8.23511070e+01, 8.08776097e+01, 8.08776097e+01, 7.94304775e+01, 3.45783472e+01, 6.78287329e+01, 8.64384482e-30
1.87303154e-02, 8.05923009e-03, 9.81614059e-01, 1.84746531e-02, 9.31661685e-01, 1.86468776e-02, 3.21735611e+00, 8.46951121e+01, 8.31379128e+01, 8.31379128e+01, 8.16093441e+01, 3.46392917e+01, 6.78454931e+01, 8.64811708e-30
1.92561357e-02, 8.28333450e-03, 9.81107658e-01, 1.89860024e-02, 9.31150336e-01, 1.91679390e-02, 3.21683505e+00, 8.71067380e+01, 8.54610877e+01, 8.54610877e+01, 8.38465276e+01, 3.47002588e+01, 6.78627371e+01, 8.65251374e-30
1.97967175e-02, 8.51360975e-03, 9.80587585e-01, 1.95112965e-02, 9.30625042e-01, 1.97034902e-02, 3.21629950e+00, 8.95879851e+01, 8.78488660e+01, 8.78488660e+01, 8.61435073e+01, 3.47612488e+01, 6.78804791e+01, 8.65703857e-30
2.03524752e-02, 8.75022235e-03, 9.80053486e-01, 2.00509040e-02, 9.30085434e-01, 2.02539301e-02, 3.21574906e+00, 9.21409162e+01, 9.03030261e+01, 9.03030261e+01, 8.85017955e+01, 3.48222626e+01, 6.78987341e+01, 8.66169542e-30
2.09238348e-02, 8.99334311e-03, 9.79504999e-01, 2.06052025e-02, 9.29531136e-01, 2.08196682e-02, 3.21518332e+00, 9.47676576e+01, 9.28253944e+01, 9.28253944e+01, 9.09229378e+01, 3.48833007e+01, 6.79175171e+01, 8.66648830e-30
2.15112343e-02, 9.24314725e-03, 9.78941755e-01, 2.11745789e-02, 9.28961759e-01, 2.14011254e-02, 3.21460187e+00, 9.74704018e+01, 9.54178462e+01, 9.54178462e+01, 9.34085138e+01, 3.49443638e+01, 6.79368439e+01, 8.67142133e-30
2.21151240e-02, 9.49981449e-03, 9.78363373e-01, 2.17594295e-02, 9.28376909e-01, 2.19987334e-02, 3.21400426e+00, 1.00251410e+02, 9.80823074e+01, 9.80823074e+01, 9.59601371e+01, 3.50054524e+01, 6.79567307e+01, 8.67649876e-30
2.27359668e-02, 9.76352916e-03, 9.77769466e-01, 2.23601602e-02, 9.27776178e-01, 2.26129358e-02, 3.21339005e+00, 1.03113013e+02, 1.00820756e+02, 1.00820756e+02, 9.85794563e+01, 3.50665674e+01, 6.79771943e+01, 8.68172498e-30
2.33742387e-02, 1.00344803e-02, 9.77159637e-01, 2.29771869e-02, 9.27159151e-01, 2.32441880e-02, 3.21275880e+00, 1.06057616e+02, 1.03635221e+02, 1.03635221e+02, 1.01268155e+02, 3.51277093e+01, 6.79982518e+01, 8.68710455e-30
2.40304289e-02, 1.03128618e-02, 9.76533482e-01, 2.36109353e-02, 9.26525403e-01, 2.38929577e-02, 3.21211003e+00, 1.09087697e+02, 1.06527789e+02, 1.06527789e+02, 1.04027953e+02, 3.51888789e+01, 6.80199210e+01, 8.69264213e-30
2.47050406e-02, 1.05988725e-02, 9.75890584e-01, 2.42618414e-02, 9.25874497e-01, 2.45597249e-02, 3.21144327e+00, 1.12205816e+02, 1.09500599e+02, 1.09500599e+02, 1.06860604e+02, 3.52500768e+01, 6.80422204e+01, 8.69834258e-30
2.53985907e-02, 1.08927162e-02, 9.75230519e-01, 2.49303517e-02, 9.25205987e-01, 2.52449825e-02, 3.21075801e+00, 1.15414610e+02, 1.12555850e+02, 1.12555850e+02, 1.09767900e+02, 3.53113039e+01, 6.80651687e+01, 8.70421089e-30
2.61116110e-02, 1.11946019e-02, 9.74552855e-01, 2.56169231e-02, 9.24519415e-01, 2.59492366e-02, 3.21005375e+00, 1.18716801e+02, 1.15695798e+02, 1.15695798e+02, 1.12751670e+02, 3.53725609e+01, 6.80887856e+01, 8.71025222e-30
2.68446481e-02, 1.15047439e-02, 9.73857148e-01, 2.63220234e-02, 9.23814315e-01, 2.66730066e-02, 3.20932998e+00, 1.22115197e+02, 1.18922758e+02, 1.18922758e+02, 1.15813777e+02, 3.54338486e+01, 6.81130912e+01, 8.71647191e-30
2.75982639e-02, 1.18233619e-02, 9.73142944e-01, 2.70461314e-02, 9.23090207e-01, 2.74168258e-02, 3.20858616e+00, 1.25612695e+02, 1.22239108e+02, 1.22239108e+02, 1.18956125e+02, 3.54951677e+01, 6.81381063e+01, 8.72287547e-30
2.83730362e-02, 1.21506810e-02, 9.72409782e-01, 2.77897370e-02, 9.22346601e-01, 2.81812417e-02, 3.20782175e+00, 1.29212284e+02, 1.25647289e+02, 1.25647289e+02, 1.22180653e+02, 3.55565190e+01, 6.81638523e+01, 8.72946859e-30
2.91695588e-02, 1.24869320e-02, 9.71657189e-01, 2.85533415e-02, 9.21582997e-01, 2.89668160e-02, 3.20703617e+00, 1.32917049e+02, 1.29149806e+02, 1.29149806e+02, 1.25489338e+02, 3.56179035e+01, 6.81903514e+01, 8.73625718e-30
2.99884423e-02, 1.28323514e-02, 9.70884681e-01, 2.93374577e-02, 9.20798881e-01, 2.97741256e-02, 3.20622886e+00, 1.36730174e+02, 1.32749231e+02, 1.32749231e+02, 1.28884195e+02, 3.56793218e+01, 6.82176264e+01, 8.74324730e-30
3.08303146e-02, 1.31871818e-02, 9.70091766e-01, 3.01426103e-02, 9.19993728e-01, 3.06037623e-02, 3.20539923e+00, 1.40654943e+02, 1.36448202e+02, 1.36448202e+02, 1.32367278e+02, 3.57407750e+01, 6.82457010e+01, 8.75044525e-30
3.16958209e-02, 1.35516713e-02, 9.69277940e-01, 3.09693358e-02, 9.19167002e-01, 3.14563337e-02, 3.20454666e+00, 1.44694749e+02, 1.40249429e+02, 1.40249429e+02, 1.35940677e+02, 3.58022639e+01, 6.82745995e+01, 8.75785755e-30
3.25856248e-02, 1.39260747e-02, 9.68442690e-01, 3.18181827e-02, 9.18318156e-01, 3.23324631e-02, 3.20367053e+00, 1.48853093e+02, 1.44155690e+02, 1.44155690e+02, 1.39606524e+02, 3.58637893e+01, 6.83043472e+01, 8.76549090e-30
3.35004083e-02, 1.43106525e-02, 9.67585491e-01, 3.26897121e-02, 9.17446626e-01, 3.32327903e-02, 3.20277020e+00, 1.53133588e+02, 1.48169838e+02, 1.48169838e+02, 1.43366985e+02, 3.59253523e+01, 6.83349698e+01, 8.77335228e-30
3.44408728e-02, 1.47056720e-02, 9.66705808e-01, 3.35844973e-02, 9.16551841e-01, 3.41579718e-02, 3.20184502e+00, 1.57539966e+02, 1.52294800e+02, 1.52294800e+02, 1.47224267e+02, 3.59869537e+01, 6.83664944e+01, 8.78144887e-30
3.54077391e-02, 1.51114068e-02, 9.65803096e-01, 3.45031244e-02, 9.15633214e-01, 3.51086812e-02, 3.20089431e+00, 1.62076079e+02, 1.56533579e+02, 1.56533579e+02, 1.51180615e+02, 3.60485946e+01, 6.83989486e+01, 8.78978811e-30
3.64017485e-02, 1.55281370e-02, 9.64876798e-01, 3.54461923e-02, 9.14690146e-01, 3.60856096e-02, 3.19991738e+00, 1.66745907e+02, 1.60889257e+02, 1.60889257e+02, 1.55238311e+02, 3.61102759e+01, 6.84323611e+01, 8.79837772e-30
3.74236629e-02, 1.59561497e-02, 9.63926345e-01, 3.64143129e-02, 9.13722025e-01, 3.70894661e-02, 3.19891352e+00, 1.71553558e+02, 1.65364994e+02, 1.65364994e+02, 1.59399674e+02, 3.61719986e+01, 6.84667614e+01, 8.80722567e-30
3.84742658e-02, 1.63957388e-02, 9.62951161e-01, 3.74081113e-02, 9.12728227e-01, 3.81209779e-02, 3.19788201e+00, 1.76503276e+02, 1.69964034e+02, 1.69964034e+02, 1.63667064e+02, 3.62337639e+01, 6.85021800e+01, 8.81634019e-30
3.95543624e-02, 1.68472053e-02, 9.61950655e-01, 3.84282258e-02, 9.11708112e-01, 3.91808913e-02, 3.19682210e+00, 1.81599444e+02, 1.74689704e+02, 1.74689704e+02, 1.68042876e+02, 3.62955726e+01, 6.85386487e+01, 8.82572983e-30
4.06647809e-02, 1.73108570e-02, 9.60924227e-01, 3.94753083e-02, 9.10661030e-01, 4.02699717e-02, 3.19573302e+00, 1.86846592e+02, 1.79545416e+02, 1.79545416e+02, 1.72529541e+02, 3.63574259e+01, 6.85761999e+01, 8.83540343e-30
4.18063724e-02, 1.77870096e-02, 9.59871264e-01, 4.05500242e-02, 9.09586314e-01, 4.13890041e-02, 3.19461399e+00, 1.92249396e+02, 1.84534671e+02, 1.84534671e+02, 1.77129528e+02, 3.64193249e+01, 6.86148675e+01, 8.84537015e-30
4.29800121e-02, 1.82759856e-02, 9.58791145e-01, 4.16530529e-02, 9.08483285e-01, 4.25387934e-02, 3.19346420e+00, 1.97812691e+02, 1.89661057e+02, 1.89661057e+02, 1.81845342e+02, 3.64812708e+01, 6.86546862e+01, 8.85563946e-30
4.41865996e-02, 1.87781154e-02, 9.57683234e-01, 4.27850874e-02, 9.07351251e-01, 4.37201656e-02, 3.19228282e+00, 2.03541472e+02, 1.94928255e+02, 1.94928255e+02, 1.86679522e+02, 3.65432646e+01, 6.86956922e+01, 8.86622118e-30
4.54270599e-02, 1.92937372e-02, 9.56546887e-01, 4.39468349e-02, 9.06189503e-01, 4.49339670e-02, 3.19106902e+00, 2.09440901e+02, 2.00340042e+02, 2.00340042e+02, 1.91634643e+02, 3.66053075e+01, 6.87379226e+01, 8.87712549e-30
4.67023439e-02, 1.98231967e-02, 9.55381447e-01, 4.51390165e-02, 9.04997322e-01, 4.61810659e-02, 3.18982192e+00, 2.15516312e+02, 2.05900286e+02, 2.05900286e+02, 1.96713314e+02, 3.66674007e+01, 6.87814161e+01, 8.88836293e-30
4.80134292e-02, 2.03668477e-02, 9.54186246e-01, 4.63623678e-02, 9.03773970e-01, 4.74623523e-02, 3.18854064e+00, 2.21773221e+02, 2.11612957e+02, 2.11612957e+02, 2.01918174e+02, 3.67295455e+01, 6.88262124e+01, 8.89994443e-30
4.93613210e-02, 2.09250522e-02, 9.52960606e-01, 4.76176386e-02, 9.02518700e-01, 4.87787386e-02, 3.18722425e+00, 2.28217328e+02, 2.17482123e+02, 2.17482123e+02, 2.07251896e+02, 3.67917431e+01, 6.88723528e+01, 8.91188129e-30
5.07470524e-02, 2.14981804e-02, 9.51703836e-01, 4.89055929e-02, 9.01230745e-01, 5.01311602e-02, 3.18587183e+00, 2.34854526e+02, 2.23511953e+02, 2.23511953e+02, 2.12717183e+02, 3.68539947e+01, 6.89198799e+01, 8.92418528e-30
5.21716858e-02, 2.20866106e-02, 9.50415235e-01, 5.02270095e-02, 8.99909329e-01, 5.15205757e-02, 3.18448241e+00, 2.41690910e+02, 2.29706723e+02, 2.29706723e+02, 2.18316769e+02, 3.69163016e+01, 6.89688379e+01, 8.93686856e-30
5.36363132e-02, 2.26907300e-02, 9.49094092e-01, 5.15826814e-02, 8.98553657e-01, 5.29479678e-02, 3.18305502e+00, 2.48732780e+02, 2.36070812e+02, 2.36070812e+02, 2.24053413e+02, 3.69786651e+01, 6.90192723e+01, 8.94994375e-30
5.51420574e-02, 2.33109341e-02, 9.47739684e-01, 5.29734163e-02, 8.97162922e-01, 5.44143432e-02, 3.18158865e+00, 2.55986654e+02, 2.42608710e+02, 2.42608710e+02, 2.29929903e+02, 3.70410866e+01, 6.90712304e+01, 8.96342395e-30
5.66900727e-02, 2.39476274e-02, 9.46351277e-01, 5.44000363e-02, 8.95736302e-01, 5.59207338e-02, 3.18008226e+00, 2.63459272e+02, 2.49325018e+02, 2.49325018e+02, 2.35949049e+02, 3.71035674e+01, 6.91247610e+01, 8.97732276e-30
5.82815458e-02, 2.46012230e-02, 9.44928128e-01, 5.58633782e-02, 8.94272960e-01, 5.74681966e-02, 3.17853479e+00, 2.71157605e+02, 2.56224448e+02, 2.56224448e+02, 2.42113688e+02, 3.71661089e+01, 6.91799148e+01, 8.99165426e-30
5.99176967e-02, 2.52721433e-02, 9.43469482e-01, 5.73642932e-02, 8.92772045e-01, 5.90578146e-02, 3.17694518e+00, 2.79088868e+02, 2.63311829e+02, 2.63311829e+02, 2.48426675e+02, 3.72287126e+01, 6.92367441e+01, 9.00643310e-30
6.15997796e-02, 2.59608197e-02, 9.41974574e-01, 5.89036471e-02, 8.91232691e-01, 6.06906972e-02, 3.17531229e+00, 2.87260521e+02, 2.70592107e+02, 2.70592107e+02, 2.54890885e+02, 3.72913797e+01, 6.92953032e+01, 9.02167447e-30
6.33290840e-02, 2.66676928e-02, 9.40442630e-01, 6.04823199e-02, 8.89654018e-01, 6.23679804e-02, 3.17363501e+00, 2.95680287e+02, 2.78070347e+02, 2.78070347e+02, 2.61509208e+02, 3.73541119e+01, 6.93556482e+01, 9.03739415e-30
6.51069356e-02, 2.73932126e-02, 9.38872865e-01, 6.21012063e-02, 8.88035132e-01, 6.40908277e-02, 3.17191216e+00, 3.04356157e+02, 2.85751737e+02, 2.85751737e+02, 2.68284552e+02, 3.74169105e+01, 6.94178373e+01, 9.05360852e-30
6.69346971e-02, 2.81378388e-02, 9.37264486e-01, 6.37612148e-02, 8.86375123e-01, 6.58604307e-02, 3.17014256e+00, 3.13296399e+02, 2.93641588e+02, 2.93641588e+02, 2.75219832e+02, 3.74797770e+01, 6.94819307e+01, 9.07033461e-30
6.88137699e-02, 2.89020403e-02, 9.35616689e-01, 6.54632683e-02, 8.84673070e-01, 6.76780090e-02, 3.16832498e+00, 3.22509575e+02, 3.01745340e+02, 3.01745340e+02, 2.82317976e+02, 3.75427131e+01, 6.95479908e+01, 9.08759010e-30
7.07455942e-02, 2.96862961e-02, 9.33928662e-01, 6.72083034e-02, 8.82928035e-01, 6.95448114e-02, 3.16645818e+00, 3.32004544e+02, 3.10068559e+02, 3.10068559e+02, 2.89581915e+02, 3.76057201e+01, 6.96160823e+01, 9.10539336e-30
7.27316511e-02, 3.04910947e-02, 9.32199585e-01, 6.89972706e-02, 8.81139068e-01, 7.14621158e-02, 3.16454087e+00, 3.41790481e+02, 3.18616944e+02, 3.18616944e+02, 2.97014583e+02, 3.76687998e+01, 6.96862722e+01, 9.12376352e-30
7.47734631e-02, 3.13169348e-02, 9.30428629e-01, 7.08311337e-02, 8.79305205e-01, 7.34312301e-02, 3.16257176e+00, 3.51876883e+02, 3.27396326e+02, 3.27396326e+02, 3.04618915e+02, 3.77319537e+01, 6.97586300e+01, 9.14272043e-30
7.68725952e-02, 3.21643250e-02, 9.28614958e-01, 7.27108700e-02, 8.77425468e-01, 7.54534927e-02, 3.16054950e+00, 3.62273587e+02, 3.36412672e+02, 3.36412672e+02, 3.12397839e+02, 3.77951834e+01, 6.98332277e+01, 9.16228476e-30
7.90306568e-02, 3.30337838e-02, 9.26757728e-01, 7.46374695e-02, 8.75498869e-01, 7.75302727e-02, 3.15847272e+00, 3.72990777e+02, 3.45672085e+02, 3.45672085e+02, 3.20354276e+02, 3.78584905e+01, 6.99101399e+01, 9.18247799e-30
8.12493021e-02, 3.39258402e-02, 9.24856088e-01, 7.66119349e-02, 8.73524403e-01, 7.96629705e-02, 3.15634002e+00, 3.84039004e+02, 3.55180811e+02, 3.55180811e+02, 3.28491135e+02, 3.79218767e+01, 6.99894439e+01, 9.20332249e-30
8.35302320e-02, 3.48410332e-02, 9.22909182e-01, 7.86352811e-02, 8.71501057e-01, 8.18530184e-02, 3.15414997e+00, 3.95429195e+02, 3.64945235e+02, 3.64945235e+02, 3.36811308e+02, 3.79853437e+01, 7.00712202e+01, 9.22484152e-30
8.58751948e-02, 3.57799125e-02, 9.20916146e-01, 8.07085349e-02, 8.69427803e-01, 8.41018811e-02, 3.15190111e+00, 4.07172670e+02, 3.74971886e+02, 3.74971886e+02, 3.45317665e+02, 3.80488931e+01, 7.01555518e+01, 9.24705931e-30
8.82859884e-02, 3.67430377e-02, 9.18876114e-01, 8.28327343e-02, 8.67303604e-01, 8.64110556e-02, 3.14959193e+00, 4.19281158e+02, 3.85267441e+02, 3.85267441e+02, 3.54013049e+02, 3.81125267e+01, 7.02425251e+01, 9.27000109e-30
9.07644607e-02, 3.77309793e-02, 9.16788212e-01, 8.50089285e-02, 8.65127410e-01, 8.87820725e-02, 3.14722092e+00, 4.31766811e+02, 3.95838723e+02, 3.95838723e+02, 3.62900275e+02, 3.81762463e+01, 7.03322299e+01, 9.29369311e-30
9.33125118e-02, 3.87443182e-02, 9.14651565e-01, 8.72381768e-02, 8.62898161e-01, 9.12164957e-02, 3.14478649e+00, 4.44642222e+02, 4.06692705e+02, 4.06692705e+02, 3.71982119e+02, 3.82400535e+01, 7.04247589e+01, 9.31816274e-30
9.59320948e-02, 3.97836456e-02, 9.12465293e-01, 8.95215482e-02, 8.60614790e-01, 9.37159231e-02, 3.14228707e+00, 4.57920442e+02, 4.17836510e+02, 4.17836510e+02, 3.81261314e+02, 3.83039502e+01, 7.05202087e+01, 9.34343851e-30
9.86252179e-02, 4.08495636e-02, 9.10228514e-01, 9.18601210e-02, 8.58276217e-01, 9.62819870e-02, 3.13972100e+00, 4.71614996e+02, 4.29277418e+02, 4.29277418e+02, 3.90740546e+02, 3.83679380e+01, 7.06186795e+01, 9.36955011e-30
1.01393946e-01, 4.19426849e-02, 9.07940346e-01, 9.42549816e-02, 8.55881357e-01, 9.89163545e-02, 3.13708664e+00, 4.85739907e+02, 4.41022859e+02, 4.41022859e+02, 4.00422447e+02, 3.84320189e+01, 7.07202752e+01, 9.39652855e-30
1.04240401e-01, 4.30636326e-02, 9.05599903e-01, 9.67072243e-02, 8.53429114e-01, 1.01620728e-01, 3.13438226e+00, 5.00309709e+02, 4.53080424e+02, 4.53080424e+02, 4.10309588e+02, 3.84961947e+01, 7.08251037e+01, 9.42440612e-30
1.07166765e-01, 4.42130406e-02, 9.03206303e-01, 9.92179502e-02, 8.50918388e-01, 1.04396844e-01, 3.13160615e+00, 5.15339470e+02, 4.65457857e+02, 4.65457857e+02, 4.20404470e+02, 3.85604670e+01, 7.09332773e+01, 9.45321652e-30
1.10175281e-01, 4.53915533e-02, 9.00758661e-01, 1.01788266e-01, 8.48348072e-01, 1.07246476e-01, 3.12875651e+00, 5.30844816e+02, 4.78163065e+02, 4.78163065e+02, 4.30709523e+02, 3.86248379e+01, 7.10449122e+01, 9.48299492e-30
1.13268257e-01, 4.65998259e-02, 8.98256098e-01, 1.04419284e-01, 8.45717054e-01, 1.10171433e-01, 3.12583156e+00, 5.46841947e+02, 4.91204113e+02, 4.91204113e+02, 4.41227090e+02, 3.86893091e+01, 7.11601295e+01, 9.51377801e-30
1.16448062e-01, 4.78385241e-02, 8.95697735e-01, 1.07112120e-01, 8.43024218e-01, 1.13173560e-01, 3.12282943e+00, 5.63347665e+02, 5.04589227e+02, 5.04589227e+02, 4.51959428e+02, 3.87538825e+01, 7.12790548e+01, 9.54560411e-30
1.19717134e-01, 4.91083240e-02, 8.93082699e-01, 1.09867893e-01, 8.40268445e-01, 1.16254738e-01, 3.11974825e+00, 5.80379394e+02, 5.18326795e+02, 5.18326795e+02, 4.62908693e+02, 3.88185599e+01, 7.14018187e+01, 9.57851320e-30
1.23077980e-01, 5.04099123e-02, 8.90410121e-01, 1.12687724e-01, 8.37448614e-01, 1.19416886e-01, 3.11658610e+00, 5.97955207e+02, 5.32425368e+02, 5.32425368e+02, 4.74076936e+02, 3.88833433e+01, 7.15285569e+01, 9.61254708e-30
1.26533176e-01, 5.17439860e-02, 8.87679139e-01, 1.15572734e-01, 8.34563604e-01, 1.22661957e-01, 3.11334103e+00, 6.16093850e+02, 5.46893659e+02, 5.46893659e+02, 4.85466092e+02, 3.89482344e+01, 7.16594103e+01, 9.64774939e-30
1.30085370e-01, 5.31112527e-02, 8.84888900e-01, 1.18524044e-01, 8.31612294e-01, 1.25991943e-01, 3.11001105e+00, 6.34814771e+02, 5.61740544e+02, 5.61740544e+02, 4.97077972e+02, 3.90132351e+01, 7.17945257e+01, 9.68416577e-30
1.33737286e-01, 5.45124297e-02, 8.82038557e-01, 1.21542772e-01, 8.28593567e-01, 1.29408870e-01, 3.10659412e+00, 6.54138142e+02, 5.76975064e+02, 5.76975064e+02, 5.08914253e+02, 3.90783474e+01, 7.19340553e+01, 9.72184389e-30
1.37491723e-01, 5.59482450e-02, 8.79127276e-01, 1.24630033e-01, 8.25506306e-01, 1.32914803e-01, 3.10308819e+00, 6.74084897e+02, 5.92606419e+02, 5.92606419e+02, 5.20976467e+02, 3.91435730e+01, 7.20781578e+01, 9.76083363e-30
1.41351558e-01, 5.74194362e-02, 8.76154234e-01, 1.27786937e-01, 8.22349401e-01, 1.36511843e-01, 3.09949115e+00, 6.94676750e+02, 6.08643976e+02, 6.08643976e+02, 5.33265996e+02, 3.92089138e+01, 7.22269979e+01, 9.80118715e-30
1.45319752e-01, 5.89267507e-02, 8.73118619e-01, 1.31014588e-01, 8.19121751e-01, 1.40202125e-01, 3.09580087e+00, 7.15936238e+02, 6.25097259e+02, 6.25097259e+02, 5.45784055e+02, 3.92743717e+01, 7.23807472e+01, 9.84295904e-30
1.49399346e-01, 6.04709458e-02, 8.70019635e-01, 1.34314080e-01, 8.15822259e-01, 1.43987822e-01, 3.09201517e+00, 7.37886742e+02, 6.41975954e+02, 6.41975954e+02, 5.58531686e+02, 3.93399485e+01, 7.25395839e+01, 9.88620642e-30
1.53593468e-01, 6.20527881e-02, 8.66856504e-01, 1.37686498e-01, 8.12449840e-01, 1.47871143e-01, 3.08813185e+00, 7.60552531e+02, 6.59289908e+02, 6.59289908e+02, 5.71509744e+02, 3.94056461e+01, 7.27036936e+01, 9.93098908e-30
1.57905331e-01, 6.36730536e-02, 8.63628462e-01, 1.41132915e-01, 8.09003423e-01, 1.51854330e-01, 3.08414866e+00, 7.83958786e+02, 6.77049120e+02, 6.77049120e+02, 5.84718890e+02, 3.94714662e+01, 7.28732695e+01, 9.97736967e-30
1.62338243e-01, 6.53325272e-02, 8.60334766e-01, 1.44654390e-01, 8.05481948e-01, 1.55939662e-01, 3.08006333e+00, 8.08131644e+02, 6.95263749e+02, 6.95263749e+02, 5.98159574e+02, 3.95374106e+01, 7.30485124e+01, 1.00254138e-29
1.66895601e-01, 6.70320026e-02, 8.56974693e-01, 1.48251965e-01, 8.01884373e-01, 1.60129450e-01, 3.07587354e+00, 8.33098232e+02, 7.13944102e+02, 7.13944102e+02, 6.11832028e+02, 3.96034811e+01, 7.32296314e+01, 1.00751901e-29
1.71580899e-01, 6.87722823e-02, 8.53547545e-01, 1.51926666e-01, 7.98209673e-01, 1.64426041e-01, 3.07157695e+00, 8.58886705e+02, 7.33100639e+02, 7.33100639e+02, 6.25736250e+02, 3.96696794e+01, 7.34168444e+01, 1.01267708e-29
1.76397728e-01, 7.05541769e-02, 8.50052645e-01, 1.55679495e-01, 7.94456843e-01, 1.68831812e-01, 3.06717118e+00, 8.85526286e+02, 7.52743961e+02, 7.52743961e+02, 6.39871995e+02, 3.97360073e+01, 7.36103779e+01, 1.01802314e-29
1.81349780e-01, 7.23785049e-02, 8.46489343e-01, 1.59511435e-01, 7.90624904e-01, 1.73349174e-01, 3.06265382e+00, 9.13047308e+02, 7.72884816e+02, 7.72884816e+02, 6.54238761e+02, 3.98024664e+01, 7.38104679e+01, 1.02356510e-29
1.86440853e-01, 7.42460926e-02, 8.42857018e-01, 1.63423441e-01, 7.86712898e-01, 1.77980568e-01, 3.05802242e+00, 9.41481258e+02, 7.93534086e+02, 7.93534086e+02, 6.68835774e+02, 3.98690584e+01, 7.40173601e+01, 1.02931129e-29
1.91674849e-01, 7.61577735e-02, 8.39155077e-01, 1.67416441e-01, 7.82719897e-01, 1.82728464e-01, 3.05327453e+00, 9.70860819e+02, 8.14702786e+02, 8.14702786e+02, 6.83661979e+02, 3.99357849e+01, 7.42313104e+01, 1.03527043e-29
1.97055780e-01, 7.81143880e-02, 8.35382959e-01, 1.71491334e-01, 7.78645004e-01, 1.87595361e-01, 3.04840763e+00, 1.00121992e+03, 8.36402057e+02, 8.36402057e+02, 6.98716026e+02, 4.00026474e+01, 7.44525854e+01, 1.04145167e-29
2.02587771e-01, 8.01167833e-02, 8.31540137e-01, 1.75648984e-01, 7.74487354e-01, 1.92583785e-01, 3.04341921e+00, 1.03259377e+03, 8.58643163e+02, 8.58643163e+02, 7.13996254e+02, 4.00696475e+01, 7.46814627e+01, 1.04786464e-29
2.08275063e-01, 8.21658124e-02, 8.27626118e-01, 1.79890220e-01, 7.70246119e-01, 1.97696288e-01, 3.03830670e+00, 1.06501893e+03, 8.81437481e+02, 8.81437481e+02, 7.29500680e+02, 4.01367866e+01, 7.49182314e+01, 1.05451943e-29
2.14122015e-01, 8.42623342e-02, 8.23640447e-01, 1.84215831e-01, 7.65920507e-01, 2.02935446e-01, 3.03306754e+00, 1.09853334e+03, 9.04796492e+02, 9.04796492e+02, 7.45226987e+02, 4.02040662e+01, 7.51631930e+01, 1.06142667e-29
2.20133111e-01, 8.64072127e-02, 8.19582709e-01, 1.88626567e-01, 7.61509771e-01, 2.08303855e-01, 3.02769913e+00, 1.13317639e+03, 9.28731779e+02, 9.28731779e+02, 7.61172507e+02, 4.02714876e+01, 7.54166612e+01, 1.06859751e-29
2.26312957e-01, 8.86013169e-02, 8.15452527e-01, 1.93123130e-01, 7.57013208e-01, 2.13804135e-01, 3.02219886e+00, 1.16898897e+03, 9.53255013e+02, 9.53255013e+02, 7.77334210e+02, 4.03390521e+01, 7.56789633e+01, 1.07604368e-29
2.32666291e-01, 9.08455198e-02, 8.11249571e-01, 1.97706174e-01, 7.52430164e-01, 2.19438919e-01, 3.01656407e+00, 1.20601351e+03, 9.78377945e+02, 9.78377945e+02, 7.93708688e+02, 4.04067609e+01, 7.59504401e+01, 1.08377753e-29
2.39197984e-01, 9.31406982e-02, 8.06973553e-01, 2.02376305e-01, 7.47760034e-01, 2.25210861e-01, 3.01079213e+00, 1.24429406e+03, 1.00411240e+03, 1.00411240e+03, 8.10292147e+02, 4.04746151e+01, 7.62314469e+01, 1.09181204e-29
2.45913043e-01, 9.54877322e-02, 8.02624233e-01, 2.07134070e-01, 7.43002269e-01, 2.31122623e-01, 3.00488037e+00, 1.28387632e+03, 1.03047024e+03, 1.03047024e+03, 8.27080389e+02, 4.05426159e+01, 7.65223539e+01, 1.10016087e-29
2.52816614e-01, 9.78875042e-02, 7.98201419e-01, 2.11979960e-01, 7.38156379e-01, 2.37176881e-01, 2.99882611e+00, 1.32480774e+03, 1.05746342e+03, 1.05746342e+03, 8.44068801e+02, 4.06107643e+01, 7.68235470e+01, 1.10883842e-29
2.59913992e-01, 1.00340899e-01, 7.93704972e-01, 2.16914404e-01, 7.33221934e-01, 2.43376318e-01, 2.99262667e+00, 1.36713756e+03, 1.08510388e+03, 1.08510388e+03, 8.61252342e+02, 4.06790611e+01, 7.71354286e+01, 1.11785982e-29
2.67210616e-01, 1.02848802e-01, 7.89134803e-01, 2.21937768e-01, 7.28198570e-01, 2.49723621e-01, 2.98627937e+00, 1.41091686e+03, 1.11340360e+03, 1.11340360e+03, 8.78625531e+02, 4.07475071e+01, 7.74584178e+01, 1.12724105e-29
2.74712079e-01, 1.05412101e-01, 7.84490880e-01, 2.27050346e-01, 7.23085992e-01, 2.56221477e-01, 2.97978151e+00, 1.45619867e+03, 1.14237457e+03, 1.14237457e+03, 8.96182434e+02, 4.08161031e+01, 7.77929518e+01, 1.13699893e-29
2.82424133e-01, 1.08031682e-01, 7.79773224e-01, 2.32252361e-01, 7.17883977e-01, 2.62872573e-01, 2.97313042e+00, 1.50303798e+03, 1.17202877e+03, 1.17202877e+03, 9.13916655e+02, 4.08848498e+01, 7.81394862e+01, 1.14715118e-29
2.90352688e-01, 1.10708431e-01, 7.74981917e-01, 2.37543962e-01, 7.12592377e-01, 2.69679589e-01, 2.96632340e+00, 1.55149188e+03, 1.20237815e+03, 1.20237815e+03, 9.31821323e+02, 4.09537475e+01, 7.84984960e+01, 1.15771651e-29
2.98503825e-01, 1.13443233e-01, 7.70117100e-01, 2.42925215e-01, 7.07211124e-01, 2.76645194e-01, 2.95935780e+00, 1.60161955e+03, 1.23343460e+03, 1.23343460e+03, 9.49889081e+02, 4.10227968e+01, 7.88704765e+01, 1.16871464e-29
3.06883789e-01, 1.16236971e-01, 7.65178976e-01, 2.48396105e-01, 7.01740233e-01, 2.83772046e-01, 2.95223094e+00, 1.65348242e+03, 1.26520998e+03, 1.26520998e+03, 9.68112079e+02, 4.10919979e+01, 7.92559440e+01, 1.18016638e-29
3.15499006e-01, 1.19090524e-01, 7.60167811e-01, 2.53956530e-01, 6.96179808e-01, 2.91062781e-01, 2.94494021e+00, 1.70714416e+03, 1.29771604e+03, 1.29771604e+03, 9.86481962e+02, 4.11613510e+01, 7.96554366e+01, 1.19209371e-29
3.24356081e-01, 1.22004770e-01, 7.55083934e-01, 2.59606297e-01, 6.90530041e-01, 2.98520015e-01, 2.93748298e+00, 1.76267085e+03, 1.33096444e+03, 1.33096444e+03, 1.00498987e+03, 4.12308561e+01, 8.00695154e+01, 1.20451983e-29
3.33461802e-01, 1.24980579e-01, 7.49927744e-01, 2.65345119e-01, 6.84791220e-01, 3.06146333e-01, 2.92985666e+00, 1.82013097e+03, 1.36496671e+03, 1.36496671e+03, 1.02362641e+03, 4.13005132e+01, 8.04987656e+01, 1.21746923e-29
3.42823149e-01, 1.28018820e-01, 7.44699703e-01, 2.71172610e-01, 6.78963728e-01, 3.13944290e-01, 2.92205870e+00, 1.87959554e+03, 1.39973424e+03, 1.39973424e+03, 1.04238167e+03, 4.13703220e+01, 8.09437969e+01, 1.23096782e-29
3.52447300e-01, 1.31120351e-01, 7.39400345e-01, 2.77088285e-01, 6.73048053e-01, 3.21916401e-01, 2.91408659e+00, 1.94113819e+03, 1.43527824e+03, 1.43527824e+03, 1.06124523e+03, 4.14402823e+01, 8.14052452e+01, 1.24504294e-29
3.62341632e-01, 1.34286029e-01, 7.34030273e-01, 2.83091552e-01, 6.67044786e-01, 3.30065138e-01, 2.90593785e+00, 2.00483522e+03, 1.47160974e+03, 1.47160974e+03, 1.08020610e+03, 4.15103934e+01, 8.18837731e+01, 1.25972354e-29
3.72513730e-01, 1.37516698e-01, 7.28590161e-01, 2.89181713e-01, 6.60954625e-01, 3.38392922e-01, 2.89761007e+00, 2.07076572e+03, 1.50873953e+03, 1.50873953e+03, 1.09925278e+03, 4.15806548e+01, 8.23800717e+01, 1.27504022e-29
3.82971391e-01, 1.40813196e-01, 7.23080757e-01, 2.95357957e-01, 6.54778381e-01, 3.46902122e-01, 2.88910087e+00, 2.13901165e+03, 1.54667817e+03, 1.54667817e+03, 1.11837322e+03, 4.16510658e+01, 8.28948611e+01, 1.29102535e-29
3.93722633e-01, 1.44176353e-01, 7.17502878e-01, 3.01619359e-01, 6.48516979e-01, 3.55595041e-01, 2.88040795e+00, 2.20965793e+03, 1.58543592e+03, 1.58543592e+03, 1.13755484e+03, 4.17216252e+01, 8.34288919e+01, 1.30771319e-29
4.04775697e-01, 1.47606985e-01, 7.11857418e-01, 3.07964877e-01, 6.42171461e-01, 3.64473917e-01, 2.87152907e+00, 2.28279250e+03, 1.62502278e+03, 1.62502278e+03, 1.15678452e+03, 4.17923322e+01, 8.39829466e+01, 1.32514002e-29
4.16139055e-01, 1.51105900e-01, 7.06145344e-01, 3.14393349e-01, 6.35742989e-01, 3.73540912e-01, 2.86246208e+00, 2.35850648e+03, 1.66544837e+03, 1.66544837e+03, 1.17604861e+03, 4.18631854e+01, 8.45578405e+01, 1.34334425e-29
4.27821420e-01, 1.54673893e-01, 7.00367697e-01, 3.20903490e-01, 6.29232849e-01, 3.82798107e-01, 2.85320488e+00, 2.43689419e+03, 1.70672197e+03, 1.70672197e+03, 1.19533294e+03, 4.19341834e+01, 8.51544235e+01, 1.36236657e-29
4.39831747e-01, 1.58311745e-01, 6.94525595e-01, 3.27493890e-01, 6.22642448e-01, 3.92247495e-01, 2.84375549e+00, 2.51805332e+03, 1.74885248e+03, 1.74885248e+03, 1.21462281e+03, 4.20053246e+01, 8.57735810e+01, 1.38225012e-29
4.52179242e-01, 1.62020224e-01, 6.88620228e-01, 3.34163013e-01, 6.15973325e-01, 4.01890974e-01, 2.83411202e+00, 2.60208497e+03, 1.79184835e+03, 1.79184835e+03, 1.23390302e+03, 4.20766074e+01, 8.64162356e+01, 1.40304061e-29
4.64873371e-01, 1.65800084e-01, 6.82652863e-01, 3.40909193e-01, 6.09227146e-01, 4.11730338e-01, 2.82427265e+00, 2.68909380e+03, 1.83571758e+03, 1.83571758e+03, 1.25315786e+03, 4.21480298e+01, 8.70833488e+01, 1.42478652e-29
4.77923865e-01, 1.69652062e-01, 6.76624841e-01, 3.47730634e-01, 6.02405705e-01, 4.21767272e-01, 2.81423572e+00, 2.77918807e+03, 1.88046769e+03, 1.88046769e+03, 1.27237115e+03, 4.22195897e+01, 8.77759218e+01, 1.44753926e-29
4.91340729e-01, 1.73576879e-01, 6.70537578e-01, 3.54625409e-01, 5.95510930e-01, 4.32003345e-01, 2.80399965e+00, 2.87247982e+03, 1.92610566e+03, 1.92610566e+03, 1.29152622e+03, 4.22912849e+01, 8.84949979e+01, 1.47135341e-29
5.05134247e-01, 1.77575238e-01, 6.64392563e-01, 3.61591458e-01, 5.88544880e-01, 4.42440000e-01, 2.79356299e+00, 2.96908492e+03, 1.97263794e+03, 1.97263794e+03, 1.31060598e+03, 4.23631131e+01, 8.92416635e+01, 1.49628688e-29
5.19314994e-01, 1.81647824e-01, 6.58191359e-01, 3.68626589e-01, 5.81509749e-01, 4.53078549e-01, 2.78292444e+00, 3.06912321e+03, 2.02007037e+03, 2.02007037e+03, 1.32959286e+03, 4.24350716e+01, 9.00170503e+01, 1.52240117e-29
5.33893840e-01, 1.85795303e-01, 6.51935600e-01, 3.75728478e-01, 5.74407861e-01, 4.63920164e-01, 2.77208283e+00, 3.17271857e+03, 2.06840818e+03, 2.06840818e+03, 1.34846893e+03, 4.25071578e+01, 9.08223364e+01, 1.54976159e-29
5.48881961e-01, 1.90018322e-01, 6.45626991e-01, 3.82894666e-01, 5.67241673e-01, 4.74965870e-01, 2.76103712e+00, 3.27999909e+03, 2.11765595e+03, 2.11765595e+03, 1.36721584e+03, 4.25793686e+01, 9.16587486e+01, 1.57843754e-29
5.64290847e-01, 1.94317504e-01, 6.39267309e-01, 3.90122564e-01, 5.60013774e-01, 4.86216540e-01, 2.74978645e+00, 3.39109714e+03, 2.16781754e+03, 2.16781754e+03, 1.38581489e+03, 4.26517012e+01, 9.25275643e+01, 1.60850277e-29
5.80132310e-01, 1.98693454e-01, 6.32858396e-01, 3.97409454e-01, 5.52726885e-01, 4.97672881e-01, 2.73833011e+00, 3.50614948e+03, 2.21889614e+03, 2.21889614e+03, 1.40424705e+03, 4.27241521e+01, 9.34301129e+01, 1.64003570e-29
5.96418495e-01, 2.03146750e-01, 6.26402164e-01, 4.04752486e-01, 5.45383852e-01, 5.09335437e-01, 2.72666755e+00, 3.62529742e+03, 2.27089415e+03, 2.27089415e+03, 1.42249301e+03, 4.27967182e+01, 9.43677781e+01, 1.67311970e-29
6.13161884e-01, 2.07677952e-01, 6.19900588e-01, 4.12148687e-01, 5.37987651e-01, 5.21204574e-01, 2.71479842e+00, 3.74868690e+03, 2.32381321e+03, 2.32381321e+03, 1.44053318e+03, 4.28693958e+01, 9.53420000e+01, 1.70784349e-29
6.30375315e-01, 2.12287591e-01, 6.13355704e-01, 4.19594958e-01, 5.30541381e-01, 5.33280476e-01, 2.70272251e+00, 3.87646863e+03, 2.37765414e+03, 2.37765414e+03, 1.45834773e+03, 4.29421814e+01, 9.63542770e+01, 1.74430147e-29
6.48071983e-01, 2.16976176e-01, 6.06769614e-01, 4.27088079e-01, 5.23048259e-01, 5.45563139e-01, 2.69043985e+00, 4.00879820e+03, 2.43241693e+03, 2.43241693e+03, 1.47591668e+03, 4.30150710e+01, 9.74061680e+01, 1.78259412e-29
6.66265452e-01, 2.21744190e-01, 6.00144472e-01, 4.34624717e-01, 5.15511621e-01, 5.58052366e-01, 2.67795062e+00, 4.14583623e+03, 2.48810069e+03, 2.48810069e+03, 1.49321988e+03, 4.30880607e+01, 9.84992948e+01, 1.82282844e-29
6.84969672e-01, 2.26592088e-01, 5.93482492e-01, 4.42201422e-01, 5.07934916e-01, 5.70747759e-01, 2.66525523e+00, 4.28774848e+03, 2.54470365e+03, 2.54470365e+03, 1.51023707e+03, 4.31611465e+01, 9.96353443e+01, 1.86511839e-29
7.04198979e-01, 2.31520301e-01, 5.86785940e-01, 4.49814639e-01, 5.00321700e-01, 5.83648715e-01, 2.65235428e+00, 4.43470599e+03, 2.60222312e+03, 2.60222312e+03, 1.52694794e+03, 4.32343242e+01, 1.00816071e+02, 1.90958541e-29
7.23968114e-01, 2.36529229e-01, 5.80057132e-01, 4.57460709e-01, 4.92675629e-01, 5.96754420e-01, 2.63924857e+00, 4.58688521e+03, 2.66065548e+03, 2.66065548e+03, 1.54333219e+03, 4.33075894e+01, 1.02043298e+02, 1.95635890e-29
7.44292233e-01, 2.41619247e-01, 5.73298431e-01, 4.65135878e-01, 4.85000460e-01, 6.10063849e-01, 2.62593914e+00, 4.74446815e+03, 2.71999615e+03, 2.71999615e+03, 1.55936952e+03, 4.33809377e+01, 1.03318924e+02, 2.00557683e-29
7.65186915e-01, 2.46790700e-01, 5.66512244e-01, 4.72836301e-01, 4.77300037e-01, 6.23575755e-01, 2.61242724e+00, 4.90764250e+03, 2.78023957e+03, 2.78023957e+03, 1.57503975e+03, 4.34543646e+01, 1.04644920e+02, 2.05738635e-29
7.86668179e-01, 2.52043903e-01, 5.59701019e-01, 4.80558050e-01, 4.69578288e-01, 6.37288673e-01, 2.59871432e+00, 5.07660181e+03, 2.84137921e+03, 2.84137921e+03, 1.59032284e+03, 4.35278655e+01, 1.06023336e+02, 2.11194441e-29
8.08752491e-01, 2.57379142e-01, 5.52867241e-01, 4.88297120e-01, 4.61839218e-01, 6.51200913e-01, 2.58480208e+00, 5.25154560e+03, 2.90340753e+03, 2.90340753e+03, 1.60519891e+03, 4.36014357e+01, 1.07456302e+02, 2.16941849e-29
8.31456781e-01, 2.62796674e-01, 5.46013431e-01, 4.96049438e-01, 4.54086900e-01, 6.65310559e-01, 2.57069243e+00, 5.43267955e+03, 2.96631600e+03, 2.96631600e+03, 1.61964838e+03, 4.36750704e+01, 1.08946034e+02, 2.22998738e-29
8.54798453e-01, 2.68296725e-01, 5.39142136e-01, 5.03810872e-01, 4.46325466e-01, 6.79615468e-01, 2.55638752e+00, 5.62021562e+03, 3.03009506e+03, 3.03009506e+03, 1.63365192e+03, 4.37487649e+01, 1.10494832e+02, 2.29384193e-29
8.78795401e-01, 2.73879488e-01, 5.32255933e-01, 5.11577237e-01, 4.38559101e-01, 6.94113270e-01, 2.54188972e+00, 5.81437226e+03, 3.09473414e+03, 3.09473414e+03, 1.64719061e+03, 4.38225142e+01, 1.12105088e+02, 2.36118602e-29
9.03466021e-01, 2.79545129e-01, 5.25357421e-01, 5.19344307e-01, 4.30792032e-01, 7.08801368e-01, 2.52720162e+00, 6.01537455e+03, 3.16022166e+03, 3.16022166e+03, 1.66024590e+03, 4.38963134e+01, 1.13779286e+02, 2.43223741e-29
9.28829225e-01, 2.85293778e-01, 5.18449216e-01, 5.27107820e-01, 4.23028518e-01, 7.23676939e-01, 2.51232605e+00, 6.22345437e+03, 3.22654504e+03, 3.22654504e+03, 1.67279975e+03, 4.39701575e+01, 1.15520008e+02, 2.50722885e-29
9.54904456e-01, 2.91125536e-01, 5.11533951e-01, 5.34863492e-01, 4.15272846e-01, 7.38736934e-01, 2.49726606e+00, 6.43885059e+03, 3.29369068e+03, 3.29369068e+03, 1.68483461e+03, 4.40440417e+01, 1.17329936e+02, 2.58640910e-29
9.81711702e-01, 2.97040474e-01, 5.04614268e-01, 5.42607026e-01, 4.07529312e-01, 7.53978084e-01, 2.48202491e+00, 6.66180927e+03, 3.36164401e+03, 3.36164401e+03, 1.69633353e+03, 4.41179610e+01, 1.19211855e+02, 2.67004416e-29
1.00927151e+00, 3.03038627e-01, 4.97692817e-01, 5.50334119e-01, 3.99802220e-01, 7.69396898e-01, 2.46660609e+00, 6.89258382e+03, 3.43038946e+03, 3.43038946e+03, 1.70728019e+03, 4.41919103e+01, 1.21168659e+02, 2.75841852e-29
1.03760502e+00, 3.09120002e-01, 4.90772250e-01, 5.58040473e-01, 3.92095865e-01, 7.84989673e-01, 2.45101332e+00, 7.13143525e+03, 3.49991052e+03, 3.49991052e+03, 1.71765896e+03, 4.42658847e+01, 1.23203356e+02, 2.85183653e-29
1.06673394e+00, 3.15284571e-01, 4.83855218e-01, 5.65721810e-01, 3.84414529e-01, 8.00752495e-01, 2.43525050e+00, 7.37863232e+03, 3.57018975e+03, 3.57018975e+03, 1.72745494e+03, 4.43398793e+01, 1.25319066e+02, 2.95062389e-29
1.09668060e+00, 3.21532276e-01, 4.76944367e-01, 5.73373874e-01, 3.76762465e-01, 8.16681245e-01, 2.41932175e+00, 7.63445179e+03, 3.64120877e+03, 3.64120877e+03, 1.73665401e+03, 4.44138893e+01, 1.27519035e+02, 3.05512924e-29
1.12746796e+00, 3.27863028e-01, 4.70042332e-01, 5.80992448e-01, 3.69143891e-01, 8.32771607e-01, 2.40323138e+00, 7.89917864e+03, 3.71294835e+03, 3.71294835e+03, 1.74524290e+03, 4.44879097e+01, 1.29806630e+02, 3.16572585e-29
1.15911962e+00, 3.34276704e-01, 4.63151736e-01, 5.88573360e-01, 3.61562978e-01, 8.49019072e-01, 2.38698392e+00, 8.17310631e+03, 3.78538838e+03, 3.78538838e+03, 1.75320920e+03, 4.45619357e+01, 1.32185351e+02, 3.28281350e-29
1.19165984e+00, 3.40773150e-01, 4.56275185e-01, 5.96112497e-01, 3.54023841e-01, 8.65418948e-01, 2.37058404e+00, 8.45653690e+03, 3.85850794e+03, 3.85850794e+03, 1.76054142e+03, 4.46359627e+01, 1.34658833e+02, 3.40682047e-29
1.22511358e+00, 3.47352184e-01, 4.49415262e-01, 6.03605810e-01, 3.46530528e-01, 8.81966369e-01, 2.35403662e+00, 8.74978147e+03, 3.93228533e+03, 3.93228533e+03, 1.76722904e+03, 4.47099860e+01, 1.37230852e+02, 3.53820567e-29
1.25950646e+00, 3.54013588e-01, 4.42574525e-01, 6.11049326e-01, 3.39087012e-01, 8.98656300e-01, 2.33734669e+00, 9.05316028e+03, 4.00669811e+03, 4.00669811e+03, 1.77326251e+03, 4.47840010e+01, 1.39905330e+02, 3.67746099e-29
1.29486487e+00, 3.60757118e-01, 4.35755505e-01, 6.18439157e-01, 3.31697181e-01, 9.15483550e-01, 2.32051944e+00, 9.36700304e+03, 4.08172314e+03, 4.08172314e+03, 1.77863332e+03, 4.48580033e+01, 1.42686341e+02, 3.82511376e-29
1.33121590e+00, 3.67582497e-01, 4.28960698e-01, 6.25771509e-01, 3.24364830e-01, 9.32442781e-01, 2.30356021e+00, 9.69164920e+03, 4.15733660e+03, 4.15733660e+03, 1.78333401e+03, 4.49319884e+01, 1.45578118e+02, 3.98172950e-29
1.36858742e+00, 3.74489419e-01, 4.22192565e-01, 6.33042690e-01, 3.17093649e-01, 9.49528518e-01, 2.28647447e+00, 1.00274483e+04, 4.23351410e+03, 4.23351410e+03, 1.78735818e+03, 4.50059522e+01, 1.48585058e+02, 4.14791480e-29
1.40700809e+00, 3.81477549e-01, 4.15453528e-01, 6.40249118e-01, 3.09887221e-01, 9.66735159e-01, 2.26926783e+00, 1.03747601e+04, 4.31023066e+03, 4.31023066e+03, 1.79070053e+03, 4.50798903e+01, 1.51711730e+02, 4.32432049e-29
1.44650734e+00, 3.88546523e-01, 4.08745964e-01, 6.47387329e-01, 3.02749009e-01, 9.84056988e-01, 2.25194600e+00, 1.07339550e+04, 4.38746079e+03, 4.38746079e+03, 1.79335689e+03, 4.51537989e+01, 1.54962881e+02, 4.51164500e-29
1.48711546e+00, 3.95695948e-01, 4.02072206e-01, 6.54453984e-01, 2.95682354e-01, 1.00148818e+00, 2.23451481e+00, 1.11054146e+04, 4.46517853e+03, 4.46517853e+03, 1.79532418e+03, 4.52276739e+01, 1.58343446e+02, 4.71063806e-29
1.52886359e+00, 4.02925403e-01, 3.95434536e-01, 6.61445875e-01, 2.88690463e-01, 1.01902283e+00, 2.21698016e+00, 1.14895314e+04, 4.54335753e+03, 4.54335753e+03, 1.79660048e+03, 4.53015116e+01, 1.61858550e+02, 4.92210464e-29
1.57178372e+00, 4.10234442e-01, 3.88835186e-01, 6.68359930e-01, 2.81776408e-01, 1.03665494e+00, 2.19934805e+00, 1.18867099e+04, 4.62197106e+03, 4.62197106e+03, 1.79718497e+03, 4.53753083e+01, 1.65513521e+02, 5.14690923e-29
1.61590875e+00, 4.17622591e-01, 3.82276331e-01, 6.75193222e-01, 2.74943117e-01, 1.05437845e+00, 2.18162454e+00, 1.22973664e+04, 4.70099209e+03, 4.70099209e+03, 1.79707801e+03, 4.54490606e+01, 1.69313898e+02, 5.38598045e-29
1.66127252e+00, 4.25089350e-01, 3.75760089e-01, 6.81942967e-01, 2.68193371e-01, 1.07218724e+00, 2.16381575e+00, 1.27219295e+04, 4.78039335e+03, 4.78039335e+03, 1.79628103e+03, 4.55227649e+01, 1.73265439e+02, 5.64031605e-29
1.70790980e+00, 4.32634194e-01, 3.69288519e-01, 6.88606537e-01, 2.61529802e-01, 1.09007514e+00, 2.14592785e+00, 1.31608406e+04, 4.86014733e+03, 4.86014733e+03, 1.79479661e+03, 4.55964181e+01, 1.77374128e+02, 5.91098828e-29
1.75585633e+00, 4.40256573e-01, 3.62863618e-01, 6.95181454e-01, 2.54954885e-01, 1.10803596e+00, 2.12796703e+00, 1.36145543e+04, 4.94022642e+03, 4.94022642e+03, 1.79262844e+03, 4.56700171e+01, 1.81646187e+02, 6.19914973e-29
1.80514888e+00, 4.47955916e-01, 3.56487318e-01, 7.01665400e-01, 2.48470938e-01, 1.12606348e+00, 2.10993951e+00, 1.40835385e+04, 5.02060288e+03, 5.02060288e+03, 1.78978125e+03, 4.57435589e+01, 1.86088088e+02, 6.50603960e-29
1.85582523e+00, 4.55731626e-01, 3.50161484e-01, 7.08056217e-01, 2.42080121e-01, 1.14415146e+00, 2.09185153e+00, 1.45682754e+04, 5.10124892e+03, 5.10124892e+03, 1.78626089e+03, 4.58170407e+01, 1.90706560e+02, 6.83299052e-29
1.90792422e+00, 4.63583085e-01, 3.43887915e-01, 7.14351906e-01, 2.35784432e-01, 1.16229367e+00, 2.07370932e+00, 1.50692611e+04, 5.18213677e+03, 5.18213677e+03, 1.78207421e+03, 4.58904598e+01, 1.95508600e+02, 7.18143588e-29
1.96148581e+00, 4.71509656e-01, 3.37668341e-01, 7.20550632e-01, 2.29585706e-01, 1.18048390e+00, 2.05551909e+00, 1.55870067e+04, 5.26323870e+03, 5.26323870e+03, 1.77722908e+03, 4.59638136e+01, 2.00501489e+02, 7.55291780e-29
2.01655104e+00, 4.79510678e-01, 3.31504419e-01, 7.26650721e-01, 2.23485617e-01, 1.19871595e+00, 2.03728704e+00, 1.61220387e+04, 5.34452707e+03, 5.34452707e+03, 1.77173434e+03, 4.60370998e+01, 2.05692798e+02, 7.94909568e-29
2.07316213e+00, 4.87585472e-01, 3.25397736e-01, 7.32650662e-01, 2.17485676e-01, 1.21698365e+00, 2.01901934e+00, 1.66748990e+04, 5.42597440e+03, 5.42597440e+03, 1.76559979e+03, 4.61103161e+01, 2.11090404e+02, 8.37175554e-29
2.13136247e+00, 4.95733342e-01, 3.19349807e-01, 7.38549104e-01, 2.11587234e-01, 1.23528087e+00, 2.00072212e+00, 1.72461460e+04, 5.50755339e+03, 5.50755339e+03, 1.75883611e+03, 4.61834603e+01, 2.16702506e+02, 8.82282001e-29
2.19119669e+00, 5.03953573e-01, 3.13362070e-01, 7.44344859e-01, 2.05791480e-01, 1.25360156e+00, 1.98240143e+00, 1.78363545e+04, 5.58923695e+03, 5.58923695e+03, 1.75145486e+03, 4.62565305e+01, 2.22537630e+02, 9.30435925e-29
2.25271064e+00, 5.12245431e-01, 3.07435893e-01, 7.50036892e-01, 2.00099446e-01, 1.27193969e+00, 1.96406330e+00, 1.84461165e+04, 5.67099829e+03, 5.67099829e+03, 1.74346842e+03, 4.63295247e+01, 2.28604653e+02, 9.81860265e-29
2.31595149e+00, 5.20608169e-01, 3.01572566e-01, 7.55624330e-01, 1.94512008e-01, 1.29028931e+00, 1.94571368e+00, 1.90760419e+04, 5.75281090e+03, 5.75281090e+03, 1.73488994e+03, 4.64024413e+01, 2.34912812e+02, 1.03679516e-28
2.38096772e+00, 5.29041024e-01, 2.95773306e-01, 7.61106449e-01, 1.89029889e-01, 1.30864457e+00, 1.92735842e+00, 1.97267586e+04, 5.83464861e+03, 5.83464861e+03, 1.72573331e+03, 4.64752787e+01, 2.41471721e+02, 1.09549931e-28
2.44780916e+00, 5.37543219e-01, 2.90039255e-01, 7.66482675e-01, 1.83653663e-01, 1.32699968e+00, 1.90900331e+00, 2.03989134e+04, 5.91648565e+03, 5.91648565e+03, 1.71601309e+03, 4.65480352e+01, 2.48291388e+02, 1.15825149e-28
2.51652705e+00, 5.46113963e-01, 2.84371479e-01, 7.71752583e-01, 1.78383755e-01, 1.34534894e+00, 1.89065405e+00, 2.10931723e+04, 5.99829662e+03, 5.99829662e+03, 1.70574448e+03, 4.66207095e+01, 2.55382232e+02, 1.22535214e-28
2.58717408e+00, 5.54752453e-01, 2.78770971e-01, 7.76915889e-01, 1.73220450e-01, 1.36368676e+00, 1.87231623e+00, 2.18102214e+04, 6.08005658e+03, 6.08005658e+03, 1.69494328e+03, 4.66933004e+01, 2.62755100e+02, 1.29712510e-28
2.65980440e+00, 5.63457874e-01, 2.73238647e-01, 7.81972445e-01, 1.68163893e-01, 1.38200764e+00, 1.85399535e+00, 2.25507670e+04, 6.16174105e+03, 6.16174105e+03, 1.68362578e+03, 4.67658066e+01, 2.70421285e+02, 1.37391953e-28
2.73447368e+00, 5.72229403e-01, 2.67775351e-01, 7.86922242e-01, 1.63214097e-01, 1.40030621e+00, 1.83569678e+00, 2.33155366e+04, 6.24332601e+03, 6.24332601e+03, 1.67180881e+03, 4.68382271e+01, 2.78392546e+02, 1.45611192e-28
2.81123917e+00, 5.81066203e-01, 2.62381854e-01, 7.91765395e-01, 1.58370944e-01, 1.41857719e+00, 1.81742580e+00, 2.41052797e+04, 6.32478797e+03, 6.32478797e+03, 1.65950959e+03, 4.69105609e+01, 2.86681128e+02, 1.54410832e-28
2.89015972e+00, 5.89967432e-01, 2.57058854e-01, 7.96502145e-01, 1.53634193e-01, 1.43681543e+00, 1.79918756e+00, 2.49207676e+04, 6.40610397e+03, 6.40610397e+03, 1.64674575e+03, 4.69828071e+01, 2.95299784e+02, 1.63834670e-28
2.97129582e+00, 5.98932239e-01, 2.51806978e-01, 8.01132854e-01, 1.49003484e-01, 1.45501591e+00, 1.78098708e+00, 2.57627950e+04, 6.48725157e+03, 6.48725157e+03, 1.63353522e+03, 4.70549649e+01, 3.04261794e+02, 1.73929960e-28
3.05470967e+00, 6.07959763e-01, 2.46626782e-01, 8.05657996e-01, 1.44478342e-01, 1.47317371e+00, 1.76282928e+00, 2.66321802e+04, 6.56820892e+03, 6.56820892e+03, 1.61989623e+03, 4.71270336e+01, 3.13580991e+02, 1.84747687e-28
3.14046522e+00, 6.17049141e-01, 2.41518754e-01, 8.10078153e-01, 1.40058186e-01, 1.49128407e+00, 1.74471892e+00, 2.75297658e+04, 6.64895473e+03, 6.64895473e+03, 1.60584726e+03, 4.71990126e+01, 3.23271782e+02, 1.96342876e-28
3.22862820e+00, 6.26199502e-01, 2.36483311e-01, 8.14394010e-01, 1.35742328e-01, 1.50934233e+00, 1.72666066e+00, 2.84564194e+04, 6.72946829e+03, 6.72946829e+03, 1.59140695e+03, 4.72709013e+01, 3.33349175e+02, 2.08774919e-28
3.31926620e+00, 6.35409971e-01, 2.31520808e-01, 8.18606352e-01, 1.31529986e-01, 1.52734400e+00, 1.70865899e+00, 2.94130345e+04, 6.80972950e+03, 6.80972950e+03, 1.57659407e+03, 4.73426992e+01, 3.43828802e+02, 2.22107929e-28
3.41244871e+00, 6.44679670e-01, 2.26631530e-01, 8.22716053e-01, 1.27420285e-01, 1.54528469e+00, 1.69071830e+00, 3.04005311e+04, 6.88971886e+03, 6.88971886e+03, 1.56142752e+03, 4.74144059e+01, 3.54726949e+02, 2.36411131e-28
3.50824714e+00, 6.54007716e-01, 2.21815701e-01, 8.26724076e-01, 1.23412263e-01, 1.56316017e+00, 1.67284282e+00, 3.14198564e+04, 6.96941747e+03, 6.96941747e+03, 1.54592622e+03, 4.74860210e+01, 3.66060580e+02, 2.51759275e-28
3.60673495e+00, 6.63393226e-01, 2.17073483e-01, 8.30631463e-01, 1.19504876e-01, 1.58096635e+00, 1.65503665e+00, 3.24719858e+04, 7.04880706e+03, 7.04880706e+03, 1.53010910e+03, 4.75575442e+01, 3.77847370e+02, 2.68233096e-28
3.70798763e+00, 6.72835313e-01, 2.12404976e-01, 8.34439332e-01, 1.15697006e-01, 1.59869924e+00, 1.63730375e+00, 3.35579236e+04, 7.12786996e+03, 7.12786996e+03, 1.51399505e+03, 4.76289754e+01, 3.90105735e+02, 2.85919794e-28
3.81208280e+00, 6.82333091e-01, 2.07810223e-01, 8.38148873e-01, 1.11987465e-01, 1.61635505e+00, 1.61964794e+00, 3.46787036e+04, 7.20658914e+03, 7.20658914e+03, 1.49760290e+03, 4.77003143e+01, 4.02854859e+02, 3.04913579e-28
3.91910025e+00, 6.91885673e-01, 2.03289209e-01, 8.41761339e-01, 1.08375000e-01, 1.63393008e+00, 1.60207291e+00, 3.58353904e+04, 7.28494818e+03, 7.28494818e+03, 1.48095135e+03, 4.77715607e+01, 4.16114732e+02, 3.25316235e-28
4.02912203e+00, 7.01492174e-01, 1.98841864e-01, 8.45278042e-01, 1.04858296e-01, 1.65142079e+00, 1.58458220e+00, 3.70290799e+04, 7.36293127e+03, 7.36293127e+03, 1.46405898e+03, 4.78427146e+01, 4.29906184e+02, 3.47237754e-28
4.14223247e+00, 7.11151707e-01, 1.94468065e-01, 8.48700352e-01, 1.01435986e-01, 1.66882378e+00, 1.56717921e+00, 3.82609002e+04, 7.44052324e+03, 7.44052324e+03, 1.44694416e+03, 4.79137759e+01, 4.44250917e+02, 3.70797006e-28
4.25851829e+00, 7.20863389e-01, 1.90167637e-01, 8.52029685e-01, 9.81066537e-02, 1.68613577e+00, 1.54986722e+00, 3.95320130e+04, 7.51770951e+03, 7.51770951e+03, 1.42962506e+03, 4.79847446e+01, 4.59171545e+02, 3.96122478e-28
4.37806863e+00, 7.30626340e-01, 1.85940357e-01, 8.55267502e-01, 9.48688362e-02, 1.70335364e+00, 1.53264935e+00, 4.08436137e+04, 7.59447611e+03, 7.59447611e+03, 1.41211960e+03, 4.80556208e+01, 4.74691633e+02, 4.23353064e-28
4.50097513e+00, 7.40439681e-01, 1.81785952e-01, 8.58415307e-01, 9.17210316e-02, 1.72047438e+00, 1.51552861e+00, 4.21969334e+04, 7.67080970e+03, 7.67080970e+03, 1.39444544e+03, 4.81264045e+01, 4.90835737e+02, 4.52638931e-28
4.62733201e+00, 7.50302539e-01, 1.77704105e-01, 8.61474636e-01, 8.86617026e-02, 1.73749514e+00, 1.49850785e+00, 4.35932388e+04, 7.74669750e+03, 7.74669750e+03, 1.37661995e+03, 4.81970957e+01, 5.07629445e+02, 4.84142451e-28
4.75723614e+00, 7.60214043e-01, 1.73694456e-01, 8.64447058e-01, 8.56892807e-02, 1.75441319e+00, 1.48158980e+00, 4.50338342e+04, 7.82212735e+03, 7.82212735e+03, 1.35866016e+03, 4.82676946e+01, 5.25099423e+02, 5.18039214e-28
4.89078709e+00, 7.70173327e-01, 1.69756602e-01, 8.67334168e-01, 8.28021705e-02, 1.77122592e+00, 1.46477707e+00, 4.65200620e+04, 7.89708765e+03, 7.89708765e+03, 1.34058276e+03, 4.83382014e+01, 5.43273459e+02, 5.54519127e-28
5.02808725e+00, 7.80179530e-01, 1.65890100e-01, 8.70137584e-01, 7.99987540e-02, 1.78793087e+00, 1.44807212e+00, 4.80533037e+04, 7.97156738e+03, 7.97156738e+03, 1.32240411e+03, 4.84086163e+01, 5.62180511e+02, 5.93787603e-28
5.16924187e+00, 7.90231798e-01, 1.62094471e-01, 8.72858944e-01, 7.72773942e-02, 1.80452569e+00, 1.43147730e+00, 4.96349816e+04, 8.04555610e+03, 8.04555610e+03, 1.30414016e+03, 4.84789393e+01, 5.81850759e+02, 6.36066853e-28
5.31435916e+00, 8.00329281e-01, 1.58369199e-01, 8.75499899e-01, 7.46364390e-02, 1.82100816e+00, 1.41499483e+00, 5.12665592e+04, 8.11904391e+03, 8.11904391e+03, 1.28580648e+03, 4.85491709e+01, 6.02315652e+02, 6.81597286e-28
5.46355035e+00, 8.10471136e-01, 1.54713732e-01, 8.78062114e-01, 7.20742245e-02, 1.83737618e+00, 1.39862681e+00, 5.29495431e+04, 8.19202144e+03, 8.19202144e+03, 1.26741821e+03, 4.86193111e+01, 6.23607967e+02, 7.30639023e-28
5.61692982e+00, 8.20656529e-01, 1.51127491e-01, 8.80547260e-01, 6.95890787e-02, 1.85362778e+00, 1.38237521e+00, 5.46854835e+04, 8.26447989e+03, 8.26447989e+03, 1.24899011e+03, 4.86893603e+01, 6.45761863e+02, 7.83473551e-28
5.77461515e+00, 8.30884629e-01, 1.47609861e-01, 8.82957014e-01, 6.71793245e-02, 1.86976109e+00, 1.36624190e+00, 5.64759759e+04, 8.33641095e+03, 8.33641095e+03, 1.23053646e+03, 4.87593187e+01, 6.68812937e+02, 8.40405497e-28
5.93672722e+00, 8.41154616e-01, 1.44160202e-01, 8.85293056e-01, 6.48432826e-02, 1.88577436e+00, 1.35022863e+00, 5.83226625e+04, 8.40780684e+03, 8.40780684e+03, 1.21207114e+03, 4.88291867e+01, 6.92798292e+02, 9.01764576e-28
6.10339029e+00, 8.51465677e-01, 1.40777848e-01, 8.87557064e-01, 6.25792745e-02, 1.90166597e+00, 1.33433702e+00, 6.02272331e+04, 8.47866028e+03, 8.47866028e+03, 1.19360755e+03, 4.88989646e+01, 7.17756594e+02, 9.67907681e-28
6.27473213e+00, 8.61817006e-01, 1.37462106e-01, 8.89750713e-01, 6.03856252e-02, 1.91743439e+00, 1.31856860e+00, 6.21914264e+04, 8.54896446e+03, 8.54896446e+03, 1.17515866e+03, 4.89686526e+01, 7.43728141e+02, 1.03922116e-27
6.45088409e+00, 8.72207807e-01, 1.34212261e-01, 8.91875673e-01, 5.82606654e-02, 1.93307821e+00, 1.30292478e+00, 6.42170321e+04, 8.61871307e+03, 8.61871307e+03, 1.15673697e+03, 4.90382511e+01, 7.70754932e+02, 1.11612331e-27
6.63198120e+00, 8.82637292e-01, 1.31027576e-01, 8.93933604e-01, 5.62027343e-02, 1.94859610e+00, 1.28740689e+00, 6.63058914e+04, 8.68790025e+03, 8.68790025e+03, 1.13835451e+03, 4.91077606e+01, 7.98880739e+02, 1.19906701e-27
6.81816229e+00, 8.93104682e-01, 1.27907296e-01, 8.95926157e-01, 5.42101814e-02, 1.96398685e+00, 1.27201614e+00, 6.84598993e+04, 8.75652061e+03, 8.75652061e+03, 1.12002288e+03, 4.91771813e+01, 8.28151183e+02, 1.28854268e-27
7.00957009e+00, 9.03609206e-01, 1.24850646e-01, 8.97854970e-01, 5.22813686e-02, 1.97924936e+00, 1.25675363e+00, 7.06810054e+04, 8.82456918e+03, 8.82456918e+03, 1.10175316e+03, 4.92465136e+01, 8.58613811e+02, 1.38508139e-27
7.20635132e+00, 9.14150106e-01, 1.21856835e-01, 8.99721666e-01, 5.04146723e-02, 1.99438261e+00, 1.24162038e+00, 7.29712159e+04, 8.89204142e+03, 8.89204142e+03, 1.08355603e+03, 4.93157579e+01, 8.90318178e+02, 1.48925832e-27
7.40865683e+00, 9.24726629e-01, 1.18925058e-01, 9.01527854e-01, 4.86084846e-02, 2.00938567e+00, 1.22661732e+00, 7.53325951e+04, 8.95893322e+03, 8.95893322e+03, 1.06544165e+03, 4.93849146e+01, 9.23315932e+02, 1.60169645e-27
7.61664172e+00, 9.35338035e-01, 1.16054495e-01, 9.03275123e-01, 4.68612156e-02, 2.02425771e+00, 1.21174528e+00, 7.77672670e+04, 9.02524087e+03, 9.02524087e+03, 1.04741977e+03, 4.94539842e+01, 9.57660903e+02, 1.72307059e-27
7.83046540e+00, 9.45983593e-01, 1.13244314e-01, 9.04965044e-01, 4.51712943e-02, 2.03899799e+00, 1.19700500e+00, 8.02774169e+04, 9.09096104e+03, 9.09096104e+03, 1.02949965e+03, 4.95229669e+01, 9.93409195e+02, 1.85411174e-27
8.05029181e+00, 9.56662583e-01, 1.10493675e-01, 9.06599168e-01, 4.35371700e-02, 2.05360585e+00, 1.18239714e+00, 8.28652934e+04, 9.15609078e+03, 9.15609078e+03, 1.01169012e+03, 4.95918634e+01, 1.03061928e+03, 1.99561188e-27
8.27628946e+00, 9.67374292e-01, 1.07801724e-01, 9.08179025e-01, 4.19573137e-02, 2.06808070e+00, 1.16792229e+00, 8.55332100e+04, 9.22062753e+03, 9.22062753e+03, 9.93999549e+02, 4.96606739e+01, 1.06935211e+03, 2.14842905e-27
8.50863158e+00, 9.78118021e-01, 1.05167604e-01, 9.09706119e-01, 4.04302191e-02, 2.08242205e+00, 1.15358094e+00, 8.82835466e+04, 9.28456907e+03, 9.28456907e+03, 9.76435882e+02, 4.97293989e+01, 1.10967120e+03, 2.31349297e-27
8.74749630e+00, 9.88893079e-01, 1.02590447e-01, 9.11181935e-01, 3.89544033e-02, 2.09662948e+00, 1.13937351e+00, 9.11187523e+04, 9.34791351e+03, 9.34791351e+03, 9.59006623e+02, 4.97980388e+01, 1.15164276e+03, 2.49181111e-27
8.99306672e+00, 9.99698787e-01, 1.00069381e-01, 9.12607930e-01, 3.75284080e-02, 2.11070264e+00, 1.12530035e+00, 9.40413464e+04, 9.41065931e+03, 9.41065931e+03, 9.41718851e+02, 4.98665942e+01, 1.19533579e+03, 2.68447523e-27
9.24553110e+00, 1.01053448e+00, 9.76035298e-02, 9.13985538e-01, 3.61508001e-02, 2.12464126e+00, 1.11136173e+00, 9.70539208e+04, 9.47280526e+03, 9.47280526e+03, 9.24579230e+02, 4.99350654e+01, 1.24082221e+03, 2.89266854e-27
9.50508296e+00, 1.02139949e+00, 9.51920136e-02, 9.15316166e-01, 3.48201723e-02, 2.13844513e+00, 1.09755786e+00, 1.00159142e+05, 9.53435043e+03, 9.53435043e+03, 9.07594015e+02, 5.00034530e+01, 1.28817699e+03, 3.11767346e-27
9.77192128e+00, 1.03229317e+00, 9.28339498e-02, 9.16601194e-01, 3.35351438e-02, 2.15211412e+00, 1.08388887e+00, 1.03359754e+05, 9.59529421e+03, 9.59529421e+03, 8.90769061e+02, 5.00717573e+01, 1.33747824e+03, 3.36088000e-27
1.00462506e+01, 1.04321489e+00, 9.05284548e-02, 9.17841978e-01, 3.22943605e-02, 2.16564815e+00, 1.07035484e+00, 1.06658578e+05, 9.65563627e+03, 9.65563627e+03, 8.74109832e+02, 5.01399789e+01, 1.38880741e+03, 3.62379487e-27
1.03282813e+01, 1.05416402e+00, 8.82746444e-02, 9.19039843e-01, 3.10964957e-02, 2.17904721e+00, 1.05695578e+00, 1.10058518e+05, 9.71537655e+03, 9.71537655e+03, 8.57621411e+02, 5.02081183e+01, 1.44224937e+03, 3.90805145e-27
1.06182294e+01, 1.06513995e+00, 8.60716349e-02, 9.20196088e-01, 2.99402502e-02, 2.19231135e+00, 1.04369164e+00, 1.13562561e+05, 9.77451528e+03, 9.77451528e+03, 8.41308511e+02, 5.02761759e+01, 1.49789259e+03, 4.21542046e-27
1.09163173e+01, 1.07614206e+00, 8.39185439e-02, 9.21311986e-01, 2.88243525e-02, 2.20544067e+00, 1.03056232e+00, 1.17173779e+05, 9.83305292e+03, 9.83305292e+03, 8.25175483e+02, 5.03441522e+01, 1.55582927e+03, 4.54782167e-27
1.12227736e+01, 1.08716977e+00, 8.18144912e-02, 9.22388779e-01, 2.77475592e-02, 2.21843533e+00, 1.01756766e+00, 1.20895333e+05, 9.89099018e+03, 9.89099018e+03, 8.09226329e+02, 5.04120477e+01, 1.61615551e+03, 4.90733658e-27
1.15378330e+01, 1.09822248e+00, 7.97585995e-02, 9.23427683e-01, 2.67086549e-02, 2.23129554e+00, 1.00470745e+00, 1.24730475e+05, 9.94832801e+03, 9.94832801e+03, 7.93464709e+02, 5.04798629e+01, 1.67897148e+03, 5.29622212e-27
1.18617372e+01, 1.10929963e+00, 7.77499950e-02, 9.24429886e-01, 2.57064522e-02, 2.24402158e+00, 9.91981412e-01, 1.28682550e+05, 1.00050676e+04, 1.00050676e+04, 7.77893955e+02, 5.05475983e+01, 1.74438159e+03, 5.71692562e-27
1.21947344e+01, 1.12040065e+00, 7.57878084e-02, 9.25396546e-01, 2.47397920e-02, 2.25661374e+00, 9.79389247e-01, 1.32754997e+05, 1.00612103e+04, 1.00612103e+04, 7.62517079e+02, 5.06152544e+01, 1.81249465e+03, 6.17210098e-27
1.25370799e+01, 1.13152499e+00, 7.38711753e-02, 9.26328795e-01, 2.38075429e-02, 2.26907240e+00, 9.66930594e-01, 1.36951358e+05, 1.01167577e+04, 1.01167577e+04, 7.47336785e+02, 5.06828317e+01, 1.88342410e+03, 6.66462629e-27
1.28890361e+01, 1.14267211e+00, 7.19992367e-02, 9.27227737e-01, 2.29086016e-02, 2.28139794e+00, 9.54605051e-01, 1.41275272e+05, 1.01717117e+04, 1.01717117e+04, 7.32355480e+02, 5.07503308e+01, 1.95728815e+03, 7.19762290e-27
1.32508729e+01, 1.15384147e+00, 7.01711401e-02, 9.28094446e-01, 2.20418924e-02, 2.29359082e+00, 9.42412172e-01, 1.45730484e+05, 1.02260742e+04, 1.02260742e+04, 7.17575285e+02, 5.08177520e+01, 2.03421003e+03, 7.77447616e-27
1.36228676e+01, 1.16503255e+00, 6.83860392e-02, 9.28929971e-01, 2.12063674e-02, 2.30565152e+00, 9.30351473e-01, 1.50320847e+05, 1.02798473e+04, 1.02798473e+04, 7.02998044e+02, 5.08850961e+01, 2.11431816e+03, 8.39885793e-27
1.40053055e+01, 1.17624484e+00, 6.66430952e-02, 9.29735333e-01, 2.04010057e-02, 2.31758056e+00, 9.18422431e-01, 1.55050324e+05, 1.03330335e+04, 1.03330335e+04, 6.88625335e+02, 5.09523634e+01, 2.19774642e+03, 9.07475101e-27
1.43984795e+01, 1.18747784e+00, 6.49414767e-02, 9.30511525e-01, 1.96248135e-02, 2.32937851e+00, 9.06624485e-01, 1.59922990e+05, 1.03856352e+04, 1.03856352e+04, 6.74458484e+02, 5.10195545e+01, 2.28463434e+03, 9.80647568e-27
1.48026913e+01, 1.19873106e+00, 6.32803605e-02, 9.31259514e-01, 1.88768238e-02, 2.34104595e+00, 8.94957040e-01, 1.64943039e+05, 1.04376550e+04, 1.04376550e+04, 6.60498569e+02, 5.10866700e+01, 2.37512736e+03, 1.05987185e-26
1.52182505e+01, 1.21000400e+00, 6.16589316e-02, 9.31980242e-01, 1.81560961e-02, 2.35258352e+00, 8.83419468e-01, 1.70114782e+05, 1.04890957e+04, 1.04890957e+04, 6.46746436e+02, 5.11537103e+01, 2.46937705e+03, 1.14565636e-26
1.56454759e+01, 1.22129622e+00, 6.00763839e-02, 9.32674623e-01, 1.74617156e-02, 2.36399188e+00, 8.72011109e-01, 1.75442657e+05, 1.05399604e+04, 1.05399604e+04, 6.33202707e+02, 5.12206760e+01, 2.56754143e+03, 1.23855265e-26
1.60846948e+01, 1.23260723e+00, 5.85319205e-02, 9.33343545e-01, 1.67927935e-02, 2.37527172e+00, 8.60731275e-01, 1.80931224e+05, 1.05902520e+04, 1.05902520e+04, 6.19867790e+02, 5.12875676e+01, 2.66978518e+03, 1.33915914e-26
1.65362441e+01, 1.24393658e+00, 5.70247538e-02, 9.33987872e-01, 1.61484662e-02, 2.38642374e+00, 8.49579248e-01, 1.86585178e+05, 1.06399738e+04, 1.06399738e+04, 6.06741887e+02, 5.13543857e+01, 2.77627997e+03, 1.44812508e-26
1.70004698e+01, 1.25528384e+00, 5.55541057e-02, 9.34608443e-01, 1.55278949e-02, 2.39744871e+00, 8.38554283e-01, 1.92409345e+05, 1.06891291e+04, 1.06891291e+04, 5.93825009e+02, 5.14211308e+01, 2.88720471e+03, 1.56615488e-26
1.74777277e+01, 1.26664856e+00, 5.41192085e-02, 9.35206073e-01, 1.49302652e-02, 2.40834738e+00, 8.27655611e-01, 1.98408691e+05, 1.07377213e+04, 1.07377213e+04, 5.81116978e+02, 5.14878035e+01, 3.00274590e+03, 1.69401292e-26
1.79683839e+01, 1.27803033e+00, 5.27193041e-02, 9.35781551e-01, 1.43547869e-02, 2.41912055e+00, 8.16882439e-01, 2.04588322e+05, 1.07857540e+04, 1.07857540e+04, 5.68617443e+02, 5.15544042e+01, 3.12309793e+03, 1.83252858e-26
1.84728144e+01, 1.28942872e+00, 5.13536452e-02, 9.36335645e-01, 1.38006931e-02, 2.42976904e+00, 8.06233952e-01, 2.10953490e+05, 1.08332307e+04, 1.08332307e+04, 5.56325886e+02, 5.16209336e+01, 3.24846340e+03, 1.98260186e-26
1.89914058e+01, 1.30084334e+00, 5.00214947e-02, 9.36869098e-01, 1.32672401e-02, 2.44029368e+00, 7.95709314e-01, 2.17509599e+05, 1.08801553e+04, 1.08801553e+04, 5.44241628e+02, 5.16873921e+01, 3.37905352e+03, 2.14520942e-26
1.95245558e+01, 1.31227377e+00, 4.87221263e-02, 9.37382631e-01, 1.27537068e-02, 2.45069532e+00, 7.85307668e-01, 2.24262205e+05, 1.09265314e+04, 1.09265314e+04, 5.32363845e+02, 5.17537804e+01, 3.51508841e+03, 2.32141111e-26
2.00726730e+01, 1.32371963e+00, 4.74548245e-02, 9.37876944e-01, 1.22593943e-02, 2.46097485e+00, 7.75028140e-01, 2.31217022e+05, 1.09723632e+04, 1.09723632e+04, 5.20691568e+02, 5.18200990e+01, 3.65679752e+03, 2.51235717e-26
2.06361777e+01, 1.33518054e+00, 4.62188846e-02, 9.38352713e-01, 1.17836253e-02, 2.47113315e+00, 7.64869839e-01, 2.38379928e+05, 1.10176544e+04, 1.10176544e+04, 5.09223697e+02, 5.18863484e+01, 3.80442001e+03, 2.71929590e-26
2.12155017e+01, 1.34665613e+00, 4.50136131e-02, 9.38810595e-01, 1.13257435e-02, 2.48117113e+00, 7.54831857e-01, 2.45756970e+05, 1.10624092e+04, 1.10624092e+04, 4.97959007e+02, 5.19525292e+01, 3.95820516e+03, 2.94358211e-26
2.18110892e+01, 1.35814602e+00, 4.38383275e-02, 9.39251225e-01, 1.08851136e-02, 2.49108972e+00, 7.44913271e-01, 2.53354365e+05, 1.11066316e+04, 1.11066316e+04, 4.86896154e+02, 5.20186420e+01, 4.11841282e+03, 3.18668626e-26
2.24233968e+01, 1.36964988e+00, 4.26923562e-02, 9.39675218e-01, 1.04611203e-02, 2.50088984e+00, 7.35113147e-01, 2.61178508e+05, 1.11503259e+04, 1.11503259e+04, 4.76033685e+02, 5.20846872e+01, 4.28531382e+03, 3.45020433e-26
2.30528939e+01, 1.38116734e+00, 4.15750390e-02, 9.40083170e-01, 1.00531680e-02, 2.51057246e+00, 7.25430535e-01, 2.69235977e+05, 1.11934962e+04, 1.11934962e+04, 4.65370043e+02, 5.21506655e+01, 4.45919047e+03, 3.73586866e-26
2.37000629e+01, 1.39269806e+00, 4.04857268e-02, 9.40475658e-01, 9.66068038e-03, 2.52013852e+00, 7.15864474e-01, 2.77533536e+05, 1.12361469e+04, 1.12361469e+04, 4.54903576e+02, 5.22165773e+01, 4.64033702e+03, 4.04555959e-26
2.43654001e+01, 1.40424172e+00, 3.94237819e-02, 9.40853238e-01, 9.28309991e-03, 2.52958900e+00, 7.06413995e-01, 2.86078143e+05, 1.12782823e+04, 1.12782823e+04, 4.44632542e+02, 5.22824234e+01, 4.82906020e+03, 4.38131818e-26
2.50494154e+01, 1.41579798e+00, 3.83885774e-02, 9.41216451e-01, 8.91988723e-03, 2.53892487e+00, 6.97078115e-01, 2.94876953e+05, 1.13199067e+04, 1.13199067e+04, 4.34555116e+02, 5.23482042e+01, 5.02567971e+03, 4.74536004e-26
2.57526333e+01, 1.42736654e+00, 3.73794979e-02, 9.41565817e-01, 8.57052079e-03, 2.54814714e+00, 6.87855847e-01, 3.03937325e+05, 1.13610246e+04, 1.13610246e+04, 4.24669396e+02, 5.24139202e+01, 5.23052880e+03, 5.14009030e-26
2.64755927e+01, 1.43894707e+00, 3.63959391e-02, 9.41901842e-01, 8.23449635e-03, 2.55725680e+00, 6.78746192e-01, 3.13266828e+05, 1.14016404e+04, 1.14016404e+04, 4.14973411e+02, 5.24795720e+01, 5.44395480e+03, 5.56811986e-26
2.72188479e+01, 1.45053928e+00, 3.54373078e-02, 9.42225012e-01, 7.91132650e-03, 2.56625485e+00, 6.69748145e-01, 3.22873246e+05, 1.14417586e+04, 1.14417586e+04, 4.05465121e+02, 5.25451603e+01, 5.66631979e+03, 6.03228312e-26
2.79829688e+01, 1.46214287e+00, 3.45030217e-02, 9.42535798e-01, 7.60054022e-03, 2.57514229e+00, 6.60860697e-01, 3.32764584e+05, 1.14813837e+04, 1.14813837e+04, 3.96142430e+02, 5.26106855e+01, 5.89800117e+03, 6.53565716e-26
2.87685409e+01, 1.47375755e+00, 3.35925097e-02, 9.42834656e-01, 7.30168239e-03, 2.58392016e+00, 6.52082831e-01, 3.42949076e+05, 1.15205202e+04, 1.15205202e+04, 3.87003186e+02, 5.26761482e+01, 6.13939230e+03, 7.08158259e-26
2.95761666e+01, 1.48538304e+00, 3.27052117e-02, 9.43122025e-01, 7.01431338e-03, 2.59258947e+00, 6.43413525e-01, 3.53435188e+05, 1.15591726e+04, 1.15591726e+04, 3.78045188e+02, 5.27415489e+01, 6.39090324e+03, 7.67368624e-26
3.04064649e+01, 1.49701906e+00, 3.18405781e-02, 9.43398330e-01, 6.73800857e-03, 2.60115123e+00, 6.34851756e-01, 3.64231630e+05, 1.15973457e+04, 1.15973457e+04, 3.69266190e+02, 5.28068883e+01, 6.65296137e+03, 8.31590573e-26
3.12600724e+01, 1.50866534e+00, 3.09980705e-02, 9.43663980e-01, 6.47235792e-03, 2.60960650e+00, 6.26396494e-01, 3.75347356e+05, 1.16350438e+04, 1.16350438e+04, 3.60663908e+02, 5.28721668e+01, 6.92601221e+03, 9.01251622e-26
3.21376434e+01, 1.52032162e+00, 3.01771610e-02, 9.43919373e-01, 6.21696558e-03, 2.61795628e+00, 6.18046710e-01, 3.86791577e+05, 1.16722717e+04, 1.16722717e+04, 3.52236022e+02, 5.29373850e+01, 7.21052013e+03, 9.76815947e-26
3.30398507e+01, 1.53198765e+00, 2.93773321e-02, 9.44164889e-01, 5.97144941e-03, 2.62620162e+00, 6.09801369e-01, 3.98573766e+05, 1.17090339e+04, 1.17090339e+04, 3.43980178e+02, 5.30025435e+01, 7.50696917e+03, 1.05878753e-25
3.39673858e+01, 1.54366317e+00, 2.85980772e-02, 9.44400898e-01, 5.73544061e-03, 2.63434355e+00, 6.01659437e-01, 4.10703662e+05, 1.17453351e+04, 1.17453351e+04, 3.35893999e+02, 5.30676429e+01, 7.81586389e+03, 1.14771360e-25
3.49209598e+01, 1.55534793e+00, 2.78388997e-02, 9.44627755e-01, 5.50858328e-03, 2.64238311e+00, 5.93619879e-01, 4.23191286e+05, 1.17811798e+04, 1.17811798e+04, 3.27975083e+02, 5.31326836e+01, 8.13773019e+03, 1.24418834e-25
3.59013038e+01, 1.56704171e+00, 2.70993135e-02, 9.44845804e-01, 5.29053407e-03, 2.65032133e+00, 5.85681660e-01, 4.36046938e+05, 1.18165727e+04, 1.18165727e+04, 3.20221007e+02, 5.31976662e+01, 8.47311627e+03, 1.34885692e-25
3.69091691e+01, 1.57874427e+00, 2.63788425e-02, 9.45055377e-01, 5.08096175e-03, 2.65815925e+00, 5.77843743e-01, 4.49281214e+05, 1.18515184e+04, 1.18515184e+04, 3.12629336e+02, 5.32625913e+01, 8.82259355e+03, 1.46241993e-25
3.79453285e+01, 1.59045537e+00, 2.56770206e-02, 9.45256791e-01, 4.87954683e-03, 2.66589790e+00, 5.70105094e-01, 4.62905010e+05, 1.18860215e+04, 1.18860215e+04, 3.05197617e+02, 5.33274594e+01, 9.18675765e+03, 1.58563810e-25
3.90105762e+01, 1.60217481e+00, 2.49933916e-02, 9.45450357e-01, 4.68598124e-03, 2.67353831e+00, 5.62464680e-01, 4.76929532e+05, 1.19200866e+04, 1.19200866e+04, 2.97923392e+02, 5.33922711e+01, 9.56622943e+03, 1.71933751e-25
4.01057288e+01, 1.61390235e+00, 2.43275093e-02, 9.45636370e-01, 4.49996789e-03, 2.68108152e+00, 5.54921468e-01, 4.91366303e+05, 1.19537183e+04, 1.19537183e+04, 2.90804194e+02, 5.34570269e+01, 9.96165604e+03, 1.86441522e-25
4.12316259e+01, 1.62563780e+00, 2.36789368e-02, 9.45815118e-01, 4.32122039e-03, 2.68852856e+00, 5.47474429e-01, 5.06227175e+05, 1.19869213e+04, 1.19869213e+04, 2.83837551e+02, 5.35217273e+01, 1.03737121e+04, 2.02184535e-25
4.23891306e+01, 1.63738095e+00, 2.30472468e-02, 9.45986876e-01, 4.14946265e-03, 2.69588045e+00, 5.40122535e-01, 5.21524333e+05, 1.20197000e+04, 1.20197000e+04, 2.77020992e+02, 5.35863729e+01, 1.08031006e+04, 2.19268577e-25
4.35791301e+01, 1.64913159e+00, 2.24320214e-02, 9.46151910e-01, 3.98442858e-03, 2.70313823e+00, 5.32864762e-01, 5.37270311e+05, 1.20520591e+04, 1.20520591e+04, 2.70352047e+02, 5.36509642e+01, 1.12505547e+04, 2.37808529e-25
4.48025368e+01, 1.66088953e+00, 2.18328518e-02, 9.46310477e-01, 3.82586173e-03, 2.71030290e+00, 5.25700089e-01, 5.53477997e+05, 1.20840031e+04, 1.20840031e+04, 2.63828250e+02, 5.37155018e+01, 1.17168383e+04, 2.57929149e-25
4.60602884e+01, 1.67265458e+00, 2.12493385e-02, 9.46462823e-01, 3.67351501e-03, 2.71737549e+00, 5.18627497e-01, 5.70160645e+05, 1.21155366e+04, 1.21155366e+04, 2.57447138e+02, 5.37799862e+01, 1.22027477e+04, 2.79765927e-25
4.73533492e+01, 1.68442656e+00, 2.06810907e-02, 9.46609188e-01, 3.52715035e-03, 2.72435702e+00, 5.11645973e-01, 5.87331886e+05, 1.21466640e+04, 1.21466640e+04, 2.51206259e+02, 5.38444179e+01, 1.27091131e+04, 3.03466003e-25
4.86827104e+01, 1.69620528e+00, 2.01277264e-02, 9.46749800e-01, 3.38653838e-03, 2.73124848e+00, 5.04754507e-01, 6.05005735e+05, 1.21773899e+04, 1.21773899e+04, 2.45103172e+02, 5.39087975e+01, 1.32367998e+04, 3.29189180e-25
5.00493910e+01, 1.70799057e+00, 1.95888723e-02, 9.46884880e-01, 3.25145819e-03, 2.73805090e+00, 4.97952095e-01, 6.23196608e+05, 1.22077187e+04, 1.22077187e+04, 2.39135443e+02, 5.39731254e+01, 1.37867096e+04, 3.57109011e-25
5.14544388e+01, 1.71978224e+00, 1.90641636e-02, 9.47014641e-01, 3.12169700e-03, 2.74476525e+00, 4.91237736e-01, 6.41919325e+05, 1.22376550e+04, 1.22376550e+04, 2.33300656e+02, 5.40374023e+01, 1.43597828e+04, 3.87413985e-25
5.28989308e+01, 1.73158015e+00, 1.85532437e-02, 9.47139288e-01, 2.99704990e-03, 2.75139255e+00, 4.84610436e-01, 6.61189131e+05, 1.22672031e+04, 1.22672031e+04, 2.27596409e+02, 5.41016285e+01, 1.49569993e+04, 4.20308816e-25
5.43839743e+01, 1.74338412e+00, 1.80557646e-02, 9.47259019e-01, 2.87731959e-03, 2.75793379e+00, 4.78069204e-01, 6.81021700e+05, 1.22963675e+04, 1.22963675e+04, 2.22020316e+02, 5.41658048e+01, 1.55793806e+04, 4.56015842e-25
5.59107078e+01, 1.75519399e+00, 1.75713858e-02, 9.47374022e-01, 2.76231607e-03, 2.76438993e+00, 4.71613057e-01, 7.01433151e+05, 1.23251525e+04, 1.23251525e+04, 2.16570009e+02, 5.42299314e+01, 1.62279917e+04, 4.94776548e-25
5.74803016e+01, 1.76700960e+00, 1.70997750e-02, 9.47484482e-01, 2.65185645e-03, 2.77076197e+00, 4.65241016e-01, 7.22440061e+05, 1.23535625e+04, 1.23535625e+04, 2.11243139e+02, 5.42940091e+01, 1.69039423e+04, 5.36853213e-25
5.90939590e+01, 1.77883082e+00, 1.66406078e-02, 9.47590574e-01, 2.54576466e-03, 2.77705088e+00, 4.58952109e-01, 7.44059474e+05, 1.23816019e+04, 1.23816019e+04, 2.06037380e+02, 5.43580383e+01, 1.76083895e+04, 5.82530710e-25
6.07529169e+01, 1.79065748e+00, 1.61935670e-02, 9.47692467e-01, 2.44387124e-03, 2.78325762e+00, 4.52745371e-01, 7.66308920e+05, 1.24092749e+04, 1.24092749e+04, 2.00950425e+02, 5.44220194e+01, 1.83425392e+04, 6.32118450e-25
6.24584471e+01, 1.80248944e+00, 1.57583434e-02, 9.47790325e-01, 2.34601306e-03, 2.78938315e+00, 4.46619840e-01, 7.89206424e+05, 1.24365858e+04, 1.24365858e+04, 1.95979990e+02, 5.44859531e+01, 1.91076486e+04, 6.85952504e-25
6.42118571e+01, 1.81432657e+00, 1.53346346e-02, 9.47884305e-01, 2.25203317e-03, 2.79542843e+00, 4.40574565e-01, 8.12770521e+05, 1.24635389e+04, 1.24635389e+04, 1.91123816e+02, 5.45498397e+01, 1.99050280e+04, 7.44397902e-25
6.60144909e+01, 1.82616872e+00, 1.49221457e-02, 9.47974558e-01, 2.16178050e-03, 2.80139439e+00, 4.34608599e-01, 8.37020271e+05, 1.24901385e+04, 1.24901385e+04, 1.86379666e+02, 5.46136799e+01, 2.07360433e+04, 8.07851132e-25
6.78677305e+01, 1.83801577e+00, 1.45205889e-02, 9.48061229e-01, 2.07510971e-03, 2.80728199e+00, 4.28721002e-01, 8.61975275e+05, 1.25163886e+04, 1.25163886e+04, 1.81745332e+02, 5.46774740e+01, 2.16021184e+04, 8.76742861e-25
6.97729965e+01, 1.84986758e+00, 1.41296829e-02, 9.48144457e-01, 1.99188097e-03, 2.81309215e+00, 4.22910842e-01, 8.87655688e+05, 1.25422934e+04, 1.25422934e+04, 1.77218629e+02, 5.47412227e+01, 2.25047373e+04, 9.51540876e-25
7.17317494e+01, 1.86172403e+00, 1.37491537e-02, 9.48224379e-01, 1.91195973e-03, 2.81882580e+00, 4.17177194e-01, 9.14082237e+05, 1.25678571e+04, 1.25678571e+04, 1.72797399e+02, 5.48049263e+01, 2.34454471e+04, 1.03275330e-24
7.37454909e+01, 1.87358500e+00, 1.33787335e-02, 9.48301122e-01, 1.83521659e-03, 2.82448385e+00, 4.11519140e-01, 9.41276232e+05, 1.25930838e+04, 1.25930838e+04, 1.68479512e+02, 5.48685855e+01, 2.44258603e+04, 1.12093207e-24
7.58157646e+01, 1.88545036e+00, 1.30181611e-02, 9.48374811e-01, 1.76152705e-03, 2.83006722e+00, 4.05935769e-01, 9.69259591e+05, 1.26179775e+04, 1.26179775e+04, 1.64262864e+02, 5.49322005e+01, 2.54476580e+04, 1.21667670e-24
7.79441575e+01, 1.89731999e+00, 1.26671819e-02, 9.48445567e-01, 1.69077139e-03, 2.83557681e+00, 4.00426178e-01, 9.98054848e+05, 1.26425423e+04, 1.26425423e+04, 1.60145382e+02, 5.49957720e+01, 2.65125923e+04, 1.32063846e-24
8.01323013e+01, 1.90919379e+00, 1.23255471e-02, 9.48513504e-01, 1.62283443e-03, 2.84101352e+00, 3.94989471e-01, 1.02768518e+06, 1.26667821e+04, 1.26667821e+04, 1.56125019e+02, 5.50593005e+01, 2.76224896e+04, 1.43352473e-24
8.23818733e+01, 1.92107165e+00, 1.19930143e-02, 9.48578733e-01, 1.55760545e-03, 2.84637823e+00, 3.89624761e-01, 1.05817441e+06, 1.26907009e+04, 1.26907009e+04, 1.52199757e+02, 5.51227863e+01, 2.87792538e+04, 1.55610397e-24
8.46945981e+01, 1.93295345e+00, 1.16693470e-02, 9.48641360e-01, 1.49497793e-03, 2.85167182e+00, 3.84331167e-01, 1.08954705e+06, 1.27143026e+04, 1.27143026e+04, 1.48367609e+02, 5.51862299e+01, 2.99848695e+04, 1.68921091e-24
8.70722485e+01, 1.94483908e+00, 1.13543144e-02, 9.48701489e-01, 1.43484948e-03, 2.85689517e+00, 3.79107816e-01, 1.12182829e+06, 1.27375911e+04, 1.27375911e+04, 1.44626614e+02, 5.52496319e+01, 3.12414052e+04, 1.83375231e-24
8.95166472e+01, 1.95672846e+00, 1.10476916e-02, 9.48759217e-01, 1.37712163e-03, 2.86204915e+00, 3.73953844e-01, 1.15504404e+06, 1.27605703e+04, 1.27605703e+04, 1.40974845e+02, 5.53129927e+01, 3.25510175e+04, 1.99071318e-24
9.20296681e+01, 1.96862147e+00, 1.07492590e-02, 9.48814639e-01, 1.32169972e-03, 2.86713460e+00, 3.68868395e-01, 1.18922095e+06, 1.27832440e+04, 1.27832440e+04, 1.37410401e+02, 5.53763128e+01, 3.39159540e+04, 2.16116352e-24
9.46132376e+01, 1.98051802e+00, 1.04588028e-02, 9.48867846e-01, 1.26849274e-03, 2.87215237e+00, 3.63850620e-01, 1.22438640e+06, 1.28056160e+04, 1.28056160e+04, 1.33931413e+02, 5.54395925e+01, 3.53385577e+04, 2.34626571e-24
9.72693362e+01, 1.99241802e+00, 1.01761143e-02, 9.48918925e-01, 1.21741319e-03, 2.87710331e+00, 3.58899677e-01, 1.26056858e+06, 1.28276900e+04, 1.28276900e+04, 1.30536040e+02, 5.55028324e+01, 3.68212709e+04, 2.54728245e-24
1.00000000e+02, 2.00432137e+00, 9.90099010e-03, 9.48967961e-01, 1.16837697e-03, 2.88198826e+00, 3.54014734e-01, 1.29779644e+06, 1.28494697e+04, 1.28494697e+04, 1.27222472e+02, 5.55660329e+01, 3.83666396e+04, 2.76558544e-24
