 --- Cosmological Parameters --- 
	 H0: 2.1561e-18 (1/s) = 66.5300 (km/s/Mpc) 
	 OmegaM: 3.2300e-01 
	 OmegaR: 0.0000e+00 
	 OmegaL: 6.7700e-01 
	 OmegaK: 0.0000e+00 
		 w0: -1.0000e+00 
		 wa: 0.0000e+00 
	 rho_crit: 8.3160e-30 (g/cm^3) 
z, log10(1+z), a, H0*t_look, H0*t_age, H0*t_conf, H0*t_conf_age, d_L, d_LOS, d_trans, d_ang, d_mod, H(z), rho_c(z) 
1.00000000e-04, 4.34272769e-05, 9.99900010e-01, 9.99925780e-05, 9.44175792e-01, 9.99975775e-05, 3.20716525e+00, 4.50646586e-01, 4.50601526e-01, 4.50601526e-01, 4.50556471e-01, 2.32691804e+01, 6.65332236e+01, 8.31680820e-30
1.02807322e-04, 4.46463579e-05, 9.99897203e-01, 1.02799478e-04, 9.44172986e-01, 1.02804762e-04, 3.20716244e+00, 4.63298674e-01, 4.63251049e-01, 4.63251049e-01, 4.63203428e-01, 2.33293053e+01, 6.65333141e+01, 8.31683083e-30
1.05693455e-04, 4.58996588e-05, 9.99894318e-01, 1.05685164e-04, 9.44170100e-01, 1.05690749e-04, 3.20715956e+00, 4.76306003e-01, 4.76255666e-01, 4.76255666e-01, 4.76205334e-01, 2.33894303e+01, 6.65334072e+01, 8.31685409e-30
1.08660611e-04, 4.71881402e-05, 9.99891351e-01, 1.08651848e-04, 9.44167133e-01, 1.08657751e-04, 3.20715659e+00, 4.89678549e-01, 4.89625346e-01, 4.89625346e-01, 4.89572149e-01, 2.34495554e+01, 6.65335028e+01, 8.31687800e-30
1.11711065e-04, 4.85127895e-05, 9.99888301e-01, 1.11701803e-04, 9.44164083e-01, 1.11708042e-04, 3.20715354e+00, 5.03426568e-01, 5.03370336e-01, 5.03370336e-01, 5.03314110e-01, 2.35096807e+01, 6.65336012e+01, 8.31690259e-30
1.14847155e-04, 4.98746217e-05, 9.99885166e-01, 1.14837365e-04, 9.44160948e-01, 1.14843959e-04, 3.20715040e+00, 5.17560604e-01, 5.17501171e-01, 5.17501171e-01, 5.17441744e-01, 2.35698061e+01, 6.65337023e+01, 8.31692787e-30
1.18071285e-04, 5.12746804e-05, 9.99881943e-01, 1.18060938e-04, 9.44157724e-01, 1.18067907e-04, 3.20714718e+00, 5.32091499e-01, 5.32028681e-01, 5.32028681e-01, 5.31965872e-01, 2.36299316e+01, 6.65338062e+01, 8.31695385e-30
1.21385926e-04, 5.27140387e-05, 9.99878629e-01, 1.21374990e-04, 9.44154410e-01, 1.21382357e-04, 3.20714386e+00, 5.47030396e-01, 5.46964003e-01, 5.46964003e-01, 5.46897617e-01, 2.36900573e+01, 6.65339131e+01, 8.31698057e-30
1.24793621e-04, 5.41937993e-05, 9.99875222e-01, 1.24782062e-04, 9.44151003e-01, 1.24789848e-04, 3.20714046e+00, 5.62388755e-01, 5.62318581e-01, 5.62318581e-01, 5.62248416e-01, 2.37501831e+01, 6.65340230e+01, 8.31700804e-30
1.28296980e-04, 5.57150964e-05, 9.99871719e-01, 1.28284763e-04, 9.44147500e-01, 1.28292992e-04, 3.20713695e+00, 5.78178355e-01, 5.78104186e-01, 5.78104186e-01, 5.78030026e-01, 2.38103091e+01, 6.65341359e+01, 8.31703628e-30
1.31898690e-04, 5.72790956e-05, 9.99868119e-01, 1.31885778e-04, 9.44143899e-01, 1.31894475e-04, 3.20713335e+00, 5.94411307e-01, 5.94332915e-01, 5.94332915e-01, 5.94254534e-01, 2.38704353e+01, 6.65342520e+01, 8.31706531e-30
1.35601511e-04, 5.88869955e-05, 9.99864417e-01, 1.35587864e-04, 9.44140197e-01, 1.35597057e-04, 3.20712965e+00, 6.11100063e-01, 6.11017208e-01, 6.11017208e-01, 6.10934365e-01, 2.39305616e+01, 6.65343714e+01, 8.31709515e-30
1.39408283e-04, 6.05400281e-05, 9.99860611e-01, 1.39393858e-04, 9.44136391e-01, 1.39403574e-04, 3.20712584e+00, 6.28257424e-01, 6.28169852e-01, 6.28169852e-01, 6.28082292e-01, 2.39906881e+01, 6.65344941e+01, 8.31712584e-30
1.43321923e-04, 6.22394601e-05, 9.99856699e-01, 1.43306677e-04, 9.44132478e-01, 1.43316946e-04, 3.20712193e+00, 6.45896550e-01, 6.45803992e-01, 6.45803992e-01, 6.45711448e-01, 2.40508148e+01, 6.65346203e+01, 8.31715738e-30
1.47345431e-04, 6.39865937e-05, 9.99852676e-01, 1.47329318e-04, 9.44128456e-01, 1.47340171e-04, 3.20711791e+00, 6.64030973e-01, 6.63933145e-01, 6.63933145e-01, 6.63835332e-01, 2.41109417e+01, 6.65347500e+01, 8.31718981e-30
1.51481892e-04, 6.57827676e-05, 9.99848541e-01, 1.51464862e-04, 9.44124320e-01, 1.51476333e-04, 3.20711377e+00, 6.82674602e-01, 6.82571205e-01, 6.82571205e-01, 6.82467823e-01, 2.41710687e+01, 6.65348834e+01, 8.31722316e-30
1.55734477e-04, 6.76293582e-05, 9.99844290e-01, 1.55716477e-04, 9.44120069e-01, 1.55728602e-04, 3.20710952e+00, 7.01841740e-01, 7.01732456e-01, 7.01732456e-01, 7.01623189e-01, 2.42311960e+01, 6.65350205e+01, 8.31725743e-30
1.60106446e-04, 6.95277803e-05, 9.99839919e-01, 1.60087421e-04, 9.44115698e-01, 1.60100236e-04, 3.20710515e+00, 7.21547090e-01, 7.21431584e-01, 7.21431584e-01, 7.21316097e-01, 2.42913234e+01, 6.65351615e+01, 8.31729268e-30
1.64601150e-04, 7.14794886e-05, 9.99835426e-01, 1.64581042e-04, 9.44111204e-01, 1.64594587e-04, 3.20710065e+00, 7.41805769e-01, 7.41683687e-01, 7.41683687e-01, 7.41561625e-01, 2.43514510e+01, 6.65353064e+01, 8.31732891e-30
1.69222035e-04, 7.34859785e-05, 9.99830807e-01, 1.69200782e-04, 9.44106584e-01, 1.69215098e-04, 3.20709603e+00, 7.62633318e-01, 7.62504286e-01, 7.62504286e-01, 7.62375275e-01, 2.44115789e+01, 6.65354554e+01, 8.31736616e-30
1.73972643e-04, 7.55487874e-05, 9.99826058e-01, 1.73950180e-04, 9.44101835e-01, 1.73965311e-04, 3.20709128e+00, 7.84045716e-01, 7.83909337e-01, 7.83909337e-01, 7.83772982e-01, 2.44717069e+01, 6.65356085e+01, 8.31740445e-30
1.78856616e-04, 7.76694958e-05, 9.99821175e-01, 1.78832874e-04, 9.44096952e-01, 1.78848866e-04, 3.20708640e+00, 8.06059389e-01, 8.05915245e-01, 8.05915245e-01, 8.05771128e-01, 2.45318352e+01, 6.65357660e+01, 8.31744382e-30
1.83877698e-04, 7.98497285e-05, 9.99816156e-01, 1.83852605e-04, 9.44091932e-01, 1.83869507e-04, 3.20708138e+00, 8.28691226e-01, 8.28538877e-01, 8.28538877e-01, 8.28386555e-01, 2.45919637e+01, 6.65359279e+01, 8.31748430e-30
1.89039738e-04, 8.20911560e-05, 9.99810996e-01, 1.89013216e-04, 9.44086772e-01, 1.89031080e-04, 3.20707622e+00, 8.51958592e-01, 8.51797569e-01, 8.51797569e-01, 8.51636575e-01, 2.46520924e+01, 6.65360943e+01, 8.31752591e-30
1.94346693e-04, 8.43954955e-05, 9.99805691e-01, 1.94318661e-04, 9.44081466e-01, 1.94337542e-04, 3.20707091e+00, 8.75879338e-01, 8.75709146e-01, 8.75709146e-01, 8.75538988e-01, 2.47122214e+01, 6.65362655e+01, 8.31756869e-30
1.99802631e-04, 8.67645125e-05, 9.99800237e-01, 1.99773003e-04, 9.44076012e-01, 1.99792960e-04, 3.20706545e+00, 9.00471816e-01, 9.00291935e-01, 9.00291935e-01, 9.00112091e-01, 2.47723506e+01, 6.65364414e+01, 8.31761267e-30
2.05411735e-04, 8.92000219e-05, 9.99794630e-01, 2.05380420e-04, 9.44070405e-01, 2.05401513e-04, 3.20705985e+00, 9.25754896e-01, 9.25564775e-01, 9.25564775e-01, 9.25374692e-01, 2.48324801e+01, 6.65366222e+01, 8.31765789e-30
2.11178304e-04, 9.17038897e-05, 9.99788866e-01, 2.11145207e-04, 9.44064640e-01, 2.11167501e-04, 3.20705408e+00, 9.51747978e-01, 9.51547032e-01, 9.51547032e-01, 9.51346128e-01, 2.48926098e+01, 6.65368082e+01, 8.31770438e-30
2.17106760e-04, 9.42780341e-05, 9.99782940e-01, 2.17071779e-04, 9.44058713e-01, 2.17095341e-04, 3.20704815e+00, 9.78471006e-01, 9.78258620e-01, 9.78258620e-01, 9.78046279e-01, 2.49527398e+01, 6.65369993e+01, 8.31775217e-30
2.23201647e-04, 9.69244272e-05, 9.99776848e-01, 2.23164674e-04, 9.44052620e-01, 2.23189578e-04, 3.20704206e+00, 1.00594449e+00, 1.00572001e+00, 1.00572001e+00, 1.00549558e+00, 2.50128701e+01, 6.65371959e+01, 8.31780131e-30
2.29467637e-04, 9.96450962e-05, 9.99770585e-01, 2.29428559e-04, 9.44046356e-01, 2.29454880e-04, 3.20703579e+00, 1.03418950e+00, 1.03395224e+00, 1.03395224e+00, 1.03371504e+00, 2.50730006e+01, 6.65373979e+01, 8.31785182e-30
2.35909533e-04, 1.02442125e-04, 9.99764146e-01, 2.35868230e-04, 9.44039917e-01, 2.35896050e-04, 3.20702935e+00, 1.06322772e+00, 1.06297695e+00, 1.06297695e+00, 1.06272625e+00, 2.51331315e+01, 6.65376056e+01, 8.31790376e-30
2.42532274e-04, 1.05317657e-04, 9.99757527e-01, 2.42488620e-04, 9.44033296e-01, 2.42518024e-04, 3.20702273e+00, 1.09308143e+00, 1.09281639e+00, 1.09281639e+00, 1.09255141e+00, 2.51932626e+01, 6.65378192e+01, 8.31795715e-30
2.49340937e-04, 1.08273895e-04, 9.99750721e-01, 2.49294798e-04, 9.44026490e-01, 2.49325875e-04, 3.20701592e+00, 1.12377355e+00, 1.12349342e+00, 1.12349342e+00, 1.12321335e+00, 2.52533940e+01, 6.65380387e+01, 8.31801204e-30
2.56340741e-04, 1.11313103e-04, 9.99743725e-01, 2.56291975e-04, 9.44019493e-01, 2.56324822e-04, 3.20700892e+00, 1.15532762e+00, 1.15503154e+00, 1.15503154e+00, 1.15473553e+00, 2.53135258e+01, 6.65382644e+01, 8.31806848e-30
2.63537052e-04, 1.14437609e-04, 9.99736532e-01, 2.63485510e-04, 9.44012300e-01, 2.63520226e-04, 3.20700173e+00, 1.18776787e+00, 1.18745493e+00, 1.18745493e+00, 1.18714207e+00, 2.53736579e+01, 6.65384965e+01, 8.31812649e-30
2.70935387e-04, 1.17649806e-04, 9.99729138e-01, 2.70880910e-04, 9.44004904e-01, 2.70917603e-04, 3.20699433e+00, 1.22111918e+00, 1.22078843e+00, 1.22078843e+00, 1.22045776e+00, 2.54337903e+01, 6.65387351e+01, 8.31818614e-30
2.78541416e-04, 1.20952156e-04, 9.99721536e-01, 2.78483838e-04, 9.43997301e-01, 2.78522620e-04, 3.20698672e+00, 1.25540717e+00, 1.25505758e+00, 1.25505758e+00, 1.25470809e+00, 2.54939230e+01, 6.65389803e+01, 8.31824747e-30
2.86360972e-04, 1.24347187e-04, 9.99713721e-01, 2.86300116e-04, 9.43989485e-01, 2.86341106e-04, 3.20697891e+00, 1.29065814e+00, 1.29028865e+00, 1.29028865e+00, 1.28991927e+00, 2.55540561e+01, 6.65392325e+01, 8.31831052e-30
2.94400048e-04, 1.27837499e-04, 9.99705687e-01, 2.94335727e-04, 9.43981449e-01, 2.94379050e-04, 3.20697087e+00, 1.32689915e+00, 1.32650863e+00, 1.32650863e+00, 1.32611822e+00, 2.56141896e+01, 6.65394917e+01, 8.31837533e-30
3.02664806e-04, 1.31425767e-04, 9.99697427e-01, 3.02596824e-04, 9.43973188e-01, 3.02642613e-04, 3.20696260e+00, 1.36415803e+00, 1.36374527e+00, 1.36374527e+00, 1.36333264e+00, 2.56743234e+01, 6.65397583e+01, 8.31844197e-30
3.11161583e-04, 1.35114738e-04, 9.99688935e-01, 3.11089731e-04, 9.43964695e-01, 3.11138126e-04, 3.20695411e+00, 1.40246337e+00, 1.40202711e+00, 1.40202711e+00, 1.40159099e+00, 2.57344576e+01, 6.65400323e+01, 8.31851048e-30
3.19896892e-04, 1.38907238e-04, 9.99680205e-01, 3.19820949e-04, 9.43955964e-01, 3.19872100e-04, 3.20694538e+00, 1.44184458e+00, 1.44138348e+00, 1.44138348e+00, 1.44092253e+00, 2.57945922e+01, 6.65403140e+01, 8.31858092e-30
3.28877429e-04, 1.42806171e-04, 9.99671231e-01, 3.28797163e-04, 9.43946988e-01, 3.28851225e-04, 3.20693640e+00, 1.48233188e+00, 1.48184454e+00, 1.48184454e+00, 1.48135735e+00, 2.58547272e+01, 6.65406036e+01, 8.31865333e-30
3.38110078e-04, 1.46814523e-04, 9.99662004e-01, 3.38025243e-04, 9.43937760e-01, 3.38082383e-04, 3.20692716e+00, 1.52395637e+00, 1.52344128e+00, 1.52344128e+00, 1.52292637e+00, 2.59148627e+01, 6.65409014e+01, 8.31872778e-30
3.47601918e-04, 1.50935364e-04, 9.99652519e-01, 3.47512253e-04, 9.43928273e-01, 3.47572646e-04, 3.20691767e+00, 1.56675001e+00, 1.56620559e+00, 1.56620559e+00, 1.56566136e+00, 2.59749985e+01, 6.65412075e+01, 8.31880432e-30
3.57360225e-04, 1.55171849e-04, 9.99642767e-01, 3.57265455e-04, 9.43918520e-01, 3.57329286e-04, 3.20690792e+00, 1.61074563e+00, 1.61017022e+00, 1.61017022e+00, 1.60959502e+00, 2.60351348e+01, 6.65415222e+01, 8.31888301e-30
3.67392478e-04, 1.59527223e-04, 9.99632742e-01, 3.67292314e-04, 9.43908493e-01, 3.67359778e-04, 3.20689789e+00, 1.65597704e+00, 1.65536887e+00, 1.65536887e+00, 1.65476092e+00, 2.60952716e+01, 6.65418457e+01, 8.31896391e-30
3.77706369e-04, 1.64004821e-04, 9.99622436e-01, 3.77600503e-04, 9.43898185e-01, 3.77671807e-04, 3.20688758e+00, 1.70247895e+00, 1.70183616e+00, 1.70183616e+00, 1.70119360e+00, 2.61554088e+01, 6.65421784e+01, 8.31904708e-30
3.88309805e-04, 1.68608072e-04, 9.99611841e-01, 3.88197911e-04, 9.43887587e-01, 3.88273275e-04, 3.20687697e+00, 1.75028708e+00, 1.74960769e+00, 1.74960769e+00, 1.74892856e+00, 2.62155464e+01, 6.65425204e+01, 8.31913259e-30
3.99210913e-04, 1.73340499e-04, 9.99600948e-01, 3.99092650e-04, 9.43876692e-01, 3.99172303e-04, 3.20686608e+00, 1.79943813e+00, 1.79872006e+00, 1.79872006e+00, 1.79800228e+00, 2.62756846e+01, 6.65428720e+01, 8.31922051e-30
4.10418050e-04, 1.78205728e-04, 9.99589750e-01, 4.10293055e-04, 9.43865492e-01, 4.10377242e-04, 3.20685487e+00, 1.84996986e+00, 1.84921091e+00, 1.84921091e+00, 1.84845228e+00, 2.63358233e+01, 6.65432334e+01, 8.31931089e-30
4.21939808e-04, 1.83207482e-04, 9.99578238e-01, 4.21807697e-04, 9.43853977e-01, 4.21896676e-04, 3.20684335e+00, 1.90192108e+00, 1.90111892e+00, 1.90111892e+00, 1.90031710e+00, 2.63959625e+01, 6.65436051e+01, 8.31940381e-30
4.33785019e-04, 1.88349591e-04, 9.99566403e-01, 4.33645387e-04, 9.43842140e-01, 4.33739431e-04, 3.20683151e+00, 1.95533167e+00, 1.95448384e+00, 1.95448384e+00, 1.95363639e+00, 2.64561022e+01, 6.65439871e+01, 8.31949934e-30
4.45962763e-04, 1.93635993e-04, 9.99554236e-01, 4.45815182e-04, 9.43829970e-01, 4.45914579e-04, 3.20681933e+00, 2.01024267e+00, 2.00934658e+00, 2.00934658e+00, 2.00845088e+00, 2.65162424e+01, 6.65443799e+01, 8.31959756e-30
4.58482375e-04, 1.99070734e-04, 9.99541728e-01, 4.58326393e-04, 9.43817459e-01, 4.58431448e-04, 3.20680682e+00, 2.06669626e+00, 2.06574915e+00, 2.06574915e+00, 2.06480247e+00, 2.65763833e+01, 6.65447838e+01, 8.31969854e-30
4.71353453e-04, 2.04657975e-04, 9.99528869e-01, 4.71188592e-04, 9.43804596e-01, 4.71299627e-04, 3.20679395e+00, 2.12473579e+00, 2.12373476e+00, 2.12373476e+00, 2.12273420e+00, 2.66365247e+01, 6.65451989e+01, 8.31980235e-30
4.84585864e-04, 2.10401992e-04, 9.99515649e-01, 4.84411618e-04, 9.43791373e-01, 4.84528973e-04, 3.20678072e+00, 2.18440586e+00, 2.18334784e+00, 2.18334784e+00, 2.18229034e+00, 2.66966667e+01, 6.65456258e+01, 8.31990908e-30
4.98189752e-04, 2.16307184e-04, 9.99502058e-01, 4.98005586e-04, 9.43777779e-01, 4.98129622e-04, 3.20676712e+00, 2.24575231e+00, 2.24463406e+00, 2.24463406e+00, 2.24351636e+00, 2.67568093e+01, 6.65460646e+01, 8.32001882e-30
5.12175544e-04, 2.22378069e-04, 9.99488087e-01, 5.11980895e-04, 9.43763804e-01, 5.12111990e-04, 3.20675314e+00, 2.30882227e+00, 2.30764035e+00, 2.30764035e+00, 2.30645904e+00, 2.68169525e+01, 6.65465158e+01, 8.32013163e-30
5.26553963e-04, 2.28619296e-04, 9.99473723e-01, 5.26348233e-04, 9.43749437e-01, 5.26486791e-04, 3.20673876e+00, 2.37366419e+00, 2.37241499e+00, 2.37241499e+00, 2.37116644e+00, 2.68770964e+01, 6.65469796e+01, 8.32024761e-30
5.41336030e-04, 2.35035640e-04, 9.99458957e-01, 5.41118589e-04, 9.43734666e-01, 5.41265033e-04, 3.20672398e+00, 2.44032791e+00, 2.43900759e+00, 2.43900759e+00, 2.43768798e+00, 2.69372409e+01, 6.65474565e+01, 8.32036686e-30
5.56533078e-04, 2.41632013e-04, 9.99443776e-01, 5.56303259e-04, 9.43719482e-01, 5.56458038e-04, 3.20670879e+00, 2.50886465e+00, 2.50746916e+00, 2.50746916e+00, 2.50607444e+00, 2.69973862e+01, 6.65479467e+01, 8.32048945e-30
5.72156756e-04, 2.48413463e-04, 9.99428170e-01, 5.71913854e-04, 9.43703871e-01, 5.72077443e-04, 3.20669317e+00, 2.57932708e+00, 2.57785214e+00, 2.57785214e+00, 2.57637805e+00, 2.70575321e+01, 6.65484508e+01, 8.32061549e-30
5.88219040e-04, 2.55385179e-04, 9.99412127e-01, 5.87962312e-04, 9.43687823e-01, 5.88135212e-04, 3.20667711e+00, 2.65176935e+00, 2.65021045e+00, 2.65021045e+00, 2.64865246e+00, 2.71176787e+01, 6.65489690e+01, 8.32074508e-30
6.04732245e-04, 2.62552498e-04, 9.99395633e-01, 6.04460903e-04, 9.43671324e-01, 6.04643644e-04, 3.20666060e+00, 2.72624715e+00, 2.72459949e+00, 2.72459949e+00, 2.72295284e+00, 2.71778261e+01, 6.65495017e+01, 8.32087830e-30
6.21709029e-04, 2.69920903e-04, 9.99378677e-01, 6.21422241e-04, 9.43654363e-01, 6.21615383e-04, 3.20664363e+00, 2.80281771e+00, 2.80107626e+00, 2.80107626e+00, 2.79933589e+00, 2.72379743e+01, 6.65500495e+01, 8.32101527e-30
6.39162405e-04, 2.77496033e-04, 9.99361246e-01, 6.38859293e-04, 9.43636926e-01, 6.39063428e-04, 3.20662618e+00, 2.88153992e+00, 2.87969932e+00, 2.87969932e+00, 2.87785990e+00, 2.72981232e+01, 6.65506126e+01, 8.32115609e-30
6.57105755e-04, 2.85283683e-04, 9.99343326e-01, 6.56785388e-04, 9.43619000e-01, 6.57001141e-04, 3.20660825e+00, 2.96247427e+00, 2.96052889e+00, 2.96052889e+00, 2.95858479e+00, 2.73582729e+01, 6.65511916e+01, 8.32130087e-30
6.75552832e-04, 2.93289812e-04, 9.99324903e-01, 6.75214229e-04, 9.43600571e-01, 6.75442262e-04, 3.20658981e+00, 3.04568300e+00, 3.04362687e+00, 3.04362687e+00, 3.04157213e+00, 2.74184235e+01, 6.65517868e+01, 8.32144972e-30
6.94517777e-04, 3.01520545e-04, 9.99305964e-01, 6.94159900e-04, 9.43581625e-01, 6.94400912e-04, 3.20657085e+00, 3.13123010e+00, 3.12905691e+00, 3.12905691e+00, 3.12688523e+00, 2.74785749e+01, 6.65523987e+01, 8.32160275e-30
7.14015130e-04, 3.09982178e-04, 9.99286494e-01, 7.13636882e-04, 9.43562148e-01, 7.13891611e-04, 3.20655136e+00, 3.21918133e+00, 3.21688443e+00, 3.21688443e+00, 3.21458916e+00, 2.75387272e+01, 6.65530279e+01, 8.32176009e-30
7.34059837e-04, 3.18681185e-04, 9.99266479e-01, 7.33660058e-04, 9.43542125e-01, 7.33929285e-04, 3.20653132e+00, 3.30960434e+00, 3.30717668e+00, 3.30717668e+00, 3.30475079e+00, 2.75988804e+01, 6.65536747e+01, 8.32192185e-30
7.54667263e-04, 3.27624220e-04, 9.99245902e-01, 7.54244729e-04, 9.43521540e-01, 7.54529277e-04, 3.20651072e+00, 3.40256868e+00, 3.40000281e+00, 3.40000281e+00, 3.39743887e+00, 2.76590345e+01, 6.65543397e+01, 8.32208815e-30
7.75853206e-04, 3.36818122e-04, 9.99224748e-01, 7.75406620e-04, 9.43500378e-01, 7.75707364e-04, 3.20648954e+00, 3.49814584e+00, 3.49543390e+00, 3.49543390e+00, 3.49272406e+00, 2.77191896e+01, 6.65550234e+01, 8.32225914e-30
7.97633907e-04, 3.46269924e-04, 9.99203002e-01, 7.97161901e-04, 9.43478623e-01, 7.97479760e-04, 3.20646777e+00, 3.59640936e+00, 3.59354303e+00, 3.59354303e+00, 3.59067898e+00, 2.77793456e+01, 6.65557263e+01, 8.32243493e-30
8.20026062e-04, 3.55986854e-04, 9.99180646e-01, 8.19527190e-04, 9.43456258e-01, 8.19863138e-04, 3.20644538e+00, 3.69743482e+00, 3.69440531e+00, 3.69440531e+00, 3.69137829e+00, 2.78395026e+01, 6.65564490e+01, 8.32261566e-30
8.43046837e-04, 3.65976343e-04, 9.99157663e-01, 8.42519569e-04, 9.43433265e-01, 8.42874637e-04, 3.20642237e+00, 3.80129996e+00, 3.79809799e+00, 3.79809799e+00, 3.79489871e+00, 2.78996607e+01, 6.65571919e+01, 8.32280147e-30
8.66713880e-04, 3.76246030e-04, 9.99134037e-01, 8.66156600e-04, 9.43409628e-01, 8.66531875e-04, 3.20639872e+00, 3.90808470e+00, 3.90470045e+00, 3.90470045e+00, 3.90131912e+00, 2.79598198e+01, 6.65579558e+01, 8.32299251e-30
8.91045332e-04, 3.86803767e-04, 9.99109748e-01, 8.90456333e-04, 9.43385329e-01, 8.90852964e-04, 3.20637439e+00, 4.01787122e+00, 4.01429430e+00, 4.01429430e+00, 4.01072057e+00, 2.80199801e+01, 6.65587412e+01, 8.32318893e-30
9.16059848e-04, 3.97657626e-04, 9.99084779e-01, 9.15437323e-04, 9.43360348e-01, 9.15856526e-04, 3.20634939e+00, 4.13074401e+00, 4.12696346e+00, 4.12696346e+00, 4.12318638e+00, 2.80801414e+01, 6.65595486e+01, 8.32339086e-30
9.41776601e-04, 4.08815904e-04, 9.99059110e-01, 9.41118643e-04, 9.43334666e-01, 9.41561702e-04, 3.20632369e+00, 4.24678995e+00, 4.24279418e+00, 4.24279418e+00, 4.23880218e+00, 2.81403039e+01, 6.65603787e+01, 8.32359848e-30
9.68215306e-04, 4.20287133e-04, 9.99032721e-01, 9.67519899e-04, 9.43308265e-01, 9.67988171e-04, 3.20629726e+00, 4.36609837e+00, 4.36187514e+00, 4.36187514e+00, 4.35765599e+00, 2.82004676e+01, 6.65612321e+01, 8.32381193e-30
9.95396231e-04, 4.32080081e-04, 9.99005594e-01, 9.94661244e-04, 9.43281124e-01, 9.95156163e-04, 3.20627009e+00, 4.48876115e+00, 4.48429749e+00, 4.48429749e+00, 4.47983828e+00, 2.82606325e+01, 6.65621096e+01, 8.32403139e-30
1.02334021e-03, 4.44203760e-04, 9.98977706e-01, 1.02256339e-03, 9.43253222e-01, 1.02308647e-03, 3.20624216e+00, 4.61487271e+00, 4.61015495e+00, 4.61015495e+00, 4.60544202e+00, 2.83207986e+01, 6.65630117e+01, 8.32425703e-30
1.05206867e-03, 4.56667438e-04, 9.98949037e-01, 1.05124764e-03, 9.43224537e-01, 1.05180049e-03, 3.20621345e+00, 4.74453018e+00, 4.73954386e+00, 4.73954386e+00, 4.73456277e+00, 2.83809661e+01, 6.65639392e+01, 8.32448901e-30
1.08160363e-03, 4.69480638e-04, 9.98919565e-01, 1.08073587e-03, 9.43195049e-01, 1.08132017e-03, 3.20618393e+00, 4.87783343e+00, 4.87256325e+00, 4.87256325e+00, 4.86729876e+00, 2.84411348e+01, 6.65648928e+01, 8.32472751e-30
1.11196773e-03, 4.82653152e-04, 9.98889267e-01, 1.11105058e-03, 9.43164734e-01, 1.11166814e-03, 3.20615358e+00, 5.01488513e+00, 5.00931494e+00, 5.00931494e+00, 5.00375093e+00, 2.85013049e+01, 6.65658731e+01, 8.32497273e-30
1.14318425e-03, 4.96195044e-04, 9.98858121e-01, 1.14221490e-03, 9.43133570e-01, 1.14286759e-03, 3.20612238e+00, 5.15579087e+00, 5.14990358e+00, 5.14990358e+00, 5.14402302e+00, 2.85614765e+01, 6.65668811e+01, 8.32522485e-30
1.17527712e-03, 5.10116661e-04, 9.98826103e-01, 1.17425260e-03, 9.43101532e-01, 1.17494243e-03, 3.20609030e+00, 5.30065922e+00, 5.29443679e+00, 5.29443679e+00, 5.28822166e+00, 2.86216494e+01, 6.65679174e+01, 8.32548406e-30
1.20827094e-03, 5.24428638e-04, 9.98793187e-01, 1.20718810e-03, 9.43068597e-01, 1.20791719e-03, 3.20605733e+00, 5.44960181e+00, 5.44302516e+00, 5.44302516e+00, 5.43645645e+00, 2.86818239e+01, 6.65689828e+01, 8.32575056e-30
1.24219100e-03, 5.39141905e-04, 9.98759350e-01, 1.24104654e-03, 9.43034739e-01, 1.24181711e-03, 3.20602343e+00, 5.60273344e+00, 5.59578241e+00, 5.59578241e+00, 5.58884000e+00, 2.87419998e+01, 6.65700782e+01, 8.32602457e-30
1.27706330e-03, 5.54267703e-04, 9.98724566e-01, 1.27585371e-03, 9.42999931e-01, 1.27666813e-03, 3.20598858e+00, 5.76017215e+00, 5.75282543e+00, 5.75282543e+00, 5.74548807e+00, 2.88021773e+01, 6.65712044e+01, 8.32630629e-30
1.31291459e-03, 5.69817580e-04, 9.98688807e-01, 1.31163615e-03, 9.42964149e-01, 1.31249691e-03, 3.20595275e+00, 5.92203931e+00, 5.91427438e+00, 5.91427438e+00, 5.90651962e+00, 2.88623564e+01, 6.65723623e+01, 8.32659593e-30
1.34977233e-03, 5.85803413e-04, 9.98652047e-01, 1.34842114e-03, 9.42927364e-01, 1.34933087e-03, 3.20591592e+00, 6.08845975e+00, 6.08025279e+00, 6.08025279e+00, 6.07205690e+00, 2.89225372e+01, 6.65735528e+01, 8.32689373e-30
1.38766479e-03, 6.02237406e-04, 9.98614258e-01, 1.38623671e-03, 9.42889548e-01, 1.38719819e-03, 3.20587805e+00, 6.25956180e+00, 6.25088766e+00, 6.25088766e+00, 6.24222555e+00, 2.89827197e+01, 6.65747767e+01, 8.32719991e-30
1.42662102e-03, 6.19132106e-04, 9.98575411e-01, 1.42511166e-03, 9.42850673e-01, 1.42612785e-03, 3.20583912e+00, 6.43547744e+00, 6.42630953e+00, 6.42630953e+00, 6.41715468e+00, 2.90429039e+01, 6.65760351e+01, 8.32751471e-30
1.46667087e-03, 6.36500410e-04, 9.98535477e-01, 1.46507562e-03, 9.42810709e-01, 1.46614962e-03, 3.20579910e+00, 6.61634239e+00, 6.60665260e+00, 6.60665260e+00, 6.59697701e+00, 2.91030899e+01, 6.65773289e+01, 8.32783838e-30
1.50784505e-03, 6.54355573e-04, 9.98494425e-01, 1.50615901e-03, 9.42769626e-01, 1.50729412e-03, 3.20575795e+00, 6.80229620e+00, 6.79205483e+00, 6.79205483e+00, 6.78182889e+00, 2.91632777e+01, 6.65786591e+01, 8.32817116e-30
1.55017512e-03, 6.72711224e-04, 9.98452224e-01, 1.54839314e-03, 9.42727392e-01, 1.54959282e-03, 3.20571565e+00, 6.99348238e+00, 6.98265804e+00, 6.98265804e+00, 6.97185045e+00, 2.92234674e+01, 6.65800267e+01, 8.32851330e-30
1.59369353e-03, 6.91581368e-04, 9.98408842e-01, 1.59181014e-03, 9.42683975e-01, 1.59307807e-03, 3.20567217e+00, 7.19004851e+00, 7.17860801e+00, 7.17860801e+00, 7.16718571e+00, 2.92836591e+01, 6.65814328e+01, 8.32886509e-30
1.63843365e-03, 7.10980403e-04, 9.98364246e-01, 1.63644308e-03, 9.42639342e-01, 1.63778314e-03, 3.20562746e+00, 7.39214634e+00, 7.38005461e+00, 7.38005461e+00, 7.36798266e+00, 2.93438528e+01, 6.65828785e+01, 8.32922678e-30
1.68442976e-03, 7.30923128e-04, 9.98318403e-01, 1.68232592e-03, 9.42593459e-01, 1.68374221e-03, 3.20558151e+00, 7.59993194e+00, 7.58715191e+00, 7.58715191e+00, 7.57439338e+00, 2.94040485e+01, 6.65843648e+01, 8.32959866e-30
1.73171713e-03, 7.51424755e-04, 9.98271277e-01, 1.72949358e-03, 9.42546291e-01, 1.73099044e-03, 3.20553426e+00, 7.81356577e+00, 7.80005828e+00, 7.80005828e+00, 7.78657414e+00, 2.94642464e+01, 6.65858930e+01, 8.32998101e-30
1.78033202e-03, 7.72500920e-04, 9.98222832e-01, 1.77798193e-03, 9.42497803e-01, 1.77956394e-03, 3.20548568e+00, 8.03321289e+00, 8.01893652e+00, 8.01893652e+00, 8.00468552e+00, 2.95244464e+01, 6.65874643e+01, 8.33037414e-30
1.83031168e-03, 7.94167695e-04, 9.98173032e-01, 1.82782787e-03, 9.42447957e-01, 1.82949986e-03, 3.20543575e+00, 8.25904300e+00, 8.24395400e+00, 8.24395400e+00, 8.22889256e+00, 2.95846486e+01, 6.65890797e+01, 8.33077834e-30
1.88169442e-03, 8.16441599e-04, 9.98121840e-01, 1.87906928e-03, 9.42396716e-01, 1.88083638e-03, 3.20538441e+00, 8.49123064e+00, 8.47528275e+00, 8.47528275e+00, 8.45936481e+00, 2.96448532e+01, 6.65907406e+01, 8.33119393e-30
1.93451965e-03, 8.39339613e-04, 9.98069215e-01, 1.93174514e-03, 9.42344040e-01, 1.93361275e-03, 3.20533163e+00, 8.72995529e+00, 8.71309963e+00, 8.71309963e+00, 8.69627651e+00, 2.97050601e+01, 6.65924483e+01, 8.33162123e-30
1.98882786e-03, 8.62879189e-04, 9.98015120e-01, 1.98589548e-03, 9.42289890e-01, 1.98786931e-03, 3.20527738e+00, 8.97540153e+00, 8.95758644e+00, 8.95758644e+00, 8.93980670e+00, 2.97652694e+01, 6.65942041e+01, 8.33206058e-30
2.04466067e-03, 8.87078267e-04, 9.97959511e-01, 2.04156144e-03, 9.42234224e-01, 2.04364753e-03, 3.20522160e+00, 9.22775919e+00, 9.20893006e+00, 9.20893006e+00, 9.19013934e+00, 2.98254813e+01, 6.65960093e+01, 8.33251231e-30
2.10206088e-03, 9.11955285e-04, 9.97902349e-01, 2.09878531e-03, 9.42177000e-01, 2.10099005e-03, 3.20516426e+00, 9.48722349e+00, 9.46732260e+00, 9.46732260e+00, 9.44746346e+00, 2.98856957e+01, 6.65978653e+01, 8.33297677e-30
2.16107251e-03, 9.37529196e-04, 9.97843588e-01, 2.15761057e-03, 9.42118174e-01, 2.15994070e-03, 3.20510531e+00, 9.75399518e+00, 9.73296155e+00, 9.73296155e+00, 9.71197327e+00, 2.99459127e+01, 6.65997736e+01, 8.33345433e-30
2.22174078e-03, 9.63819479e-04, 9.97783184e-01, 2.21808187e-03, 9.42057703e-01, 2.22054452e-03, 3.20504470e+00, 1.00282808e+01, 1.00060499e+01, 1.00060499e+01, 9.98386833e+00, 3.00061324e+01, 6.66017357e+01, 8.33394535e-30
2.28411221e-03, 9.90846156e-04, 9.97721093e-01, 2.28024513e-03, 9.41995540e-01, 2.28284782e-03, 3.20498240e+00, 1.03102925e+01, 1.02867963e+01, 1.02867963e+01, 1.02633537e+01, 3.00663549e+01, 6.66037530e+01, 8.33445022e-30
2.34823460e-03, 1.01862981e-03, 9.97657267e-01, 2.34414751e-03, 9.41931638e-01, 2.34689821e-03, 3.20491835e+00, 1.06002489e+01, 1.05754154e+01, 1.05754154e+01, 1.05506400e+01, 3.01265803e+01, 6.66058272e+01, 8.33496933e-30
2.41415712e-03, 1.04719158e-03, 9.97591657e-01, 2.40983750e-03, 9.41865948e-01, 2.41274463e-03, 3.20485250e+00, 1.08983745e+01, 1.08721275e+01, 1.08721275e+01, 1.08459437e+01, 3.01868086e+01, 6.66079598e+01, 8.33550308e-30
2.48193029e-03, 1.07655322e-03, 9.97524214e-01, 2.47736493e-03, 9.41798420e-01, 2.48043736e-03, 3.20478481e+00, 1.12049003e+01, 1.11771594e+01, 1.11771594e+01, 1.11494871e+01, 3.02470400e+01, 6.66101524e+01, 8.33605188e-30
2.55160607e-03, 1.10673706e-03, 9.97454888e-01, 2.54678099e-03, 9.41729004e-01, 2.55002813e-03, 3.20471522e+00, 1.15200639e+01, 1.14907440e+01, 1.14907440e+01, 1.14614988e+01, 3.03072744e+01, 6.66124069e+01, 8.33661618e-30
2.62323788e-03, 1.13776607e-03, 9.97383625e-01, 2.61813830e-03, 9.41657647e-01, 2.62157008e-03, 3.20464368e+00, 1.18441096e+01, 1.18131209e+01, 1.18131209e+01, 1.17822134e+01, 3.03675121e+01, 6.66147249e+01, 8.33719639e-30
2.69688063e-03, 1.16966386e-03, 9.97310373e-01, 2.69149095e-03, 9.41584294e-01, 2.69511784e-03, 3.20457013e+00, 1.21772887e+01, 1.21445363e+01, 1.21445363e+01, 1.21118721e+01, 3.04277530e+01, 6.66171083e+01, 8.33779298e-30
2.77259076e-03, 1.20245468e-03, 9.97235075e-01, 2.76689448e-03, 9.41508891e-01, 2.77072758e-03, 3.20449452e+00, 1.25198597e+01, 1.24852432e+01, 1.24852432e+01, 1.24507225e+01, 3.04879973e+01, 6.66195588e+01, 8.33840641e-30
2.85042632e-03, 1.23616346e-03, 9.97157676e-01, 2.84440601e-03, 9.41431379e-01, 2.84845704e-03, 3.20441679e+00, 1.28720885e+01, 1.28355018e+01, 1.28355018e+01, 1.27990192e+01, 3.05482451e+01, 6.66220785e+01, 8.33903716e-30
2.93044698e-03, 1.27081583e-03, 9.97078115e-01, 2.92408421e-03, 9.41351701e-01, 2.92836554e-03, 3.20433688e+00, 1.32342485e+01, 1.31955795e+01, 1.31955795e+01, 1.31570235e+01, 3.06084964e+01, 6.66246691e+01, 8.33968571e-30
3.01271407e-03, 1.30643812e-03, 9.96996335e-01, 3.00598938e-03, 9.41269796e-01, 3.01051410e-03, 3.20425473e+00, 1.36066208e+01, 1.35657511e+01, 1.35657511e+01, 1.35250041e+01, 3.06687514e+01, 6.66273328e+01, 8.34035258e-30
3.09729067e-03, 1.34305740e-03, 9.96912273e-01, 3.09018347e-03, 9.41185602e-01, 3.09496541e-03, 3.20417028e+00, 1.39894950e+01, 1.39462992e+01, 1.39462992e+01, 1.39032368e+01, 3.07290102e+01, 6.66300717e+01, 8.34103829e-30
3.18424160e-03, 1.38070148e-03, 9.96825866e-01, 3.17673016e-03, 9.41099055e-01, 3.18178392e-03, 3.20408346e+00, 1.43831683e+01, 1.43375142e+01, 1.43375142e+01, 1.42920050e+01, 3.07892728e+01, 6.66328878e+01, 8.34174337e-30
3.27363353e-03, 1.41939895e-03, 9.96737048e-01, 3.26569486e-03, 9.41010090e-01, 3.27103587e-03, 3.20399421e+00, 1.47879470e+01, 1.47396946e+01, 1.47396946e+01, 1.46915997e+01, 3.08495394e+01, 6.66357833e+01, 8.34246836e-30
3.36553498e-03, 1.45917918e-03, 9.96645754e-01, 3.35714479e-03, 9.40918640e-01, 3.36278938e-03, 3.20390246e+00, 1.52041458e+01, 1.51531474e+01, 1.51531474e+01, 1.51023200e+01, 3.09098101e+01, 6.66387605e+01, 8.34321385e-30
3.46001639e-03, 1.50007238e-03, 9.96551914e-01, 3.45114902e-03, 9.40824636e-01, 3.45711443e-03, 3.20380813e+00, 1.56320885e+01, 1.55781878e+01, 1.55781878e+01, 1.55244728e+01, 3.09700850e+01, 6.66418218e+01, 8.34398041e-30
3.55715021e-03, 1.54210957e-03, 9.96455458e-01, 3.54777852e-03, 9.40728007e-01, 3.55408296e-03, 3.20371116e+00, 1.60721083e+01, 1.60151401e+01, 1.60151401e+01, 1.59583737e+01, 3.10303643e+01, 6.66449694e+01, 8.34476863e-30
3.65701088e-03, 1.58532264e-03, 9.96356314e-01, 3.64710622e-03, 9.40628679e-01, 3.65376895e-03, 3.20361148e+00, 1.65245478e+01, 1.64643375e+01, 1.64643375e+01, 1.64043466e+01, 3.10906479e+01, 6.66482059e+01, 8.34557915e-30
3.75967497e-03, 1.62974435e-03, 9.96254407e-01, 3.74920704e-03, 9.40526578e-01, 3.75624839e-03, 3.20350900e+00, 1.69897593e+01, 1.69261226e+01, 1.69261226e+01, 1.68627243e+01, 3.11509361e+01, 6.66515337e+01, 8.34641258e-30
3.86522116e-03, 1.67540839e-03, 9.96149661e-01, 3.85415796e-03, 9.40421627e-01, 3.86159943e-03, 3.20340365e+00, 1.74681056e+01, 1.74008475e+01, 1.74008475e+01, 1.73338484e+01, 3.12112290e+01, 6.66549556e+01, 8.34726959e-30
3.97373038e-03, 1.72234936e-03, 9.96041998e-01, 3.96203807e-03, 9.40313747e-01, 3.96990237e-03, 3.20329534e+00, 1.79599596e+01, 1.78888740e+01, 1.78888740e+01, 1.78180698e+01, 3.12715268e+01, 6.66584740e+01, 8.34815085e-30
4.08528580e-03, 1.77060283e-03, 9.95931336e-01, 4.07292863e-03, 9.40202856e-01, 4.08123977e-03, 3.20318401e+00, 1.84657050e+01, 1.83905742e+01, 1.83905742e+01, 1.83157491e+01, 3.13318295e+01, 6.66620918e+01, 8.34905705e-30
4.19997295e-03, 1.82020534e-03, 9.95817593e-01, 4.18691313e-03, 9.40088872e-01, 4.19569646e-03, 3.20306955e+00, 1.89857364e+01, 1.89063303e+01, 1.89063303e+01, 1.88272563e+01, 3.13921372e+01, 6.66658118e+01, 8.34998889e-30
4.31787973e-03, 1.87119444e-03, 9.95700684e-01, 4.30407734e-03, 9.39971708e-01, 4.31335967e-03, 3.20295189e+00, 1.95204600e+01, 1.94365354e+01, 1.94365354e+01, 1.93529715e+01, 3.14524502e+01, 6.66696369e+01, 8.35094712e-30
4.43909653e-03, 1.92360874e-03, 9.95580522e-01, 4.42450939e-03, 9.39851276e-01, 4.43431902e-03, 3.20283093e+00, 2.00702935e+01, 1.99815932e+01, 1.99815932e+01, 1.98932850e+01, 3.15127686e+01, 6.66735701e+01, 8.35193248e-30
4.56371628e-03, 1.97748788e-03, 9.95457017e-01, 4.54829979e-03, 9.39727485e-01, 4.55866665e-03, 3.20270658e+00, 2.06356666e+01, 2.05419191e+01, 2.05419191e+01, 2.04485975e+01, 3.15730925e+01, 6.66776145e+01, 8.35294575e-30
4.69183451e-03, 2.03287261e-03, 9.95330076e-01, 4.67554155e-03, 9.39600244e-01, 4.68649726e-03, 3.20257875e+00, 2.12170216e+01, 2.11179398e+01, 2.11179398e+01, 2.10193206e+01, 3.16334221e+01, 6.66817731e+01, 8.35398773e-30
4.82354943e-03, 2.08980480e-03, 9.95199606e-01, 4.80633021e-03, 9.39469455e-01, 4.81790817e-03, 3.20244734e+00, 2.18148134e+01, 2.17100937e+01, 2.17100937e+01, 2.16058767e+01, 3.16937575e+01, 6.66860494e+01, 8.35505924e-30
4.95896201e-03, 2.14832749e-03, 9.95065508e-01, 4.94076392e-03, 9.39335021e-01, 4.95299943e-03, 3.20231225e+00, 2.24295099e+01, 2.23188317e+01, 2.23188317e+01, 2.22086996e+01, 3.17540989e+01, 6.66904466e+01, 8.35616113e-30
5.09817606e-03, 2.20848488e-03, 9.94927683e-01, 5.07894349e-03, 9.39196842e-01, 5.09187384e-03, 3.20217337e+00, 2.30615928e+01, 2.29446171e+01, 2.29446171e+01, 2.28282347e+01, 3.18144465e+01, 6.66949682e+01, 8.35729425e-30
5.24129830e-03, 2.27032240e-03, 9.94786030e-01, 5.22097249e-03, 9.39054813e-01, 5.23463710e-03, 3.20203061e+00, 2.37115574e+01, 2.35879261e+01, 2.35879261e+01, 2.34649393e+01, 3.18748004e+01, 6.66996177e+01, 8.35845952e-30
5.38843844e-03, 2.33388671e-03, 9.94640441e-01, 5.36695730e-03, 9.38908828e-01, 5.38139780e-03, 3.20188385e+00, 2.43799136e+01, 2.42492481e+01, 2.42492481e+01, 2.41192828e+01, 3.19351608e+01, 6.67043988e+01, 8.35965784e-30
5.53970928e-03, 2.39922578e-03, 9.94490810e-01, 5.51700720e-03, 9.38758778e-01, 5.53226758e-03, 3.20173298e+00, 2.50671860e+01, 2.49290861e+01, 2.49290861e+01, 2.47917470e+01, 3.19955279e+01, 6.67093152e+01, 8.36089017e-30
5.69522678e-03, 2.46638889e-03, 9.94337025e-01, 5.67123442e-03, 9.38604551e-01, 5.68736117e-03, 3.20157789e+00, 2.57739141e+01, 2.56279571e+01, 2.56279571e+01, 2.54828266e+01, 3.20559019e+01, 6.67143708e+01, 8.36215748e-30
5.85511016e-03, 2.53542665e-03, 9.94178973e-01, 5.82975426e-03, 9.38446031e-01, 5.84679648e-03, 3.20141845e+00, 2.65006535e+01, 2.63463924e+01, 2.63463924e+01, 2.61930294e+01, 3.21162829e+01, 6.67195695e+01, 8.36346078e-30
6.01948197e-03, 2.60639109e-03, 9.94016535e-01, 5.99268511e-03, 9.38283100e-01, 6.01069471e-03, 3.20125455e+00, 2.72479755e+01, 2.70849382e+01, 2.70849382e+01, 2.69228765e+01, 3.21766712e+01, 6.67249155e+01, 8.36480109e-30
6.18846824e-03, 2.67933564e-03, 9.93849593e-01, 6.16014860e-03, 9.38115636e-01, 6.17918039e-03, 3.20108607e+00, 2.80164684e+01, 2.78441557e+01, 2.78441557e+01, 2.76729028e+01, 3.22370669e+01, 6.67304129e+01, 8.36617950e-30
6.36219849e-03, 2.75431521e-03, 9.93678023e-01, 6.33226964e-03, 9.37943515e-01, 6.35238154e-03, 3.20091287e+00, 2.88067372e+01, 2.86246216e+01, 2.86246216e+01, 2.84436574e+01, 3.22974703e+01, 6.67360661e+01, 8.36759707e-30
6.54080591e-03, 2.83138620e-03, 9.93501698e-01, 6.50917649e-03, 9.37766609e-01, 6.53042971e-03, 3.20073482e+00, 2.96194047e+01, 2.94269288e+01, 2.94269288e+01, 2.92357038e+01, 3.23578816e+01, 6.67418796e+01, 8.36905496e-30
6.72442742e-03, 2.91060657e-03, 9.93320488e-01, 6.69100091e-03, 9.37584784e-01, 6.71346010e-03, 3.20055179e+00, 3.04551118e+01, 3.02516865e+01, 3.02516865e+01, 3.00496200e+01, 3.24183010e+01, 6.67478579e+01, 8.37055431e-30
6.91320378e-03, 2.99203585e-03, 9.93134260e-01, 6.87787817e-03, 9.37397907e-01, 6.90161164e-03, 3.20036364e+00, 3.13145181e+01, 3.10995208e+01, 3.10995208e+01, 3.08859996e+01, 3.24787287e+01, 6.67540057e+01, 8.37209633e-30
7.10727970e-03, 3.07573520e-03, 9.92942877e-01, 7.06994722e-03, 9.37205838e-01, 7.09502714e-03, 3.20017022e+00, 3.21983025e+01, 3.19710751e+01, 3.19710751e+01, 3.17454513e+01, 3.25391649e+01, 6.67603279e+01, 8.37368224e-30
7.30680395e-03, 3.16176744e-03, 9.92746198e-01, 7.26735073e-03, 9.37008434e-01, 7.29385334e-03, 3.19997139e+00, 3.31071635e+01, 3.28670107e+01, 3.28670107e+01, 3.26285999e+01, 3.25996099e+01, 6.67668296e+01, 8.37531330e-30
7.51192949e-03, 3.25019713e-03, 9.92544079e-01, 7.47023519e-03, 9.36805550e-01, 7.49824105e-03, 3.19976701e+00, 3.40418203e+01, 3.37880071e+01, 3.37880071e+01, 3.35360864e+01, 3.26600639e+01, 6.67735157e+01, 8.37699083e-30
7.72281357e-03, 3.34109055e-03, 9.92336371e-01, 7.67875104e-03, 9.36597034e-01, 7.70834524e-03, 3.19955690e+00, 3.50030128e+01, 3.47347627e+01, 3.47347627e+01, 3.44685684e+01, 3.27205271e+01, 6.67803918e+01, 8.37871617e-30
7.93961785e-03, 3.43451582e-03, 9.92122923e-01, 7.89305273e-03, 9.36382732e-01, 7.92432517e-03, 3.19934092e+00, 3.59915031e+01, 3.57079952e+01, 3.57079952e+01, 3.54267206e+01, 3.27809999e+01, 6.67874631e+01, 8.38049069e-30
8.16250851e-03, 3.53054289e-03, 9.91903579e-01, 8.11329887e-03, 9.36162486e-01, 8.14634452e-03, 3.19911890e+00, 3.70080750e+01, 3.67084420e+01, 3.67084420e+01, 3.64112350e+01, 3.28414825e+01, 6.67947353e+01, 8.38231583e-30
8.39165644e-03, 3.62924361e-03, 9.91678177e-01, 8.33965227e-03, 9.35936133e-01, 8.37457146e-03, 3.19889068e+00, 3.80535358e+01, 3.77368610e+01, 3.77368610e+01, 3.74228216e+01, 3.29019751e+01, 6.68022142e+01, 8.38419304e-30
8.62723729e-03, 3.73069181e-03, 9.91446555e-01, 8.57228010e-03, 9.35703505e-01, 8.60917883e-03, 3.19865607e+00, 3.91287163e+01, 3.87940310e+01, 3.87940310e+01, 3.84622084e+01, 3.29624780e+01, 6.68099057e+01, 8.38612385e-30
8.86943166e-03, 3.83496328e-03, 9.91208544e-01, 8.81135400e-03, 9.35464431e-01, 8.85034423e-03, 3.19841490e+00, 4.02344719e+01, 3.98807523e+01, 3.98807523e+01, 3.95301424e+01, 3.30229915e+01, 6.68178160e+01, 8.38810980e-30
9.11842520e-03, 3.94213590e-03, 9.90963969e-01, 9.05705014e-03, 9.35218735e-01, 9.09825014e-03, 3.19816700e+00, 4.13716830e+01, 4.09978472e+01, 4.09978472e+01, 4.06273894e+01, 3.30835159e+01, 6.68259513e+01, 8.39015249e-30
9.37440879e-03, 4.05228964e-03, 9.90712655e-01, 9.30954940e-03, 9.34966236e-01, 9.35308411e-03, 3.19791216e+00, 4.25412561e+01, 4.21461608e+01, 4.21461608e+01, 4.17547348e+01, 3.31440515e+01, 6.68343182e+01, 8.39225358e-30
9.63757866e-03, 4.16550662e-03, 9.90454418e-01, 9.56903743e-03, 9.34706748e-01, 9.61503883e-03, 3.19765021e+00, 4.37441245e+01, 4.33265613e+01, 4.33265613e+01, 4.29129841e+01, 3.32045986e+01, 6.68429233e+01, 8.39441477e-30
9.90813657e-03, 4.28187121e-03, 9.90189071e-01, 9.83570480e-03, 9.34440080e-01, 9.88431230e-03, 3.19738094e+00, 4.49812489e+01, 4.45399411e+01, 4.45399411e+01, 4.41029629e+01, 3.32651575e+01, 6.68517735e+01, 8.39663780e-30
1.01862899e-02, 4.40147004e-03, 9.89916424e-01, 1.01097471e-02, 9.34166038e-01, 1.01611080e-02, 3.19710414e+00, 4.62536187e+01, 4.57872168e+01, 4.57872168e+01, 4.53255180e+01, 3.33257286e+01, 6.68608759e+01, 8.39892449e-30
1.04722519e-02, 4.52439206e-03, 9.89636280e-01, 1.03913651e-02, 9.33884420e-01, 1.04456349e-02, 3.19681961e+00, 4.75622525e+01, 4.70693306e+01, 4.70693306e+01, 4.65815172e+01, 3.33863121e+01, 6.68702377e+01, 8.40127668e-30
1.07662418e-02, 4.65072864e-03, 9.89348436e-01, 1.06807649e-02, 9.33595020e-01, 1.07381079e-02, 3.19652714e+00, 4.89081991e+01, 4.83872503e+01, 4.83872503e+01, 4.78718503e+01, 3.34469084e+01, 6.68798665e+01, 8.40369629e-30
1.10684849e-02, 4.78057359e-03, 9.89052685e-01, 1.09781579e-02, 9.33297627e-01, 1.10387476e-02, 3.19622650e+00, 5.02925386e+01, 4.97419703e+01, 4.97419703e+01, 4.91974293e+01, 3.35075178e+01, 6.68897700e+01, 8.40618530e-30
1.13792129e-02, 4.91402325e-03, 9.88748817e-01, 1.12837611e-02, 9.32992024e-01, 1.13477809e-02, 3.19591747e+00, 5.17163832e+01, 5.11345127e+01, 5.11345127e+01, 5.05591889e+01, 3.35681407e+01, 6.68999562e+01, 8.40874573e-30
1.16986641e-02, 5.05117654e-03, 9.88436612e-01, 1.15977973e-02, 9.32677988e-01, 1.16654407e-02, 3.19559981e+00, 5.31808782e+01, 5.25659271e+01, 5.25659271e+01, 5.19580869e+01, 3.36287775e+01, 6.69104332e+01, 8.41137968e-30
1.20270833e-02, 5.19213502e-03, 9.88115848e-01, 1.19204948e-02, 9.32355290e-01, 1.19919663e-02, 3.19527328e+00, 5.46872032e+01, 5.40372922e+01, 5.40372922e+01, 5.33951048e+01, 3.36894286e+01, 6.69212096e+01, 8.41408932e-30
1.23647224e-02, 5.33700299e-03, 9.87786297e-01, 1.22520881e-02, 9.32023697e-01, 1.23276037e-02, 3.19493764e+00, 5.62365730e+01, 5.55497162e+01, 5.55497162e+01, 5.48712485e+01, 3.37500942e+01, 6.69322939e+01, 8.41687685e-30
1.27118400e-02, 5.48588750e-03, 9.87447723e-01, 1.25928179e-02, 9.31682967e-01, 1.26726056e-02, 3.19459264e+00, 5.78302389e+01, 5.71043377e+01, 5.71043377e+01, 5.63875482e+01, 3.38107749e+01, 6.69436953e+01, 8.41974458e-30
1.30687023e-02, 5.63889849e-03, 9.87099885e-01, 1.29429308e-02, 9.31332854e-01, 1.30272316e-02, 3.19423802e+00, 5.94694896e+01, 5.87023264e+01, 5.87023264e+01, 5.79450596e+01, 3.38714711e+01, 6.69554228e+01, 8.42269486e-30
1.34355829e-02, 5.79614881e-03, 9.86742539e-01, 1.33026800e-02, 9.30973105e-01, 1.33917482e-02, 3.19387350e+00, 6.11556525e+01, 6.03448839e+01, 6.03448839e+01, 5.95448639e+01, 3.39321830e+01, 6.69674860e+01, 8.42573014e-30
1.38127630e-02, 5.95775431e-03, 9.86375430e-01, 1.36723253e-02, 9.30603460e-01, 1.37664296e-02, 3.19349882e+00, 6.28900952e+01, 6.20332447e+01, 6.20332447e+01, 6.11880684e+01, 3.39929113e+01, 6.69798948e+01, 8.42885292e-30
1.42005318e-02, 6.12383394e-03, 9.85998300e-01, 1.40521330e-02, 9.30223652e-01, 1.41515571e-02, 3.19311369e+00, 6.46742263e+01, 6.37686772e+01, 6.37686772e+01, 6.28758073e+01, 3.40536562e+01, 6.69926591e+01, 8.43206578e-30
1.45991865e-02, 6.29450978e-03, 9.85610883e-01, 1.44423763e-02, 9.29833409e-01, 1.45474199e-02, 3.19271783e+00, 6.65094970e+01, 6.55524841e+01, 6.55524841e+01, 6.46092417e+01, 3.41144183e+01, 6.70057894e+01, 8.43537141e-30
1.50090328e-02, 6.46990713e-03, 9.85212907e-01, 1.48433355e-02, 9.29432450e-01, 1.49543149e-02, 3.19231093e+00, 6.83974024e+01, 6.73860037e+01, 6.73860037e+01, 6.63895606e+01, 3.41751980e+01, 6.70192963e+01, 8.43877254e-30
1.54303847e-02, 6.65015464e-03, 9.84804094e-01, 1.52552979e-02, 9.29020487e-01, 1.53725473e-02, 3.19189270e+00, 7.03394829e+01, 6.92706108e+01, 6.92706108e+01, 6.82179811e+01, 3.42359959e+01, 6.70331910e+01, 8.44227202e-30
1.58635653e-02, 6.83538432e-03, 9.84384158e-01, 1.56785583e-02, 9.28597227e-01, 1.58024304e-02, 3.19146282e+00, 7.23373258e+01, 7.12077175e+01, 7.12077175e+01, 7.00957490e+01, 3.42968122e+01, 6.70474848e+01, 8.44587277e-30
1.63089068e-02, 7.02573168e-03, 9.83952805e-01, 1.61134188e-02, 9.28162366e-01, 1.62442861e-02, 3.19102096e+00, 7.43925665e+01, 7.31987745e+01, 7.31987745e+01, 7.20241395e+01, 3.43576477e+01, 6.70621894e+01, 8.44957781e-30
1.67667503e-02, 7.22133576e-03, 9.83509738e-01, 1.65601892e-02, 9.27715596e-01, 1.66984452e-02, 3.19056680e+00, 7.65068903e+01, 7.52452716e+01, 7.52452716e+01, 7.40044574e+01, 3.44185028e+01, 6.70773169e+01, 8.45339025e-30
1.72374471e-02, 7.42233928e-03, 9.83054648e-01, 1.70191872e-02, 9.27256598e-01, 1.71652471e-02, 3.19010000e+00, 7.86820341e+01, 7.73487393e+01, 7.73487393e+01, 7.60380376e+01, 3.44793779e+01, 6.70928797e+01, 8.45731329e-30
1.77213578e-02, 7.62888867e-03, 9.82587220e-01, 1.74907385e-02, 9.26785047e-01, 1.76450408e-02, 3.18962021e+00, 8.09197877e+01, 7.95107493e+01, 7.95107493e+01, 7.81262461e+01, 3.45402737e+01, 6.71088906e+01, 8.46135026e-30
1.82188534e-02, 7.84113421e-03, 9.82107134e-01, 1.79751767e-02, 9.26300608e-01, 1.81381844e-02, 3.18912706e+00, 8.32219960e+01, 8.17329160e+01, 8.17329160e+01, 8.02704799e+01, 3.46011906e+01, 6.71253629e+01, 8.46550455e-30
1.87303154e-02, 8.05923009e-03, 9.81614059e-01, 1.84728442e-02, 9.25802941e-01, 1.86450461e-02, 3.18862020e+00, 8.55905604e+01, 8.40168974e+01, 8.40168974e+01, 8.24721677e+01, 3.46621294e+01, 6.71423103e+01, 8.46977971e-30
1.92561357e-02, 8.28333450e-03, 9.81107658e-01, 1.89840914e-02, 9.25291694e-01, 1.91660035e-02, 3.18809924e+00, 8.80274410e+01, 8.63643965e+01, 8.63643965e+01, 8.47327707e+01, 3.47230904e+01, 6.71597466e+01, 8.47417936e-30
1.97967175e-02, 8.51360975e-03, 9.80587585e-01, 1.95092778e-02, 9.24766507e-01, 1.97014448e-02, 3.18756380e+00, 9.05346582e+01, 8.87771618e+01, 8.87771618e+01, 8.70537827e+01, 3.47840743e+01, 6.71776865e+01, 8.47870726e-30
2.03524752e-02, 8.75022235e-03, 9.80053486e-01, 2.00487715e-02, 9.24227014e-01, 2.02517687e-02, 3.18701348e+00, 9.31142950e+01, 9.12569894e+01, 9.12569894e+01, 8.94367306e+01, 3.48450818e+01, 6.71961449e+01, 8.48336728e-30
2.09238348e-02, 8.99334311e-03, 9.79504999e-01, 2.06029498e-02, 9.23672835e-01, 2.08173842e-02, 3.18644786e+00, 9.57684988e+01, 9.38057234e+01, 9.38057234e+01, 9.18831750e+01, 3.49061134e+01, 6.72151372e+01, 8.48816342e-30
2.15112343e-02, 9.24314725e-03, 9.78941755e-01, 2.11721993e-02, 9.23103586e-01, 2.13987117e-02, 3.18586654e+00, 9.84994839e+01, 9.64252576e+01, 9.64252576e+01, 9.43947108e+01, 3.49671698e+01, 6.72346791e+01, 8.49309980e-30
2.21151240e-02, 9.49981449e-03, 9.78363373e-01, 2.17569159e-02, 9.22518869e-01, 2.19961828e-02, 3.18526906e+00, 1.01309533e+02, 9.91175365e+01, 9.91175365e+01, 9.69729673e+01, 3.50282516e+01, 6.72547873e+01, 8.49818068e-30
2.27359668e-02, 9.76352916e-03, 9.77769466e-01, 2.23575051e-02, 9.21918280e-01, 2.26102405e-02, 3.18465501e+00, 1.04201001e+02, 1.01884557e+02, 1.01884557e+02, 9.96196089e+01, 3.50893595e+01, 6.72754784e+01, 8.50341046e-30
2.33742387e-02, 1.00344803e-02, 9.77159637e-01, 2.29743823e-02, 9.21301403e-01, 2.32413399e-02, 3.18402391e+00, 1.07176315e+02, 1.04728369e+02, 1.04728369e+02, 1.02336335e+02, 3.51504941e+01, 6.72967699e+01, 8.50879368e-30
2.40304289e-02, 1.03128618e-02, 9.76533482e-01, 2.36079729e-02, 9.20667812e-01, 2.38899480e-02, 3.18337530e+00, 1.10237980e+02, 1.07651078e+02, 1.07651078e+02, 1.05124882e+02, 3.52116562e+01, 6.73186798e+01, 8.51433503e-30
2.47050406e-02, 1.05988725e-02, 9.75890584e-01, 2.42587124e-02, 9.20017073e-01, 2.45565445e-02, 3.18270870e+00, 1.13388578e+02, 1.10654845e+02, 1.10654845e+02, 1.07987021e+02, 3.52728465e+01, 6.73412267e+01, 8.52003935e-30
2.53985907e-02, 1.08927162e-02, 9.75230519e-01, 2.49270467e-02, 9.19348738e-01, 2.52416218e-02, 3.18202363e+00, 1.16630772e+02, 1.13741889e+02, 1.13741889e+02, 1.10924561e+02, 3.53340658e+01, 6.73644296e+01, 8.52591165e-30
2.61116110e-02, 1.11946019e-02, 9.74552855e-01, 2.56134324e-02, 9.18662353e-01, 2.59456853e-02, 3.18131956e+00, 1.19967312e+02, 1.16914486e+02, 1.16914486e+02, 1.13939346e+02, 3.53953146e+01, 6.73883083e+01, 8.53195708e-30
2.68446481e-02, 1.15047439e-02, 9.73857148e-01, 2.63183365e-02, 9.17957449e-01, 2.66692540e-02, 3.18059599e+00, 1.23401032e+02, 1.20174977e+02, 1.20174977e+02, 1.17033260e+02, 3.54565940e+01, 6.74128831e+01, 8.53818100e-30
2.75982639e-02, 1.18233619e-02, 9.73142944e-01, 2.70422375e-02, 9.17233548e-01, 2.74128605e-02, 3.17985239e+00, 1.26934857e+02, 1.23525760e+02, 1.23525760e+02, 1.20208222e+02, 3.55179045e+01, 6.74381751e+01, 8.54458891e-30
2.83730362e-02, 1.21506810e-02, 9.72409782e-01, 2.77856245e-02, 9.16490161e-01, 2.81770516e-02, 3.17908820e+00, 1.30571805e+02, 1.26969301e+02, 1.26969301e+02, 1.23466190e+02, 3.55792470e+01, 6.74642059e+01, 8.55118652e-30
2.91695588e-02, 1.24869320e-02, 9.71657189e-01, 2.85489982e-02, 9.15726787e-01, 2.89623885e-02, 3.17830286e+00, 1.34314991e+02, 1.30508126e+02, 1.30508126e+02, 1.26809159e+02, 3.56406224e+01, 6.74909979e+01, 8.55797972e-30
2.99884423e-02, 1.28323514e-02, 9.70884681e-01, 2.93328708e-02, 9.14942914e-01, 2.97694472e-02, 3.17749580e+00, 1.38167628e+02, 1.34144833e+02, 1.34144833e+02, 1.30239164e+02, 3.57020315e+01, 6.75185742e+01, 8.56497459e-30
3.08303146e-02, 1.31871818e-02, 9.70091766e-01, 3.01377662e-02, 9.14138019e-01, 3.05988189e-02, 3.17666643e+00, 1.42133033e+02, 1.37882085e+02, 1.37882085e+02, 1.33758276e+02, 3.57634751e+01, 6.75469586e+01, 8.57217744e-30
3.16958209e-02, 1.35516713e-02, 9.69277940e-01, 3.09642201e-02, 9.13311565e-01, 3.14511103e-02, 3.17581414e+00, 1.46214631e+02, 1.41722616e+02, 1.41722616e+02, 1.37368605e+02, 3.58249542e+01, 6.75761758e+01, 8.57959477e-30
3.25856248e-02, 1.39260747e-02, 9.68442690e-01, 3.18127804e-02, 9.12463005e-01, 3.23269439e-02, 3.17493830e+00, 1.50415954e+02, 1.45669231e+02, 1.45669231e+02, 1.41072302e+02, 3.58864695e+01, 6.76062511e+01, 8.58723331e-30
3.35004083e-02, 1.43106525e-02, 9.67585491e-01, 3.26840073e-02, 9.11591778e-01, 3.32269586e-02, 3.17403829e+00, 1.54740652e+02, 1.49724810e+02, 1.49724810e+02, 1.44871553e+02, 3.59480221e+01, 6.76372109e+01, 8.59510003e-30
3.44408728e-02, 1.47056720e-02, 9.66705808e-01, 3.35784732e-02, 9.10697312e-01, 3.41518100e-02, 3.17311344e+00, 1.59192490e+02, 1.53892305e+02, 1.53892305e+02, 1.48768585e+02, 3.60096129e+01, 6.76690822e+01, 8.60320212e-30
3.54077391e-02, 1.51114068e-02, 9.65803096e-01, 3.44967632e-02, 9.09779022e-01, 3.51021706e-02, 3.17216308e+00, 1.63775358e+02, 1.58174748e+02, 1.58174748e+02, 1.52765661e+02, 3.60712428e+01, 6.77018930e+01, 8.61154704e-30
3.64017485e-02, 1.55281370e-02, 9.64876798e-01, 3.54394754e-02, 9.08836310e-01, 3.60787305e-02, 3.17118652e+00, 1.68493272e+02, 1.62575249e+02, 1.62575249e+02, 1.56865085e+02, 3.61329128e+01, 6.77356722e+01, 8.62014249e-30
3.74236629e-02, 1.59561497e-02, 9.63926345e-01, 3.64072206e-02, 9.07868564e-01, 3.70821977e-02, 3.17018305e+00, 1.73350378e+02, 1.67096997e+02, 1.67096997e+02, 1.61069197e+02, 3.61946240e+01, 6.77704498e+01, 8.62899644e-30
3.84742658e-02, 1.63957388e-02, 9.62951161e-01, 3.74006228e-02, 9.06875162e-01, 3.81132983e-02, 3.16915195e+00, 1.78350961e+02, 1.71743265e+02, 1.71743265e+02, 1.65380376e+02, 3.62563773e+01, 6.78062565e+01, 8.63811716e-30
3.95543624e-02, 1.68472053e-02, 9.61950655e-01, 3.84203193e-02, 9.05855466e-01, 3.91727774e-02, 3.16809247e+00, 1.83499443e+02, 1.76517409e+02, 1.76517409e+02, 1.69801037e+02, 3.63181737e+01, 6.78431243e+01, 8.64751318e-30
4.06647809e-02, 1.73108570e-02, 9.60924227e-01, 3.94669606e-02, 9.04808824e-01, 4.02613989e-02, 3.16700385e+00, 1.88800394e+02, 1.81422873e+02, 1.81422873e+02, 1.74333634e+02, 3.63800145e+01, 6.78810860e+01, 8.65719336e-30
4.18063724e-02, 1.77870096e-02, 9.59871264e-01, 4.05412111e-02, 9.03734574e-01, 4.13799465e-02, 3.16588530e+00, 1.94258537e+02, 1.86463188e+02, 1.86463188e+02, 1.78980656e+02, 3.64419006e+01, 6.79201758e+01, 8.66716685e-30
4.29800121e-02, 1.82759856e-02, 9.58791145e-01, 4.16437486e-02, 9.02632036e-01, 4.25292239e-02, 3.16473602e+00, 1.99878749e+02, 1.91641975e+02, 1.91641975e+02, 1.83744628e+02, 3.65038331e+01, 6.79604289e+01, 8.67744314e-30
4.41865996e-02, 1.87781154e-02, 9.57683234e-01, 4.27752649e-02, 9.01500520e-01, 4.37100552e-02, 3.16355519e+00, 2.05666070e+02, 1.96962948e+02, 1.96962948e+02, 1.88628113e+02, 3.65658133e+01, 6.80018817e+01, 8.68803205e-30
4.54270599e-02, 1.92937372e-02, 9.56546887e-01, 4.39364656e-02, 9.00339319e-01, 4.49232855e-02, 3.16234196e+00, 2.11625710e+02, 2.02429914e+02, 2.02429914e+02, 1.93633704e+02, 3.66278421e+01, 6.80445717e+01, 8.69894378e-30
4.67023439e-02, 1.98231967e-02, 9.55381447e-01, 4.51280704e-02, 8.99147715e-01, 4.61697810e-02, 3.16109547e+00, 2.17763050e+02, 2.08046778e+02, 2.08046778e+02, 1.98764032e+02, 3.66899210e+01, 6.80885380e+01, 8.71018885e-30
4.80134292e-02, 2.03668477e-02, 9.54186246e-01, 4.63508133e-02, 8.97924972e-01, 4.74504301e-02, 3.15981482e+00, 2.24083655e+02, 2.13817542e+02, 2.13817542e+02, 2.04021758e+02, 3.67520509e+01, 6.81338206e+01, 8.72177822e-30
4.93613210e-02, 2.09250522e-02, 9.52960606e-01, 4.76054422e-02, 8.96670343e-01, 4.87661433e-02, 3.15849910e+00, 2.30593278e+02, 2.19746309e+02, 2.19746309e+02, 2.09409576e+02, 3.68142332e+01, 6.81804612e+01, 8.73372320e-30
5.07470524e-02, 2.14981804e-02, 9.51703836e-01, 4.88927195e-02, 8.95383066e-01, 5.01178540e-02, 3.15714739e+00, 2.37297862e+02, 2.25837286e+02, 2.25837286e+02, 2.14930211e+02, 3.68764691e+01, 6.82285030e+01, 8.74603555e-30
5.21716858e-02, 2.20866106e-02, 9.50415235e-01, 5.02134220e-02, 8.94062363e-01, 5.15065186e-02, 3.15575873e+00, 2.44203558e+02, 2.32094782e+02, 2.32094782e+02, 2.20586417e+02, 3.69387599e+01, 6.82779902e+01, 8.75872745e-30
5.36363132e-02, 2.26907300e-02, 9.49094092e-01, 5.15683408e-02, 8.92707444e-01, 5.29331177e-02, 3.15433213e+00, 2.51316720e+02, 2.38523215e+02, 2.38523215e+02, 2.26380974e+02, 3.70011069e+01, 6.83289692e+01, 8.77181153e-30
5.51420574e-02, 2.33109341e-02, 9.47739684e-01, 5.29582814e-02, 8.91317504e-01, 5.43986556e-02, 3.15286659e+00, 2.58643924e+02, 2.45127111e+02, 2.45127111e+02, 2.32316691e+02, 3.70635114e+01, 6.83814874e+01, 8.78530089e-30
5.66900727e-02, 2.39476274e-02, 9.46351277e-01, 5.43840638e-02, 8.89891721e-01, 5.59041618e-02, 3.15136109e+00, 2.66191968e+02, 2.51911109e+02, 2.51911109e+02, 2.38396400e+02, 3.71259747e+01, 6.84355943e+01, 8.79920914e-30
5.82815458e-02, 2.46012230e-02, 9.44928128e-01, 5.58465225e-02, 8.88429263e-01, 5.74506906e-02, 3.14981456e+00, 2.73967885e+02, 2.58879960e+02, 2.58879960e+02, 2.44622956e+02, 3.71884983e+01, 6.84913409e+01, 8.81355039e-30
5.99176967e-02, 2.52721433e-02, 9.43469482e-01, 5.73465062e-02, 8.86929279e-01, 5.90393224e-02, 3.14822592e+00, 2.81978949e+02, 2.66038532e+02, 2.66038532e+02, 2.50999236e+02, 3.72510834e+01, 6.85487801e+01, 8.82833927e-30
6.15997796e-02, 2.59608197e-02, 9.41974574e-01, 5.88848782e-02, 8.85390907e-01, 6.06711634e-02, 3.14659408e+00, 2.90232686e+02, 2.73391811e+02, 2.73391811e+02, 2.57528135e+02, 3.73137316e+01, 6.86079666e+01, 8.84359100e-30
6.33290840e-02, 2.66676928e-02, 9.40442630e-01, 6.04625159e-02, 8.83813269e-01, 6.23473467e-02, 3.14491790e+00, 2.98736885e+02, 2.80944902e+02, 2.80944902e+02, 2.64212562e+02, 3.73764442e+01, 6.86689570e+01, 8.85932137e-30
6.51069356e-02, 2.73932126e-02, 9.38872865e-01, 6.20803110e-02, 8.82195474e-01, 6.40690328e-02, 3.14319621e+00, 3.07499604e+02, 2.88703034e+02, 2.88703034e+02, 2.71055444e+02, 3.74392228e+01, 6.87318100e+01, 8.87554676e-30
6.69346971e-02, 2.81378388e-02, 9.37264486e-01, 6.37391693e-02, 8.80536616e-01, 6.58374096e-02, 3.14142784e+00, 3.16529180e+02, 2.96671559e+02, 2.96671559e+02, 2.78059717e+02, 3.75020688e+01, 6.87965865e+01, 8.89228421e-30
6.88137699e-02, 2.89020403e-02, 9.35616689e-01, 6.54400104e-02, 8.78835775e-01, 6.76536932e-02, 3.13961155e+00, 3.25834247e+02, 3.04855959e+02, 3.04855959e+02, 2.85228323e+02, 3.75649836e+01, 6.88633494e+01, 8.90955143e-30
7.07455942e-02, 2.96862961e-02, 9.33928662e-01, 6.71837677e-02, 8.77092017e-01, 6.95191286e-02, 3.13774612e+00, 3.35423739e+02, 3.13261843e+02, 3.13261843e+02, 2.92564214e+02, 3.76279690e+01, 6.89321640e+01, 8.92736679e-30
7.27316511e-02, 3.04910947e-02, 9.32199585e-01, 6.89713883e-02, 8.75304397e-01, 7.14349898e-02, 3.13583026e+00, 3.45306904e+02, 3.21894952e+02, 3.21894952e+02, 3.00070341e+02, 3.76910263e+01, 6.90030978e+01, 8.94574944e-30
7.47734631e-02, 3.13169348e-02, 9.30428629e-01, 7.08038325e-02, 8.73471953e-01, 7.34025805e-02, 3.13386267e+00, 3.55493318e+02, 3.30761161e+02, 3.30761161e+02, 3.07749654e+02, 3.77541572e+01, 6.90762208e+01, 8.96471923e-30
7.68725952e-02, 3.21643250e-02, 9.28614958e-01, 7.26820737e-02, 8.71593711e-01, 7.54232346e-02, 3.13184201e+00, 3.65992898e+02, 3.39866480e+02, 3.39866480e+02, 3.15605097e+02, 3.78173633e+01, 6.91516058e+01, 8.98429686e-30
7.90306568e-02, 3.30337838e-02, 9.26757728e-01, 7.46070980e-02, 8.69668687e-01, 7.74983166e-02, 3.12976693e+00, 3.76815911e+02, 3.49217057e+02, 3.49217057e+02, 3.23639607e+02, 3.78806462e+01, 6.92293280e+01, 9.00450381e-30
8.12493021e-02, 3.39258402e-02, 9.24856088e-01, 7.65799039e-02, 8.67695881e-01, 7.96292220e-02, 3.12763603e+00, 3.87972990e+02, 3.58819182e+02, 3.58819182e+02, 3.31856105e+02, 3.79440075e+01, 6.93094655e+01, 9.02536248e-30
8.35302320e-02, 3.48410332e-02, 9.22909182e-01, 7.86015021e-02, 8.65674283e-01, 8.18173779e-02, 3.12544787e+00, 3.99475151e+02, 3.68679285e+02, 3.68679285e+02, 3.40257497e+02, 3.80074488e+01, 6.93920991e+01, 9.04689614e-30
8.58751948e-02, 3.57799125e-02, 9.20916146e-01, 8.06729148e-02, 8.63602870e-01, 8.40642435e-02, 3.12320100e+00, 4.11333803e+02, 3.78803941e+02, 3.78803941e+02, 3.48846666e+02, 3.80709720e+01, 6.94773129e+01, 9.06912903e-30
8.82859884e-02, 3.67430377e-02, 9.18876114e-01, 8.27951753e-02, 8.61480610e-01, 8.63713102e-02, 3.12089394e+00, 4.23560766e+02, 3.89199871e+02, 3.89199871e+02, 3.57626465e+02, 3.81345786e+01, 6.95651939e+01, 9.09208640e-30
9.07644607e-02, 3.77309793e-02, 9.16788212e-01, 8.49693277e-02, 8.59306457e-01, 8.87401025e-02, 3.11852514e+00, 4.36168286e+02, 3.99873943e+02, 3.99873943e+02, 3.66599718e+02, 3.81982704e+01, 6.96558324e+01, 9.11579452e-30
9.33125118e-02, 3.87443182e-02, 9.14651565e-01, 8.71964260e-02, 8.57079359e-01, 9.11721779e-02, 3.11609307e+00, 4.49169053e+02, 4.10833178e+02, 4.10833178e+02, 3.75769209e+02, 3.82620491e+01, 6.97493222e+01, 9.14028079e-30
9.59320948e-02, 3.97836456e-02, 9.12465293e-01, 8.94775340e-02, 8.54798251e-01, 9.36691276e-02, 3.11359612e+00, 4.62576218e+02, 4.22084744e+02, 4.22084744e+02, 3.85137680e+02, 3.83259165e+01, 6.98457605e+01, 9.16557373e-30
9.86252179e-02, 4.08495636e-02, 9.10228514e-01, 9.18137240e-02, 8.52462061e-01, 9.62325770e-02, 3.11103267e+00, 4.76403408e+02, 4.33635966e+02, 4.33635966e+02, 3.94707821e+02, 3.83898743e+01, 6.99452484e+01, 9.19170308e-30
1.01393946e-01, 4.19426849e-02, 9.07940346e-01, 9.42060766e-02, 8.50069708e-01, 9.88641857e-02, 3.10840106e+00, 4.90664749e+02, 4.45494322e+02, 4.45494322e+02, 4.04482269e+02, 3.84539243e+01, 7.00478905e+01, 9.21869985e-30
1.04240401e-01, 4.30636326e-02, 9.05599903e-01, 9.66556798e-02, 8.47620105e-01, 1.01565648e-01, 3.10569960e+00, 5.05374884e+02, 4.57667446e+02, 4.57667446e+02, 4.14463595e+02, 3.85180683e+01, 7.01537956e+01, 9.24659637e-30
1.07166765e-01, 4.42130406e-02, 9.03206303e-01, 9.91636281e-02, 8.45112157e-01, 1.04338693e-01, 3.10292655e+00, 5.20548993e+02, 4.70163131e+02, 4.70163131e+02, 4.24654303e+02, 3.85823081e+01, 7.02630769e+01, 9.27542636e-30
1.10175281e-01, 4.53915533e-02, 9.00758661e-01, 1.01731021e-01, 8.42544764e-01, 1.07185084e-01, 3.10008016e+00, 5.36202812e+02, 4.82989327e+02, 4.82989327e+02, 4.35056819e+02, 3.86466454e+01, 7.03758515e+01, 9.30522500e-30
1.13268257e-01, 4.65998259e-02, 8.98256098e-01, 1.04358965e-01, 8.39916820e-01, 1.10106623e-01, 3.09715862e+00, 5.52352660e+02, 4.96154145e+02, 4.96154145e+02, 4.45673486e+02, 3.87110822e+01, 7.04922413e+01, 9.33602901e-30
1.16448062e-01, 4.78385241e-02, 8.95697735e-01, 1.07048567e-01, 8.37227218e-01, 1.13105145e-01, 3.09416010e+00, 5.69015456e+02, 5.09665855e+02, 5.09665855e+02, 4.56506552e+02, 3.87756203e+01, 7.06123730e+01, 9.36787674e-30
1.19717134e-01, 4.91083240e-02, 8.93082699e-01, 1.09800938e-01, 8.34474847e-01, 1.16182520e-01, 3.09108273e+00, 5.86208749e+02, 5.23532892e+02, 5.23532892e+02, 4.67558168e+02, 3.88402615e+01, 7.07363781e+01, 9.40080820e-30
1.23077980e-01, 5.04099123e-02, 8.90410121e-01, 1.12617192e-01, 8.31658593e-01, 1.19340657e-01, 3.08792459e+00, 6.03950736e+02, 5.37763847e+02, 5.37763847e+02, 4.78830372e+02, 3.89050076e+01, 7.08643933e+01, 9.43486521e-30
1.26533176e-01, 5.17439860e-02, 8.87679139e-01, 1.15498441e-01, 8.28777344e-01, 1.22581497e-01, 3.08468375e+00, 6.22260291e+02, 5.52367480e+02, 5.52367480e+02, 4.90325089e+02, 3.89698604e+01, 7.09965605e+01, 9.47009145e-30
1.30085370e-01, 5.31112527e-02, 8.84888900e-01, 1.18445797e-01, 8.25829988e-01, 1.25907022e-01, 3.08135823e+00, 6.41156994e+02, 5.67352707e+02, 5.67352707e+02, 5.02044113e+02, 3.90348219e+01, 7.11330275e+01, 9.50653257e-30
1.33737286e-01, 5.45124297e-02, 8.82038557e-01, 1.21460369e-01, 8.22815416e-01, 1.29319245e-01, 3.07794600e+00, 6.60661153e+02, 5.82728610e+02, 5.82728610e+02, 5.13989103e+02, 3.90998939e+01, 7.12739478e+01, 9.54423630e-30
1.37491723e-01, 5.59482450e-02, 8.79127276e-01, 1.24543263e-01, 8.19732522e-01, 1.32820219e-01, 3.07444503e+00, 6.80793838e+02, 5.98504433e+02, 5.98504433e+02, 5.26161572e+02, 3.91650781e+01, 7.14194810e+01, 9.58325254e-30
1.41351558e-01, 5.74194362e-02, 8.76154234e-01, 1.27695578e-01, 8.16580207e-01, 1.36412029e-01, 3.07085322e+00, 7.01576908e+02, 6.14689578e+02, 6.14689578e+02, 5.38562876e+02, 3.92303764e+01, 7.15697929e+01, 9.62363349e-30
1.45319752e-01, 5.89267507e-02, 8.73118619e-01, 1.30918408e-01, 8.13357377e-01, 1.40096799e-01, 3.06716845e+00, 7.23033040e+02, 6.31293609e+02, 6.31293609e+02, 5.51194204e+02, 3.92957907e+01, 7.17250563e+01, 9.66543378e-30
1.49399346e-01, 6.04709458e-02, 8.70019635e-01, 1.34212836e-01, 8.10062949e-01, 1.43876686e-01, 3.06338856e+00, 7.45185769e+02, 6.48326251e+02, 6.48326251e+02, 5.64056568e+02, 3.93613228e+01, 7.18854507e+01, 9.70871055e-30
1.53593468e-01, 6.20527881e-02, 8.66856504e-01, 1.37579936e-01, 8.06695849e-01, 1.47753883e-01, 3.05951136e+00, 7.68059510e+02, 6.65797381e+02, 6.65797381e+02, 5.77150790e+02, 3.94269744e+01, 7.20511627e+01, 9.75352365e-30
1.57905331e-01, 6.36730536e-02, 8.63628462e-01, 1.41020769e-01, 8.03255016e-01, 1.51730616e-01, 3.05553463e+00, 7.91679602e+02, 6.83717037e+02, 6.83717037e+02, 5.90477493e+02, 3.94927473e+01, 7.22223869e+01, 9.79993575e-30
1.62338243e-01, 6.53325272e-02, 8.60334766e-01, 1.44536382e-01, 7.99739403e-01, 1.55809148e-01, 3.05145610e+00, 8.16072340e+02, 7.02095405e+02, 7.02095405e+02, 6.04037086e+02, 3.95586433e+01, 7.23993253e+01, 9.84801251e-30
1.66895601e-01, 6.70320026e-02, 8.56974693e-01, 1.48127805e-01, 7.96147980e-01, 1.59991771e-01, 3.04727348e+00, 8.41265012e+02, 7.20942826e+02, 7.20942826e+02, 6.17829757e+02, 3.96246641e+01, 7.25821884e+01, 9.89782271e-30
1.71580899e-01, 6.87722823e-02, 8.53547545e-01, 1.51796049e-01, 7.92479736e-01, 1.64280813e-01, 3.04298443e+00, 8.67285937e+02, 7.40269783e+02, 7.40269783e+02, 6.31855456e+02, 3.96908115e+01, 7.27711952e+01, 9.94943845e-30
1.76397728e-01, 7.05541769e-02, 8.50052645e-01, 1.55542105e-01, 7.88733680e-01, 1.68678632e-01, 3.03858661e+00, 8.94164509e+02, 7.60086906e+02, 7.60086906e+02, 6.46113885e+02, 3.97570871e+01, 7.29665737e+01, 1.00029353e-29
1.81349780e-01, 7.23785049e-02, 8.46489343e-01, 1.59366941e-01, 7.84908844e-01, 1.73187620e-01, 3.03407763e+00, 9.21931231e+02, 7.80404962e+02, 7.80404962e+02, 6.60604484e+02, 3.98234926e+01, 7.31685613e+01, 1.00583927e-29
1.86440853e-01, 7.42460926e-02, 8.42857018e-01, 1.63271497e-01, 7.81004288e-01, 1.77810193e-01, 3.02945505e+00, 9.50617766e+02, 8.01234855e+02, 8.01234855e+02, 6.75326421e+02, 3.98900296e+01, 7.33774051e+01, 1.01158936e-29
1.91674849e-01, 7.61577735e-02, 8.39155077e-01, 1.67256687e-01, 7.77019098e-01, 1.82548802e-01, 3.02471645e+00, 9.80256974e+02, 8.22587617e+02, 8.22587617e+02, 6.90278575e+02, 3.99566997e+01, 7.35933624e+01, 1.01755255e-29
1.97055780e-01, 7.81143880e-02, 8.35382959e-01, 1.71323394e-01, 7.72952391e-01, 1.87405922e-01, 3.01985933e+00, 1.01088296e+03, 8.44474402e+02, 8.44474402e+02, 7.05459525e+02, 4.00235044e+01, 7.38167012e+01, 1.02373799e-29
2.02587771e-01, 8.01167833e-02, 8.31540137e-01, 1.75472465e-01, 7.68803320e-01, 1.92384054e-01, 3.01488119e+00, 1.04253114e+03, 8.66906483e+02, 8.66906483e+02, 7.20867536e+02, 4.00904452e+01, 7.40477007e+01, 1.03015532e-29
2.08275063e-01, 8.21658124e-02, 8.27626118e-01, 1.79704715e-01, 7.64571070e-01, 1.97485724e-01, 3.00977952e+00, 1.07523823e+03, 8.89895245e+02, 8.89895245e+02, 7.36500547e+02, 4.01575235e+01, 7.42866514e+01, 1.03681463e-29
2.14122015e-01, 8.42623342e-02, 8.23640447e-01, 1.84020915e-01, 7.60254870e-01, 2.02713482e-01, 3.00455177e+00, 1.10904239e+03, 9.13452172e+02, 9.13452172e+02, 7.52356156e+02, 4.02247407e+01, 7.45338563e+01, 1.04372657e-29
2.20133111e-01, 8.64072127e-02, 8.19582709e-01, 1.88421796e-01, 7.55853989e-01, 2.08069897e-01, 2.99919535e+00, 1.14398319e+03, 9.37588845e+02, 9.37588845e+02, 7.68431606e+02, 4.02920982e+01, 7.47896309e+01, 1.05090228e-29
2.26312957e-01, 8.86013169e-02, 8.15452527e-01, 1.92908043e-01, 7.51367742e-01, 2.13557558e-01, 2.99370769e+00, 1.18010172e+03, 9.62316930e+02, 9.62316930e+02, 7.84723773e+02, 4.03595972e+01, 7.50543039e+01, 1.05835351e-29
2.32666291e-01, 9.08455198e-02, 8.11249571e-01, 1.97480293e-01, 7.46795492e-01, 2.19179071e-01, 2.98808618e+00, 1.21744060e+03, 9.87648167e+02, 9.87648167e+02, 8.01229152e+02, 4.04272389e+01, 7.53282176e+01, 1.06609262e-29
2.39197984e-01, 9.31406982e-02, 8.06973553e-01, 2.02139132e-01, 7.42136653e-01, 2.24937056e-01, 2.98232819e+00, 1.25604409e+03, 1.01359436e+03, 1.01359436e+03, 8.17943845e+02, 4.04950244e+01, 7.56117291e+01, 1.07413259e-29
2.45913043e-01, 9.54877322e-02, 8.02624233e-01, 2.06885087e-01, 7.37390698e-01, 2.30834145e-01, 2.97643110e+00, 1.29595810e+03, 1.04016738e+03, 1.04016738e+03, 8.34863544e+02, 4.05629548e+01, 7.59052102e+01, 1.08248710e-29
2.52816614e-01, 9.78875042e-02, 7.98201419e-01, 2.11718631e-01, 7.32557154e-01, 2.36872978e-01, 2.97039227e+00, 1.33723029e+03, 1.06737911e+03, 1.06737911e+03, 8.51983523e+02, 4.06310310e+01, 7.62090484e+01, 1.09117054e-29
2.59913992e-01, 1.00340899e-01, 7.93704972e-01, 2.16640172e-01, 7.27635613e-01, 2.43056204e-01, 2.96420904e+00, 1.37991009e+03, 1.09524150e+03, 1.09524150e+03, 8.69298621e+02, 4.06992539e+01, 7.65236477e+01, 1.10019808e-29
2.67210616e-01, 1.02848802e-01, 7.89134803e-01, 2.21650055e-01, 7.22625730e-01, 2.49386472e-01, 2.95787878e+00, 1.42404880e+03, 1.12376647e+03, 1.12376647e+03, 8.86803234e+02, 4.07676244e+01, 7.68494290e+01, 1.10958568e-29
2.74712079e-01, 1.05412101e-01, 7.84490880e-01, 2.26748553e-01, 7.17527232e-01, 2.55866433e-01, 2.95139881e+00, 1.46969967e+03, 1.15296599e+03, 1.15296599e+03, 9.04491300e+02, 4.08361430e+01, 7.71868311e+01, 1.11935019e-29
2.82424133e-01, 1.08031682e-01, 7.79773224e-01, 2.31935869e-01, 7.12339916e-01, 2.62498735e-01, 2.94476651e+00, 1.51691790e+03, 1.18285196e+03, 1.18285196e+03, 9.22356286e+02, 4.09048104e+01, 7.75363114e+01, 1.12950934e-29
2.90352688e-01, 1.10708431e-01, 7.74981917e-01, 2.37212128e-01, 7.07063657e-01, 2.69286016e-01, 2.93797923e+00, 1.56576078e+03, 1.21343629e+03, 1.21343629e+03, 9.40391184e+02, 4.09736271e+01, 7.78983465e+01, 1.14008185e-29
2.98503825e-01, 1.13443233e-01, 7.70117100e-01, 2.42577377e-01, 7.01698408e-01, 2.76230904e-01, 2.93103434e+00, 1.61628774e+03, 1.24473083e+03, 1.24473083e+03, 9.58588494e+02, 4.10425934e+01, 7.82734333e+01, 1.15108746e-29
3.06883789e-01, 1.16236971e-01, 7.65178976e-01, 2.48031577e-01, 6.96244208e-01, 2.83336014e-01, 2.92392923e+00, 1.66856039e+03, 1.27674733e+03, 1.27674733e+03, 9.76940216e+02, 4.11117096e+01, 7.86620898e+01, 1.16254698e-29
3.15499006e-01, 1.19090524e-01, 7.60167811e-01, 2.53574604e-01, 6.90701182e-01, 2.90603936e-01, 2.91666131e+00, 1.72264265e+03, 1.30949749e+03, 1.30949749e+03, 9.95437844e+02, 4.11809760e+01, 7.90648559e+01, 1.17448242e-29
3.24356081e-01, 1.22004770e-01, 7.55083934e-01, 2.59206242e-01, 6.85069543e-01, 2.98037241e-01, 2.90922801e+00, 1.77860080e+03, 1.34299289e+03, 1.34299289e+03, 1.01407235e+03, 4.12503924e+01, 7.94822944e+01, 1.18691698e-29
3.33461802e-01, 1.24980579e-01, 7.49927744e-01, 2.64926181e-01, 6.79349604e-01, 3.05638466e-01, 2.90162678e+00, 1.83650354e+03, 1.37724496e+03, 1.37724496e+03, 1.03283420e+03, 4.13199589e+01, 7.99149919e+01, 1.19987519e-29
3.42823149e-01, 1.28018820e-01, 7.44699703e-01, 2.70734015e-01, 6.73541770e-01, 3.13410118e-01, 2.89385513e+00, 1.89642212e+03, 1.41226499e+03, 1.41226499e+03, 1.05171332e+03, 4.13896751e+01, 8.03635599e+01, 1.21338295e-29
3.52447300e-01, 1.31120351e-01, 7.39400345e-01, 2.76629233e-01, 6.67646552e-01, 3.21354661e-01, 2.88591059e+00, 1.95843036e+03, 1.44806409e+03, 1.44806409e+03, 1.07069908e+03, 4.14595407e+01, 8.08286357e+01, 1.22746764e-29
3.62341632e-01, 1.34286029e-01, 7.34030273e-01, 2.82611223e-01, 6.61664562e-01, 3.29474515e-01, 2.87779073e+00, 2.02260481e+03, 1.48465316e+03, 1.48465316e+03, 1.08978037e+03, 4.15295552e+01, 8.13108838e+01, 1.24215822e-29
3.72513730e-01, 1.37516698e-01, 7.28590161e-01, 2.88679263e-01, 6.55596522e-01, 3.37772051e-01, 2.86949320e+00, 2.08902476e+03, 1.52204289e+03, 1.52204289e+03, 1.10894547e+03, 4.15997179e+01, 8.18109965e+01, 1.25748531e-29
3.82971391e-01, 1.40813196e-01, 7.23080757e-01, 2.94832520e-01, 6.49443265e-01, 3.46249580e-01, 2.86101567e+00, 2.15777239e+03, 1.56024369e+03, 1.56024369e+03, 1.12818219e+03, 4.16700282e+01, 8.23296954e+01, 1.27348130e-29
3.93722633e-01, 1.44176353e-01, 7.17502878e-01, 3.01070047e-01, 6.43205738e-01, 3.54909354e-01, 2.85235589e+00, 2.22893281e+03, 1.59926571e+03, 1.59926571e+03, 1.14747775e+03, 4.17404849e+01, 8.28677327e+01, 1.29018048e-29
4.04775697e-01, 1.47606985e-01, 7.11857418e-01, 3.07390782e-01, 6.36885003e-01, 3.63753551e-01, 2.84351170e+00, 2.30259420e+03, 1.63911876e+03, 1.63911876e+03, 1.16681885e+03, 4.18110870e+01, 8.34258922e+01, 1.30761915e-29
4.16139055e-01, 1.51105900e-01, 7.06145344e-01, 3.13793540e-01, 6.30482245e-01, 3.72784278e-01, 2.83448097e+00, 2.37884786e+03, 1.67981234e+03, 1.67981234e+03, 1.18619166e+03, 4.18818333e+01, 8.40049904e+01, 1.32583576e-29
4.27821420e-01, 1.54673893e-01, 7.00367697e-01, 3.20277017e-01, 6.23998768e-01, 3.82003557e-01, 2.82526169e+00, 2.45778834e+03, 1.72135556e+03, 1.72135556e+03, 1.20558183e+03, 4.19527224e+01, 8.46058785e+01, 1.34487101e-29
4.39831747e-01, 1.58311745e-01, 6.94525595e-01, 3.26839782e-01, 6.17436003e-01, 3.91413321e-01, 2.81585193e+00, 2.53951351e+03, 1.76375713e+03, 1.76375713e+03, 1.22497447e+03, 4.20237526e+01, 8.52294430e+01, 1.36476807e-29
4.52179242e-01, 1.62020224e-01, 6.88620228e-01, 3.33480282e-01, 6.10795504e-01, 4.01015410e-01, 2.80624984e+00, 2.62412468e+03, 1.80702533e+03, 1.80702533e+03, 1.24435420e+03, 4.20949223e+01, 8.58766078e+01, 1.38557269e-29
4.64873371e-01, 1.65800084e-01, 6.82652863e-01, 3.40196830e-01, 6.04078955e-01, 4.10811556e-01, 2.79645369e+00, 2.71172669e+03, 1.85116798e+03, 1.85116798e+03, 1.26370512e+03, 4.21662296e+01, 8.65483349e+01, 1.40733338e-29
4.77923865e-01, 1.69652062e-01, 6.76624841e-01, 3.46987616e-01, 5.97288169e-01, 4.20803383e-01, 2.78646186e+00, 2.80242801e+03, 1.89619240e+03, 1.89619240e+03, 1.28301088e+03, 4.22376723e+01, 8.72456269e+01, 1.43010159e-29
4.91340729e-01, 1.73576879e-01, 6.70537578e-01, 3.53850695e-01, 5.90425090e-01, 4.30992400e-01, 2.77627285e+00, 2.89634085e+03, 1.94210538e+03, 1.94210538e+03, 1.30225464e+03, 4.23092484e+01, 8.79695275e+01, 1.45393192e-29
5.05134247e-01, 1.77575238e-01, 6.64392563e-01, 3.60783994e-01, 5.83491791e-01, 4.41379987e-01, 2.76588526e+00, 2.99358128e+03, 1.98891314e+03, 1.98891314e+03, 1.32141910e+03, 4.23809553e+01, 8.87211239e+01, 1.47888234e-29
5.19314994e-01, 1.81647824e-01, 6.58191359e-01, 3.67785307e-01, 5.76490478e-01, 4.51967394e-01, 2.75529785e+00, 3.09426930e+03, 2.03662131e+03, 2.03662131e+03, 1.34048655e+03, 4.24527905e+01, 8.95015481e+01, 1.50501438e-29
5.33893840e-01, 1.85795303e-01, 6.51935600e-01, 3.74852296e-01, 5.69423489e-01, 4.62755732e-01, 2.74450952e+00, 3.19852898e+03, 2.08523491e+03, 2.08523491e+03, 1.35943887e+03, 4.25247514e+01, 9.03119789e+01, 1.53239339e-29
5.48881961e-01, 1.90018322e-01, 6.45626991e-01, 3.81982495e-01, 5.62293290e-01, 4.73745964e-01, 2.73351928e+00, 3.30648856e+03, 2.13475826e+03, 2.13475826e+03, 1.37825755e+03, 4.25968351e+01, 9.11536434e+01, 1.56108883e-29
5.64290847e-01, 1.94317504e-01, 6.39267309e-01, 3.89173305e-01, 5.55102480e-01, 4.84938902e-01, 2.72232635e+00, 3.41828059e+03, 2.18519503e+03, 2.18519503e+03, 1.39692375e+03, 4.26690385e+01, 9.20278187e+01, 1.59117450e-29
5.80132310e-01, 1.98693454e-01, 6.32858396e-01, 3.96422000e-01, 5.47853785e-01, 4.96335194e-01, 2.71093005e+00, 3.53404198e+03, 2.23654814e+03, 2.23654814e+03, 1.41541827e+03, 4.27413585e+01, 9.29358345e+01, 1.62272886e-29
5.96418495e-01, 2.03146750e-01, 6.26402164e-01, 4.03725728e-01, 5.40550057e-01, 5.07935324e-01, 2.69932992e+00, 3.65391421e+03, 2.28881977e+03, 2.28881977e+03, 1.43372166e+03, 4.28137917e+01, 9.38790741e+01, 1.65583535e-29
6.13161884e-01, 2.07677952e-01, 6.19900588e-01, 4.11081510e-01, 5.33194275e-01, 5.19739598e-01, 2.68752565e+00, 3.77804335e+03, 2.34201130e+03, 2.34201130e+03, 1.45181418e+03, 4.28863347e+01, 9.48589774e+01, 1.69058274e-29
6.30375315e-01, 2.12287591e-01, 6.13355704e-01, 4.18486249e-01, 5.25789536e-01, 5.31748144e-01, 2.67551710e+00, 3.90658028e+03, 2.39612330e+03, 2.39612330e+03, 1.46967589e+03, 4.29589838e+01, 9.58770422e+01, 1.72706550e-29
6.48071983e-01, 2.16976176e-01, 6.06769614e-01, 4.25936726e-01, 5.18339059e-01, 5.43960904e-01, 2.66330434e+00, 4.03968073e+03, 2.45115552e+03, 2.45115552e+03, 1.48728668e+03, 4.30317352e+01, 9.69348266e+01, 1.76538418e-29
6.66265452e-01, 2.21744190e-01, 6.00144472e-01, 4.33429611e-01, 5.10846174e-01, 5.56377625e-01, 2.65088762e+00, 4.17750546e+03, 2.50710681e+03, 2.50710681e+03, 1.50462629e+03, 4.31045851e+01, 9.80339517e+01, 1.80564584e-29
6.84969672e-01, 2.26592088e-01, 5.93482492e-01, 4.40961462e-01, 5.03314323e-01, 5.68997859e-01, 2.63826739e+00, 4.32022037e+03, 2.56397515e+03, 2.56397515e+03, 1.52167436e+03, 4.31775295e+01, 9.91761031e+01, 1.84796454e-29
7.04198979e-01, 2.31520301e-01, 5.86785940e-01, 4.48528731e-01, 4.95747054e-01, 5.81820954e-01, 2.62544429e+00, 4.46799664e+03, 2.62175761e+03, 2.62175761e+03, 1.53841050e+03, 4.32505642e+01, 1.00363034e+02, 1.89246177e-29
7.23968114e-01, 2.36529229e-01, 5.80057132e-01, 4.56127773e-01, 4.88148012e-01, 5.94846048e-01, 2.61241920e+00, 4.62101086e+03, 2.68045031e+03, 2.68045031e+03, 1.55481432e+03, 4.33236849e+01, 1.01596567e+02, 1.93926705e-29
7.44292233e-01, 2.41619247e-01, 5.73298431e-01, 4.63754846e-01, 4.80520939e-01, 6.08072073e-01, 2.59919317e+00, 4.77944518e+03, 2.74004842e+03, 2.74004842e+03, 1.57086546e+03, 4.33968874e+01, 1.02878597e+02, 1.98851844e-29
7.65186915e-01, 2.46790700e-01, 5.66512244e-01, 4.71406123e-01, 4.72869662e-01, 6.21497741e-01, 2.58576751e+00, 4.94348742e+03, 2.80054615e+03, 2.80054615e+03, 1.58654368e+03, 4.34701672e+01, 1.04211095e+02, 2.04036317e-29
7.86668179e-01, 2.52043903e-01, 5.59701019e-01, 4.79077694e-01, 4.65198091e-01, 6.35121549e-01, 2.57214370e+00, 5.11333127e+03, 2.86193672e+03, 2.86193672e+03, 1.60182890e+03, 4.35435196e+01, 1.05596109e+02, 2.09495831e-29
8.08752491e-01, 2.57379142e-01, 5.52867241e-01, 4.86765578e-01, 4.57510207e-01, 6.48941772e-01, 2.55832348e+00, 5.28917641e+03, 2.92421237e+03, 2.92421237e+03, 1.61670123e+03, 4.36169403e+01, 1.07035767e+02, 2.15247146e-29
8.31456781e-01, 2.62796674e-01, 5.46013431e-01, 4.94465727e-01, 4.49810058e-01, 6.62956465e-01, 2.54430878e+00, 5.47122864e+03, 2.98736432e+03, 2.98736432e+03, 1.63114104e+03, 4.36904243e+01, 1.08532280e+02, 2.21308151e-29
8.54798453e-01, 2.68296725e-01, 5.39142136e-01, 5.02174036e-01, 4.42101749e-01, 6.77163459e-01, 2.53010179e+00, 5.65970010e+03, 3.05138280e+03, 3.05138280e+03, 1.64512904e+03, 4.37639671e+01, 1.10087949e+02, 2.27697947e-29
8.78795401e-01, 2.73879488e-01, 5.32255933e-01, 5.09886351e-01, 4.34389434e-01, 6.91560361e-01, 2.51570489e+00, 5.85480938e+03, 3.11625703e+03, 3.11625703e+03, 1.65864630e+03, 4.38375638e+01, 1.11705161e+02, 2.34436932e-29
9.03466021e-01, 2.79545129e-01, 5.25357421e-01, 5.17598477e-01, 4.26677308e-01, 7.06144556e-01, 2.50112069e+00, 6.05678174e+03, 3.18197523e+03, 3.18197523e+03, 1.67167430e+03, 4.39112096e+01, 1.13386398e+02, 2.41546901e-29
9.28829225e-01, 2.85293778e-01, 5.18449216e-01, 5.25306191e-01, 4.18969594e-01, 7.20913209e-01, 2.48635204e+00, 6.26584922e+03, 3.24852462e+03, 3.24852462e+03, 1.68419504e+03, 4.39848997e+01, 1.15134238e+02, 2.49051142e-29
9.54904456e-01, 2.91125536e-01, 5.11533951e-01, 5.33005245e-01, 4.11270540e-01, 7.35863261e-01, 2.47140199e+00, 6.48225090e+03, 3.31589141e+03, 3.31589141e+03, 1.69619104e+03, 4.40586292e+01, 1.16951361e+02, 2.56974549e-29
9.81711702e-01, 2.97040474e-01, 5.04614268e-01, 5.40691383e-01, 4.03584402e-01, 7.50991439e-01, 2.45627381e+00, 6.70623302e+03, 3.38406086e+03, 3.38406086e+03, 1.70764540e+03, 4.41323932e+01, 1.18840548e+02, 2.65343739e-29
1.00927151e+00, 3.03038627e-01, 4.97692817e-01, 5.48360345e-01, 3.95915440e-01, 7.66294255e-01, 2.44097099e+00, 6.93804922e+03, 3.45301726e+03, 3.45301726e+03, 1.71854189e+03, 4.42061869e+01, 1.20804690e+02, 2.74187181e-29
1.03760502e+00, 3.09120002e-01, 4.90772250e-01, 5.56007878e-01, 3.88267907e-01, 7.81768011e-01, 2.42549724e+00, 7.17796072e+03, 3.52274393e+03, 3.52274393e+03, 1.72886496e+03, 4.42800054e+01, 1.22846791e+02, 2.83535332e-29
1.06673394e+00, 3.15284571e-01, 4.83855218e-01, 5.63629751e-01, 3.80646035e-01, 7.97408806e-01, 2.40985644e+00, 7.42623653e+03, 3.59322330e+03, 3.59322330e+03, 1.73859984e+03, 4.43538439e+01, 1.24969968e+02, 2.93420782e-29
1.09668060e+00, 3.21532276e-01, 4.76944367e-01, 5.71221757e-01, 3.73054028e-01, 8.13212536e-01, 2.39405271e+00, 7.68315369e+03, 3.66443687e+03, 3.66443687e+03, 1.74773252e+03, 4.44276976e+01, 1.27177462e+02, 3.03878420e-29
1.12746796e+00, 3.27863028e-01, 4.70042332e-01, 5.78779730e-01, 3.65496055e-01, 8.29174907e-01, 2.37809034e+00, 7.94899746e+03, 3.73636530e+03, 3.73636530e+03, 1.75624986e+03, 4.45015618e+01, 1.29472637e+02, 3.14945598e-29
1.15911962e+00, 3.34276704e-01, 4.63151736e-01, 5.86299551e-01, 3.57976234e-01, 8.45291438e-01, 2.36197381e+00, 8.22406157e+03, 3.80898839e+03, 3.80898839e+03, 1.76413959e+03, 4.45754318e+01, 1.31858990e+02, 3.26662321e-29
1.19165984e+00, 3.40773150e-01, 4.56275185e-01, 5.93777159e-01, 3.50498626e-01, 8.61557469e-01, 2.34570778e+00, 8.50864847e+03, 3.88228515e+03, 3.88228515e+03, 1.77139038e+03, 4.46493029e+01, 1.34340151e+02, 3.39071447e-29
1.22511358e+00, 3.47352184e-01, 4.49415262e-01, 6.01208561e-01, 3.43067224e-01, 8.77968170e-01, 2.32929708e+00, 8.80306958e+03, 3.95623382e+03, 3.95623382e+03, 1.77799186e+03, 4.47231707e+01, 1.36919892e+02, 3.52218896e-29
1.25950646e+00, 3.54013588e-01, 4.42574525e-01, 6.08589840e-01, 3.35685945e-01, 8.94518550e-01, 2.31274670e+00, 9.10764552e+03, 4.03081189e+03, 4.03081189e+03, 1.78393466e+03, 4.47970306e+01, 1.39602132e+02, 3.66153892e-29
1.29486487e+00, 3.60757118e-01, 4.35755505e-01, 6.15917164e-01, 3.28358621e-01, 9.11203465e-01, 2.29606178e+00, 9.42270642e+03, 4.10599619e+03, 4.10599619e+03, 1.78921044e+03, 4.48708783e+01, 1.42390940e+02, 3.80929205e-29
1.33121590e+00, 3.67582497e-01, 4.28960698e-01, 6.23186797e-01, 3.21088989e-01, 9.28017629e-01, 2.27924762e+00, 9.74859218e+03, 4.18176291e+03, 4.18176291e+03, 1.79381193e+03, 4.49447095e+01, 1.45290547e+02, 3.96601424e-29
1.36858742e+00, 3.74489419e-01, 4.22192565e-01, 6.30395103e-01, 3.13880682e-01, 9.44955623e-01, 2.26230962e+00, 1.00856528e+04, 4.25808761e+03, 4.25808761e+03, 1.79773293e+03, 4.50185201e+01, 1.48305344e+02, 4.13231249e-29
1.40700809e+00, 3.81477549e-01, 4.15453528e-01, 6.37538560e-01, 3.06737225e-01, 9.62011907e-01, 2.24525334e+00, 1.04342485e+04, 4.33494535e+03, 4.33494535e+03, 1.80096834e+03, 4.50923059e+01, 1.51439899e+02, 4.30883808e-29
1.44650734e+00, 3.88546523e-01, 4.08745964e-01, 6.44613761e-01, 2.99662025e-01, 9.79180829e-01, 2.22808442e+00, 1.07947504e+04, 4.41231065e+03, 4.41231065e+03, 1.80351417e+03, 4.51660630e+01, 1.54698954e+02, 4.49628991e-29
1.48711546e+00, 3.95695948e-01, 4.02072206e-01, 6.51617423e-01, 2.92658362e-01, 9.96456639e-01, 2.21080861e+00, 1.11675404e+04, 4.49015760e+03, 4.49015760e+03, 1.80536757e+03, 4.52397877e+01, 1.58087439e+02, 4.69541822e-29
1.52886359e+00, 4.02925403e-01, 3.95434536e-01, 6.58546395e-01, 2.85729390e-01, 1.01383350e+00, 2.19343175e+00, 1.15530119e+04, 4.56845988e+03, 4.56845988e+03, 1.80652681e+03, 4.53134761e+01, 1.61610478e+02, 4.90702853e-29
1.57178372e+00, 4.10234442e-01, 3.88835186e-01, 6.65397663e-01, 2.78878122e-01, 1.03130549e+00, 2.17595976e+00, 1.19515697e+04, 4.64719084e+03, 4.64719084e+03, 1.80699131e+03, 4.53871247e+01, 1.65273396e+02, 5.13198591e-29
1.61590875e+00, 4.17622591e-01, 3.82276331e-01, 6.72168353e-01, 2.72107432e-01, 1.04886662e+00, 2.15839862e+00, 1.23636311e+04, 4.72632351e+03, 4.72632351e+03, 1.80676161e+03, 4.54607302e+01, 1.69081728e+02, 5.37121962e-29
1.66127252e+00, 4.25089350e-01, 3.75760089e-01, 6.78855738e-01, 2.65420047e-01, 1.06651088e+00, 2.14075437e+00, 1.27896252e+04, 4.80583070e+03, 4.80583070e+03, 1.80583937e+03, 4.55342891e+01, 1.73041229e+02, 5.62572809e-29
1.70790980e+00, 4.32634194e-01, 3.69288519e-01, 6.85457240e-01, 2.58818545e-01, 1.08423216e+00, 2.12303309e+00, 1.32299943e+04, 4.88568502e+03, 4.88568502e+03, 1.80422739e+03, 4.56077983e+01, 1.77157882e+02, 5.89658429e-29
1.75585633e+00, 4.40256573e-01, 3.62863618e-01, 6.91970435e-01, 2.52305350e-01, 1.10202437e+00, 2.10524088e+00, 1.36851938e+04, 4.96585893e+03, 4.96585893e+03, 1.80192954e+03, 4.56812548e+01, 1.81437906e+02, 6.18494159e-29
1.80514888e+00, 4.47955916e-01, 3.56487318e-01, 6.98393055e-01, 2.45882730e-01, 1.11988137e+00, 2.08738387e+00, 1.41556924e+04, 5.04632481e+03, 5.04632481e+03, 1.79895080e+03, 4.57546556e+01, 1.85887770e+02, 6.49204005e-29
1.85582523e+00, 4.55731626e-01, 3.50161484e-01, 7.04722988e-01, 2.39552797e-01, 1.13779703e+00, 2.06946821e+00, 1.46419730e+04, 5.12705500e+03, 5.12705500e+03, 1.79529719e+03, 4.58279980e+01, 1.90514202e+02, 6.81921318e-29
1.90792422e+00, 4.63583085e-01, 3.43887915e-01, 7.10958285e-01, 2.33317500e-01, 1.15576521e+00, 2.05150004e+00, 1.51445329e+04, 5.20802185e+03, 5.20802185e+03, 1.79097578e+03, 4.59012794e+01, 1.95324199e+02, 7.16789537e-29
1.96148581e+00, 4.71509656e-01, 3.37668341e-01, 7.17097153e-01, 2.27178632e-01, 1.17377979e+00, 2.03348546e+00, 1.56638841e+04, 5.28919776e+03, 5.28919776e+03, 1.78599463e+03, 4.59744973e+01, 2.00325038e+02, 7.53962977e-29
2.01655104e+00, 4.79510678e-01, 3.31504419e-01, 7.23137962e-01, 2.21137824e-01, 1.19183465e+00, 2.01543059e+00, 1.62005540e+04, 5.37055524e+03, 5.37055524e+03, 1.78036280e+03, 4.60476493e+01, 2.05524290e+02, 7.93607693e-29
2.07316213e+00, 4.87585472e-01, 3.25397736e-01, 7.29079240e-01, 2.15196545e-01, 1.20992375e+00, 1.99734150e+00, 1.67550857e+04, 5.45206695e+03, 5.45206695e+03, 1.77409024e+03, 4.61207333e+01, 2.10929834e+02, 8.35902405e-29
2.13136247e+00, 4.95733342e-01, 3.19349807e-01, 7.34919678e-01, 2.09356107e-01, 1.22804104e+00, 1.97922421e+00, 1.73280384e+04, 5.53370572e+03, 5.53370572e+03, 1.76718785e+03, 4.61937470e+01, 2.16549864e+02, 8.81039510e-29
2.19119669e+00, 5.03953573e-01, 3.13362070e-01, 7.40658120e-01, 2.03617665e-01, 1.24618055e+00, 1.96108469e+00, 1.79199883e+04, 5.61544464e+03, 5.61544464e+03, 1.75966736e+03, 4.62666886e+01, 2.22392910e+02, 9.29226163e-29
2.25271064e+00, 5.12245431e-01, 3.07435893e-01, 7.46293568e-01, 1.97982217e-01, 1.26433638e+00, 1.94292887e+00, 1.85315286e+04, 5.69725704e+03, 5.69725704e+03, 1.75154130e+03, 4.63395562e+01, 2.28467847e+02, 9.80685454e-29
2.31595149e+00, 5.20608169e-01, 3.01572566e-01, 7.51825179e-01, 1.92450606e-01, 1.28250267e+00, 1.92476258e+00, 1.91632703e+04, 5.77911658e+03, 5.77911658e+03, 1.74282302e+03, 4.64123481e+01, 2.34783914e+02, 1.03565768e-28
2.38096772e+00, 5.29041024e-01, 2.95773306e-01, 7.57252259e-01, 1.87023526e-01, 1.30067364e+00, 1.90659161e+00, 1.98158425e+04, 5.86099726e+03, 5.86099726e+03, 1.73352654e+03, 4.64850627e+01, 2.41350726e+02, 1.09440174e-28
2.44780916e+00, 5.37543219e-01, 2.90039255e-01, 7.62574262e-01, 1.81701523e-01, 1.31884362e+00, 1.88842163e+00, 2.04898935e+04, 5.94287345e+03, 5.94287345e+03, 1.72366659e+03, 4.65576985e+01, 2.48178292e+02, 1.15719657e-28
2.51652705e+00, 5.46113963e-01, 2.84371479e-01, 7.67790786e-01, 1.76484999e-01, 1.33700700e+00, 1.87025825e+00, 2.11860905e+04, 6.02471990e+03, 6.02471990e+03, 1.71325851e+03, 4.66302541e+01, 2.55277032e+02, 1.22434282e-28
2.58717408e+00, 5.54752453e-01, 2.78770971e-01, 7.72901570e-01, 1.71374215e-01, 1.35515828e+00, 1.85210696e+00, 2.19051210e+04, 6.10651184e+03, 6.10651184e+03, 1.70231823e+03, 4.67027283e+01, 2.62657796e+02, 1.29616457e-28
2.65980440e+00, 5.63457874e-01, 2.73238647e-01, 7.77906487e-01, 1.66369298e-01, 1.37329207e+00, 1.83397318e+00, 2.26476928e+04, 6.18822493e+03, 6.18822493e+03, 1.69086221e+03, 4.67751198e+01, 2.70331878e+02, 1.37301119e-28
2.73447368e+00, 5.72229403e-01, 2.67775351e-01, 7.82805544e-01, 1.61470241e-01, 1.39140306e+00, 1.81586219e+00, 2.34145350e+04, 6.26983532e+03, 6.26983532e+03, 1.67890735e+03, 4.68474277e+01, 2.78311042e+02, 1.45525945e-28
2.81123917e+00, 5.81066203e-01, 2.62381854e-01, 7.87598874e-01, 1.56676911e-01, 1.40948608e+00, 1.79777917e+00, 2.42063983e+04, 6.35131966e+03, 6.35131966e+03, 1.66647103e+03, 4.69196509e+01, 2.86607535e+02, 1.54331565e-28
2.89015972e+00, 5.89967432e-01, 2.57058854e-01, 7.92286731e-01, 1.51989054e-01, 1.42753606e+00, 1.77972918e+00, 2.50240558e+04, 6.43265512e+03, 6.43265512e+03, 1.65357096e+03, 4.69917885e+01, 2.95234112e+02, 1.63761809e-28
2.97129582e+00, 5.98932239e-01, 2.51806978e-01, 7.96869487e-01, 1.47406298e-01, 1.44554806e+00, 1.76171718e+00, 2.58683039e+04, 6.51381944e+03, 6.51381944e+03, 1.64022519e+03, 4.70638398e+01, 3.04204060e+02, 1.73863960e-28
3.05470967e+00, 6.07959763e-01, 2.46626782e-01, 8.01347627e-01, 1.42928158e-01, 1.46351726e+00, 1.74374798e+00, 2.67399624e+04, 6.59479089e+03, 6.59479089e+03, 1.62645206e+03, 4.71358040e+01, 3.13531214e+02, 1.84689040e-28
3.14046522e+00, 6.17049141e-01, 2.41518754e-01, 8.05721740e-01, 1.38554045e-01, 1.48143897e+00, 1.72582628e+00, 2.76398756e+04, 6.67554832e+03, 6.67554832e+03, 1.61227011e+03, 4.72076804e+01, 3.23229987e+02, 1.96292110e-28
3.22862820e+00, 6.26199502e-01, 2.36483311e-01, 8.09992518e-01, 1.34283267e-01, 1.49930861e+00, 1.70795663e+00, 2.85689131e+04, 6.75607116e+03, 6.75607116e+03, 1.59769808e+03, 4.72794686e+01, 3.33315390e+02, 2.08732602e-28
3.31926620e+00, 6.35409971e-01, 2.31520808e-01, 8.14160748e-01, 1.30115037e-01, 1.51712176e+00, 1.69014348e+00, 2.95279699e+04, 6.83633944e+03, 6.83633944e+03, 1.58275483e+03, 4.73511679e+01, 3.43803061e+02, 2.22074674e-28
3.41244871e+00, 6.44679670e-01, 2.26631530e-01, 8.18227307e-01, 1.26048478e-01, 1.53487412e+00, 1.67239113e+00, 3.05179680e+04, 6.91633377e+03, 6.91633377e+03, 1.56745930e+03, 4.74227781e+01, 3.54709293e+02, 2.36387597e-28
3.50824714e+00, 6.54007716e-01, 2.21815701e-01, 8.22193158e-01, 1.22082627e-01, 1.55256152e+00, 1.65470373e+00, 3.15398566e+04, 6.99603539e+03, 6.99603539e+03, 1.55183049e+03, 4.74942986e+01, 3.66051054e+02, 2.51746174e-28
3.60673495e+00, 6.63393226e-01, 2.17073483e-01, 8.26059343e-01, 1.18216442e-01, 1.57017993e+00, 1.63708531e+00, 3.25946129e+04, 7.07542614e+03, 7.07542614e+03, 1.53588740e+03, 4.75657291e+01, 3.77846028e+02, 2.68231191e-28
3.70798763e+00, 6.72835313e-01, 2.12404976e-01, 8.29826978e-01, 1.14448807e-01, 1.58772546e+00, 1.61953979e+00, 3.36832433e+04, 7.15448848e+03, 7.15448848e+03, 1.51964896e+03, 4.76370695e+01, 3.90112636e+02, 2.85929911e-28
3.81208280e+00, 6.82333091e-01, 2.07810223e-01, 8.33497247e-01, 1.10778538e-01, 1.60519435e+00, 1.60207090e+00, 3.48067836e+04, 7.23320547e+03, 7.23320547e+03, 1.50313404e+03, 4.77083195e+01, 4.02870069e+02, 3.04936604e-28
3.91910025e+00, 6.91885673e-01, 2.03289209e-01, 8.37071399e-01, 1.07204386e-01, 1.62258298e+00, 1.58468227e+00, 3.59663006e+04, 7.31156080e+03, 7.31156080e+03, 1.48636141e+03, 4.77794788e+01, 4.16138326e+02, 3.25353128e-28
4.02912203e+00, 7.01492174e-01, 1.98841864e-01, 8.40550741e-01, 1.03725044e-01, 1.63988787e+00, 1.56737738e+00, 3.71628922e+04, 7.38953877e+03, 7.38953877e+03, 1.46934967e+03, 4.78505475e+01, 4.29938244e+02, 3.47289546e-28
4.14223247e+00, 7.11151707e-01, 1.94468065e-01, 8.43936632e-01, 1.00339153e-01, 1.65710566e+00, 1.55015959e+00, 3.83976890e+04, 7.46712429e+03, 7.46712429e+03, 1.45211721e+03, 4.79215254e+01, 4.44291533e+02, 3.70864811e-28
4.25851829e+00, 7.20863389e-01, 1.90167637e-01, 8.47230482e-01, 9.70453028e-02, 1.67423315e+00, 1.53303210e+00, 3.96718547e+04, 7.54430289e+03, 7.54430289e+03, 1.43468226e+03, 4.79924125e+01, 4.59220817e+02, 3.96207495e-28
4.37806863e+00, 7.30626340e-01, 1.85940357e-01, 8.50433743e-01, 9.38420418e-02, 1.69126725e+00, 1.51599799e+00, 4.09865873e+04, 7.62106068e+03, 7.62106068e+03, 1.41706274e+03, 4.80632088e+01, 4.74749669e+02, 4.23456589e-28
4.50097513e+00, 7.40439681e-01, 1.81785952e-01, 8.53547907e-01, 9.07278783e-02, 1.70820503e+00, 1.49906022e+00, 4.23431201e+04, 7.69738439e+03, 7.69738439e+03, 1.39927635e+03, 4.81339143e+01, 4.90902655e+02, 4.52762361e-28
4.62733201e+00, 7.50302539e-01, 1.77704105e-01, 8.56574499e-01, 8.77012861e-02, 1.72504365e+00, 1.48222159e+00, 4.37427224e+04, 7.77326134e+03, 7.77326134e+03, 1.38134045e+03, 4.82045290e+01, 5.07705374e+02, 4.84287293e-28
4.75723614e+00, 7.60214043e-01, 1.73694456e-01, 8.59515076e-01, 8.47607088e-02, 1.74178045e+00, 1.46548480e+00, 4.51867009e+04, 7.84867943e+03, 7.84867943e+03, 1.36327210e+03, 4.82750532e+01, 5.25184500e+02, 5.18207095e-28
4.89078709e+00, 7.70173327e-01, 1.69756602e-01, 8.62371221e-01, 8.19045637e-02, 1.75841286e+00, 1.44885239e+00, 4.66764005e+04, 7.92362714e+03, 7.92362714e+03, 1.34508802e+03, 4.83454868e+01, 5.43367835e+02, 5.54711802e-28
5.02808725e+00, 7.80179530e-01, 1.65890100e-01, 8.65144539e-01, 7.91312462e-02, 1.77493846e+00, 1.43232679e+00, 4.82132057e+04, 7.99809353e+03, 7.99809353e+03, 1.32680454e+03, 4.84158300e+01, 5.62284346e+02, 5.94006968e-28
5.16924187e+00, 7.90231798e-01, 1.62094471e-01, 8.67836652e-01, 7.64391329e-02, 1.79135493e+00, 1.41591032e+00, 4.97985412e+04, 8.07206820e+03, 8.07206820e+03, 1.30843763e+03, 4.84860831e+01, 5.81964225e+02, 6.36314954e-28
5.31435916e+00, 8.00329281e-01, 1.58369199e-01, 8.70449199e-01, 7.38265862e-02, 1.80766010e+00, 1.39960515e+00, 5.14338734e+04, 8.14554132e+03, 8.14554132e+03, 1.29000285e+03, 4.85562462e+01, 6.02438934e+02, 6.81876332e-28
5.46355035e+00, 8.10471136e-01, 1.54713732e-01, 8.72983828e-01, 7.12919570e-02, 1.82385190e+00, 1.38341335e+00, 5.31207118e+04, 8.21850359e+03, 8.21850359e+03, 1.27151537e+03, 4.86263194e+01, 6.23741262e+02, 7.30951402e-28
5.61692982e+00, 8.20656529e-01, 1.51127491e-01, 8.75442197e-01, 6.88335883e-02, 1.83992839e+00, 1.36733686e+00, 5.48606094e+04, 8.29094624e+03, 8.29094624e+03, 1.25298990e+03, 4.86963031e+01, 6.45905382e+02, 7.83821839e-28
5.77461515e+00, 8.30884629e-01, 1.47609861e-01, 8.77825967e-01, 6.64498185e-02, 1.85588773e+00, 1.35137752e+00, 5.66551650e+04, 8.36286103e+03, 8.36286103e+03, 1.23444075e+03, 4.87661975e+01, 6.68966905e+02, 8.40792481e-28
5.93672722e+00, 8.41154616e-01, 1.44160202e-01, 8.80136801e-01, 6.41389839e-02, 1.87172821e+00, 1.33553703e+00, 5.85060237e+04, 8.43424022e+03, 8.43424022e+03, 1.21588178e+03, 4.88360029e+01, 6.92962947e+02, 9.02193264e-28
6.10339029e+00, 8.51465677e-01, 1.40777848e-01, 8.82376363e-01, 6.18994221e-02, 1.88744823e+00, 1.31981702e+00, 6.04148783e+04, 8.50507657e+03, 8.50507657e+03, 1.19732638e+03, 4.89057195e+01, 7.17932189e+02, 9.68381324e-28
6.27473213e+00, 8.61817006e-01, 1.37462106e-01, 8.84546311e-01, 5.97294739e-02, 1.90304628e+00, 1.30421897e+00, 6.23834711e+04, 8.57536332e+03, 8.57536332e+03, 1.17878750e+03, 4.89753477e+01, 7.43914945e+02, 1.03974328e-27
6.45088409e+00, 8.72207807e-01, 1.34212261e-01, 8.86648299e-01, 5.76274864e-02, 1.91852097e+00, 1.28874428e+00, 6.44135949e+04, 8.64509421e+03, 8.64509421e+03, 1.16027764e+03, 4.90448877e+01, 7.70953230e+02, 1.11669769e-27
6.63198120e+00, 8.82637292e-01, 1.31027576e-01, 8.88683970e-01, 5.55918149e-02, 1.93387101e+00, 1.27339424e+00, 6.65070944e+04, 8.71426340e+03, 8.71426340e+03, 1.14180881e+03, 4.91143399e+01, 7.99090832e+02, 1.19969777e-27
6.81816229e+00, 8.93104682e-01, 1.27907296e-01, 8.90654960e-01, 5.36208254e-02, 1.94909521e+00, 1.25817004e+00, 6.86658681e+04, 8.78286553e+03, 8.78286553e+03, 1.12339258e+03, 4.91837046e+01, 8.28373391e+02, 1.28923425e-27
7.00957009e+00, 9.03609206e-01, 1.24850646e-01, 8.92562889e-01, 5.17128960e-02, 1.96419247e+00, 1.24307278e+00, 7.08918692e+04, 8.85089567e+03, 8.85089567e+03, 1.10504004e+03, 4.92529821e+01, 8.58848469e+02, 1.38583857e-27
7.20635132e+00, 9.14150106e-01, 1.21856835e-01, 8.94409366e-01, 4.98664194e-02, 1.97916180e+00, 1.22810345e+00, 7.31871077e+04, 8.91834932e+03, 8.91834932e+03, 1.08676182e+03, 4.93221729e+01, 8.90565641e+02, 1.49008631e-27
7.40865683e+00, 9.24726629e-01, 1.18925058e-01, 8.96195981e-01, 4.80798042e-02, 1.99400228e+00, 1.21326297e+00, 7.55536516e+04, 8.98522239e+03, 8.98522239e+03, 1.06856809e+03, 4.93912773e+01, 9.23576574e+02, 1.60260086e-27
7.61664172e+00, 9.35338035e-01, 1.16054495e-01, 8.97924309e-01, 4.63514763e-02, 2.00871310e+00, 1.19855214e+00, 7.79936289e+04, 9.05151118e+03, 9.05151118e+03, 1.05046856e+03, 4.94602956e+01, 9.57935118e+02, 1.72405749e-27
7.83046540e+00, 9.45983593e-01, 1.13244314e-01, 8.99595904e-01, 4.46798810e-02, 2.02329353e+00, 1.18397171e+00, 8.05092288e+04, 9.11721241e+03, 9.11721241e+03, 1.03247247e+03, 4.95292283e+01, 9.93697399e+02, 1.85518771e-27
8.05029181e+00, 9.56662583e-01, 1.10493675e-01, 9.01212301e-01, 4.30634836e-02, 2.03774292e+00, 1.16952232e+00, 8.31027041e+04, 9.18232315e+03, 9.18232315e+03, 1.01458863e+03, 4.95980758e+01, 1.03092191e+03, 1.99678403e-27
8.27628946e+00, 9.67374292e-01, 1.07801724e-01, 9.02775014e-01, 4.15007707e-02, 2.05206070e+00, 1.15520454e+00, 8.57763723e+04, 9.24684085e+03, 9.24684085e+03, 9.96825390e+02, 4.96668384e+01, 1.06966962e+03, 2.14970506e-27
8.50863158e+00, 9.78118021e-01, 1.05167604e-01, 9.04285533e-01, 3.99902518e-02, 2.06624639e+00, 1.14101886e+00, 8.85326180e+04, 9.31076331e+03, 9.31076331e+03, 9.79190668e+02, 4.97355165e+01, 1.11000408e+03, 2.31488117e-27
8.74749630e+00, 9.88893079e-01, 1.02590447e-01, 9.05745326e-01, 3.85304594e-02, 2.08029956e+00, 1.12696569e+00, 9.13738946e+04, 9.37408866e+03, 9.37408866e+03, 9.61691943e+02, 4.98041107e+01, 1.15199151e+03, 2.49332051e-27
8.99306672e+00, 9.99698787e-01, 1.00069381e-01, 9.07155835e-01, 3.71199505e-02, 2.09421989e+00, 1.11304536e+00, 9.43027258e+04, 9.43681539e+03, 9.43681539e+03, 9.44336273e+02, 4.98726212e+01, 1.19570094e+03, 2.68611557e-27
9.24553110e+00, 1.01053448e+00, 9.76035298e-02, 9.08518478e-01, 3.57573070e-02, 2.10800710e+00, 1.09925815e+00, 9.73217085e+04, 9.49894228e+03, 9.49894228e+03, 9.27130296e+02, 4.99410486e+01, 1.24120432e+03, 2.89445039e-27
9.50508296e+00, 1.02139949e+00, 9.51920136e-02, 9.09834649e-01, 3.44411364e-02, 2.12166099e+00, 1.08560425e+00, 1.00433514e+05, 9.56046843e+03, 9.56046843e+03, 9.10080240e+02, 5.00093933e+01, 1.28857664e+03, 3.11960824e-27
9.77192128e+00, 1.03229317e+00, 9.28339498e-02, 9.11105713e-01, 3.31700724e-02, 2.13518144e+00, 1.07208381e+00, 1.03640891e+05, 9.62139324e+03, 9.62139324e+03, 8.93191937e+02, 5.00776557e+01, 1.33789605e+03, 3.36298007e-27
1.00462506e+01, 1.04321489e+00, 9.05284548e-02, 9.12333010e-01, 3.19427754e-02, 2.14856837e+00, 1.05869688e+00, 1.06946666e+05, 9.68171640e+03, 9.68171640e+03, 8.76470825e+02, 5.01458362e+01, 1.38924401e+03, 3.62607365e-27
1.03282813e+01, 1.05416402e+00, 8.82746444e-02, 9.13517852e-01, 3.07579327e-02, 2.16182176e+00, 1.04544348e+00, 1.10353748e+05, 9.74143785e+03, 9.74143785e+03, 8.59921963e+02, 5.02139354e+01, 1.44270544e+03, 3.91052342e-27
1.06182294e+01, 1.06513995e+00, 8.60716349e-02, 9.14661526e-01, 2.96142588e-02, 2.17494168e+00, 1.03232357e+00, 1.13865129e+05, 9.80055784e+03, 9.80055784e+03, 8.43550036e+02, 5.02819537e+01, 1.49836882e+03, 4.21810134e-27
1.09163173e+01, 1.07614206e+00, 8.39185439e-02, 9.15765289e-01, 2.85104959e-02, 2.18792823e+00, 1.01933702e+00, 1.17483888e+05, 9.85907682e+03, 9.85907682e+03, 8.27359371e+02, 5.03498916e+01, 1.55632640e+03, 4.55072848e-27
1.12227736e+01, 1.08716977e+00, 8.18144912e-02, 9.16830371e-01, 2.74454138e-02, 2.20078156e+00, 1.00648369e+00, 1.21213191e+05, 9.91699553e+03, 9.91699553e+03, 8.11353944e+02, 5.04177494e+01, 1.61667432e+03, 4.91048774e-27
1.15378330e+01, 1.09822248e+00, 7.97585995e-02, 9.17857975e-01, 2.64178101e-02, 2.21350189e+00, 9.93763359e-01, 1.25056295e+05, 9.97431493e+03, 9.97431493e+03, 7.95537389e+02, 5.04855278e+01, 1.67951277e+03, 5.29963759e-27
1.18617372e+01, 1.10929963e+00, 7.77499950e-02, 9.18849275e-01, 2.54265101e-02, 2.22608948e+00, 9.81175767e-01, 1.29016551e+05, 1.00310362e+04, 1.00310362e+04, 7.79913013e+02, 5.05532271e+01, 1.74494619e+03, 5.72062703e-27
1.21947344e+01, 1.12040065e+00, 7.57878084e-02, 9.19805418e-01, 2.44703670e-02, 2.23854464e+00, 9.68720604e-01, 1.33097406e+05, 1.00871607e+04, 1.00871607e+04, 7.64483802e+02, 5.06208480e+01, 1.81308346e+03, 6.17611176e-27
1.25370799e+01, 1.13152499e+00, 7.38711753e-02, 9.20727523e-01, 2.35482618e-02, 2.25086773e+00, 9.56397515e-01, 1.37302406e+05, 1.01426901e+04, 1.01426901e+04, 7.49252436e+02, 5.06883907e+01, 1.88403803e+03, 6.66897183e-27
1.28890361e+01, 1.14267211e+00, 7.19992367e-02, 9.21616682e-01, 2.26591028e-02, 2.26305915e+00, 9.44206099e-01, 1.41635197e+05, 1.01976261e+04, 1.01976261e+04, 7.34221296e+02, 5.07558560e+01, 1.95792816e+03, 7.20233070e-27
1.32508729e+01, 1.15384147e+00, 7.01711401e-02, 9.22473959e-01, 2.18018262e-02, 2.27511933e+00, 9.32145917e-01, 1.46099533e+05, 1.02519708e+04, 1.02519708e+04, 7.19392478e+02, 5.08232441e+01, 2.03487712e+03, 7.77957603e-27
1.36228676e+01, 1.16503255e+00, 6.83860392e-02, 9.23300390e-01, 2.09753950e-02, 2.28704876e+00, 9.20216487e-01, 1.50699271e+05, 1.03057263e+04, 1.03057263e+04, 7.04767802e+02, 5.08905558e+01, 2.11501338e+03, 8.40438218e-27
1.40053055e+01, 1.17624484e+00, 6.66430952e-02, 9.24096986e-01, 2.01787995e-02, 2.29884796e+00, 9.08417290e-01, 1.55438383e+05, 1.03588949e+04, 1.03588949e+04, 6.90348821e+02, 5.09577913e+01, 2.19847087e+03, 9.08073464e-27
1.43984795e+01, 1.18747784e+00, 6.49414767e-02, 9.24864728e-01, 1.94110567e-02, 2.31051748e+00, 8.96747772e-01, 1.60320950e+05, 1.04114792e+04, 1.04114792e+04, 6.76136836e+02, 5.10249514e+01, 2.28538916e+03, 9.81295664e-27
1.48026913e+01, 1.19873106e+00, 6.32803605e-02, 9.25604575e-01, 1.86712099e-02, 2.32205790e+00, 8.85207342e-01, 1.65351173e+05, 1.04634818e+04, 1.04634818e+04, 6.62132903e+02, 5.10920364e+01, 2.37591374e+03, 1.06057379e-26
1.52182505e+01, 1.21000400e+00, 6.16589316e-02, 9.26317456e-01, 1.79583286e-02, 2.33346987e+00, 8.73795380e-01, 1.70533373e+05, 1.05149056e+04, 1.05149056e+04, 6.48337843e+02, 5.11590469e+01, 2.47019624e+03, 1.14641660e-26
1.56454759e+01, 1.22129622e+00, 6.00763839e-02, 9.27004277e-01, 1.72715083e-02, 2.34475402e+00, 8.62511231e-01, 1.75871992e+05, 1.05657533e+04, 1.05657533e+04, 6.34752254e+02, 5.12259834e+01, 2.56839474e+03, 1.23937604e-26
1.60846948e+01, 1.23260723e+00, 5.85319205e-02, 9.27665915e-01, 1.66098696e-02, 2.35591103e+00, 8.51354214e-01, 1.81371603e+05, 1.06160282e+04, 1.06160282e+04, 6.21376522e+02, 5.12928465e+01, 2.67067396e+03, 1.34005091e-26
1.65362441e+01, 1.24393658e+00, 5.70247538e-02, 9.28303227e-01, 1.59725582e-02, 2.36694163e+00, 8.40323618e-01, 1.87036906e+05, 1.06657335e+04, 1.06657335e+04, 6.08210826e+02, 5.13596365e+01, 2.77720564e+03, 1.44909090e-26
1.70004698e+01, 1.25528384e+00, 5.55541057e-02, 9.28917041e-01, 1.53587444e-02, 2.37784654e+00, 8.29418706e-01, 1.92872736e+05, 1.07148724e+04, 1.07148724e+04, 5.95255153e+02, 5.14263542e+01, 2.88816874e+03, 1.56720093e-26
1.74777277e+01, 1.26664856e+00, 5.41192085e-02, 9.29508162e-01, 1.47676227e-02, 2.38862653e+00, 8.18638718e-01, 1.98884068e+05, 1.07634483e+04, 1.07634483e+04, 5.82509305e+02, 5.14930000e+01, 3.00374985e+03, 1.69514587e-26
1.79683839e+01, 1.27803033e+00, 5.27193041e-02, 9.30077374e-01, 1.41984114e-02, 2.39928238e+00, 8.07982867e-01, 2.05076018e+05, 1.08114649e+04, 1.08114649e+04, 5.69972908e+02, 5.15595744e+01, 3.12414339e+03, 1.83375568e-26
1.84728144e+01, 1.28942872e+00, 5.13536452e-02, 9.30625433e-01, 1.36503520e-02, 2.40981490e+00, 7.97450347e-01, 2.11453846e+05, 1.08589258e+04, 1.08589258e+04, 5.57645422e+02, 5.16260779e+01, 3.24955207e+03, 1.98393096e-26
1.89914058e+01, 1.30084334e+00, 5.00214947e-02, 9.31153076e-01, 1.31227088e-02, 2.42022492e+00, 7.87040331e-01, 2.18022966e+05, 1.09058346e+04, 1.09058346e+04, 5.45526148e+02, 5.16925112e+01, 3.38018714e+03, 2.14664903e-26
1.95245558e+01, 1.31227377e+00, 4.87221263e-02, 9.31661017e-01, 1.26147685e-02, 2.43051328e+00, 7.76751971e-01, 2.24788942e+05, 1.09521952e+04, 1.09521952e+04, 5.33614239e+02, 5.17588747e+01, 3.51626882e+03, 2.32297049e-26
2.00726730e+01, 1.32371963e+00, 4.74548245e-02, 9.32149945e-01, 1.21258398e-02, 2.44068084e+00, 7.66584403e-01, 2.31757502e+05, 1.09980116e+04, 1.09980116e+04, 5.21908708e+02, 5.18251690e+01, 3.65802661e+03, 2.51404632e-26
2.06361777e+01, 1.33518054e+00, 4.62188846e-02, 9.32620532e-01, 1.16552527e-02, 2.45072850e+00, 7.56536744e-01, 2.38934532e+05, 1.10432876e+04, 1.10432876e+04, 5.10408434e+02, 5.18913946e+01, 3.80569978e+03, 2.72112570e-26
2.12155017e+01, 1.34665613e+00, 4.50136131e-02, 9.33073427e-01, 1.12023582e-02, 2.46065715e+00, 7.46608096e-01, 2.46326089e+05, 1.10880273e+04, 1.10880273e+04, 4.99112171e+02, 5.19575521e+01, 3.95953769e+03, 2.94556436e-26
2.18110892e+01, 1.35814602e+00, 4.38383275e-02, 9.33509257e-01, 1.07665277e-02, 2.47046770e+00, 7.36797547e-01, 2.53938403e+05, 1.11322348e+04, 1.11322348e+04, 4.88018557e+02, 5.20236419e+01, 4.11980026e+03, 3.18883374e-26
2.24233968e+01, 1.36964988e+00, 4.26923562e-02, 9.33928632e-01, 1.03471528e-02, 2.48016108e+00, 7.27104170e-01, 2.61777878e+05, 1.11759144e+04, 1.11759144e+04, 4.77126118e+02, 5.20896647e+01, 4.28675844e+03, 3.45253092e-26
2.30528939e+01, 1.38116734e+00, 4.15750390e-02, 9.34332141e-01, 9.94364419e-03, 2.48973822e+00, 7.17527028e-01, 2.69851105e+05, 1.12190702e+04, 1.12190702e+04, 4.66433281e+02, 5.21556210e+01, 4.46069461e+03, 3.73838940e-26
2.37000629e+01, 1.39269806e+00, 4.04857268e-02, 9.34720353e-01, 9.55543194e-03, 2.49920008e+00, 7.08065170e-01, 2.78164859e+05, 1.12617065e+04, 1.12617065e+04, 4.55938373e+02, 5.22215113e+01, 4.64190315e+03, 4.04829081e-26
2.43654001e+01, 1.40424172e+00, 3.94237819e-02, 9.35093821e-01, 9.18196449e-03, 2.50854761e+00, 6.98717636e-01, 2.86726111e+05, 1.13038277e+04, 1.13038277e+04, 4.45639636e+02, 5.22873362e+01, 4.83069086e+03, 4.38427761e-26
2.50494154e+01, 1.41579798e+00, 3.83885774e-02, 9.35453077e-01, 8.82270839e-03, 2.51778179e+00, 6.89483455e-01, 2.95542028e+05, 1.13454380e+04, 1.13454380e+04, 4.35535226e+02, 5.23530962e+01, 5.02737758e+03, 4.74856691e-26
2.57526333e+01, 1.42736654e+00, 3.73794979e-02, 9.35798637e-01, 8.47714774e-03, 2.52690360e+00, 6.80361648e-01, 3.04619983e+05, 1.13865420e+04, 1.13865420e+04, 4.25623224e+02, 5.24187919e+01, 5.23229664e+03, 5.14356545e-26
2.64755927e+01, 1.43894707e+00, 3.63959391e-02, 9.36131001e-01, 8.14478381e-03, 2.53591402e+00, 6.71351229e-01, 3.13967557e+05, 1.14271441e+04, 1.14271441e+04, 4.15901641e+02, 5.24844239e+01, 5.44579553e+03, 5.57188593e-26
2.72188479e+01, 1.45053928e+00, 3.54373078e-02, 9.36450651e-01, 7.82513447e-03, 2.54481404e+00, 6.62451205e-01, 3.23592548e+05, 1.14672487e+04, 1.14672487e+04, 4.06368422e+02, 5.25499926e+01, 5.66823643e+03, 6.03636467e-26
2.79829688e+01, 1.46214287e+00, 3.45030217e-02, 9.36758051e-01, 7.51773384e-03, 2.55360467e+00, 6.53660575e-01, 3.33502975e+05, 1.15068604e+04, 1.15068604e+04, 3.97021454e+02, 5.26154986e+01, 5.89999687e+03, 6.54008084e-26
2.87685409e+01, 1.47375755e+00, 3.35925097e-02, 9.37053653e-01, 7.22213174e-03, 2.56228691e+00, 6.44978334e-01, 3.43707086e+05, 1.15459836e+04, 1.15459836e+04, 3.87858568e+02, 5.26809424e+01, 6.14147035e+03, 7.08637732e-26
2.95761666e+01, 1.48538304e+00, 3.27052117e-02, 9.37337892e-01, 6.93789334e-03, 2.57086177e+00, 6.36403472e-01, 3.54213364e+05, 1.15846230e+04, 1.15846230e+04, 3.78877548e+02, 5.27463247e+01, 6.39306706e+03, 7.67888340e-26
3.04064649e+01, 1.49701906e+00, 3.18405781e-02, 9.37611186e-01, 6.66459862e-03, 2.57933027e+00, 6.27934976e-01, 3.65030531e+05, 1.16227831e+04, 1.16227831e+04, 3.70076134e+02, 5.28116460e+01, 6.65521453e+03, 8.32153939e-26
3.12600724e+01, 1.50866534e+00, 3.09980705e-02, 9.37873943e-01, 6.40184204e-03, 2.58769342e+00, 6.19571828e-01, 3.76167559e+05, 1.16604685e+04, 1.16604685e+04, 3.61452025e+02, 5.28769067e+01, 6.92835844e+03, 9.01862335e-26
3.21376434e+01, 1.52032162e+00, 3.01771610e-02, 9.38126553e-01, 6.14923202e-03, 2.59595224e+00, 6.11313008e-01, 3.87633675e+05, 1.16976838e+04, 1.16976838e+04, 3.53002887e+02, 5.29421075e+01, 7.21296331e+03, 9.77478018e-26
3.30398507e+01, 1.53198765e+00, 2.93773321e-02, 9.38369394e-01, 5.90639059e-03, 2.60410775e+00, 6.03157495e-01, 3.99438366e+05, 1.17344335e+04, 1.17344335e+04, 3.44726352e+02, 5.30072489e+01, 7.50951335e+03, 1.05950532e-25
3.39673858e+01, 1.54366317e+00, 2.85980772e-02, 9.38602832e-01, 5.67295297e-03, 2.61216098e+00, 5.95104265e-01, 4.11591392e+05, 1.17707224e+04, 1.17707224e+04, 3.36620028e+02, 5.30723314e+01, 7.81851327e+03, 1.14849183e-25
3.49209598e+01, 1.55534793e+00, 2.78388997e-02, 9.38827218e-01, 5.44856714e-03, 2.62011295e+00, 5.87152294e-01, 4.24102787e+05, 1.18065550e+04, 1.18065550e+04, 3.28681500e+02, 5.31373556e+01, 8.14048918e+03, 1.24503213e-25
3.59013038e+01, 1.56704171e+00, 2.70993135e-02, 9.39042892e-01, 5.23289348e-03, 2.62796469e+00, 5.79300558e-01, 4.36982873e+05, 1.18419359e+04, 1.18419359e+04, 3.20908333e+02, 5.32023221e+01, 8.47598946e+03, 1.34977186e-25
3.69091691e+01, 1.57874427e+00, 2.63788425e-02, 9.39250181e-01, 5.02560437e-03, 2.63571721e+00, 5.71548033e-01, 4.50242263e+05, 1.18768697e+04, 1.18768697e+04, 3.13298075e+02, 5.32672313e+01, 8.82558571e+03, 1.46341205e-25
3.79453285e+01, 1.59045537e+00, 2.56770206e-02, 9.39449401e-01, 4.82638380e-03, 2.64337155e+00, 5.63893694e-01, 4.63891871e+05, 1.19113611e+04, 1.19113611e+04, 3.05848264e+02, 5.33320838e+01, 9.18987377e+03, 1.58671397e-25
3.90105762e+01, 1.60217481e+00, 2.49933916e-02, 9.39640858e-01, 4.63492705e-03, 2.65092873e+00, 5.56336520e-01, 4.77942924e+05, 1.19454147e+04, 1.19454147e+04, 2.98556428e+02, 5.33968802e+01, 9.56947470e+03, 1.72050425e-25
4.01057288e+01, 1.61390235e+00, 2.43275093e-02, 9.39824845e-01, 4.45094027e-03, 2.65838976e+00, 5.48875490e-01, 4.92406965e+05, 1.19790350e+04, 1.19790350e+04, 2.91420086e+02, 5.34616209e+01, 9.96503587e+03, 1.86568056e-25
4.12316259e+01, 1.62563780e+00, 2.36789368e-02, 9.40001645e-01, 4.27414019e-03, 2.66575566e+00, 5.41509585e-01, 5.07295864e+05, 1.20122267e+04, 1.20122267e+04, 2.84436757e+02, 5.35263066e+01, 1.03772321e+04, 2.02321769e-25
4.23891306e+01, 1.63738095e+00, 2.30472468e-02, 9.40171531e-01, 4.10425372e-03, 2.67302746e+00, 5.34237788e-01, 5.22621831e+05, 1.20449943e+04, 1.20449943e+04, 2.77603957e+02, 5.35909377e+01, 1.08067668e+04, 2.19417423e-25
4.35791301e+01, 1.64913159e+00, 2.24320214e-02, 9.40334767e-01, 3.94101767e-03, 2.68020616e+00, 5.27059088e-01, 5.38397420e+05, 1.20773424e+04, 1.20773424e+04, 2.70919204e+02, 5.36555149e+01, 1.12543731e+04, 2.37969976e-25
4.48025368e+01, 1.66088953e+00, 2.18328518e-02, 9.40491607e-01, 3.78417840e-03, 2.68729277e+00, 5.19972472e-01, 5.54635542e+05, 1.21092756e+04, 1.21092756e+04, 2.64380020e+02, 5.37200385e+01, 1.17208152e+04, 2.58104272e-25
4.60602884e+01, 1.67265458e+00, 2.12493385e-02, 9.40642294e-01, 3.63349149e-03, 2.69428831e+00, 5.12976936e-01, 5.71349473e+05, 1.21407984e+04, 1.21407984e+04, 2.57983934e+02, 5.37845092e+01, 1.22068899e+04, 2.79955891e-25
4.73533492e+01, 1.68442656e+00, 2.06810907e-02, 9.40787064e-01, 3.48872145e-03, 2.70119377e+00, 5.06071475e-01, 5.88552868e+05, 1.21719152e+04, 1.21719152e+04, 2.51728483e+02, 5.38489274e+01, 1.27134275e+04, 3.03672076e-25
4.86827104e+01, 1.69620528e+00, 2.01277264e-02, 9.40926144e-01, 3.34964145e-03, 2.70801016e+00, 4.99255092e-01, 6.06259767e+05, 1.22026307e+04, 1.22026307e+04, 2.45611212e+02, 5.39132937e+01, 1.32412936e+04, 3.29412736e-25
5.00493910e+01, 1.70799057e+00, 1.95888723e-02, 9.41059752e-01, 3.21603296e-03, 2.71473846e+00, 4.92526792e-01, 6.24484610e+05, 1.22329493e+04, 1.22329493e+04, 2.39629680e+02, 5.39776087e+01, 1.37913905e+04, 3.57351544e-25
5.14544388e+01, 1.71978224e+00, 1.90641636e-02, 9.41188100e-01, 3.08768552e-03, 2.72137966e+00, 4.85885587e-01, 6.43242245e+05, 1.22628754e+04, 1.22628754e+04, 2.33781461e+02, 5.40418728e+01, 1.43646585e+04, 3.87677115e-25
5.28989308e+01, 1.73158015e+00, 1.85532437e-02, 9.41311389e-01, 2.96439646e-03, 2.72793476e+00, 4.79330491e-01, 6.62547941e+05, 1.22924134e+04, 1.22924134e+04, 2.28064143e+02, 5.41060865e+01, 1.49620781e+04, 4.20594303e-25
5.43839743e+01, 1.74338412e+00, 1.80557646e-02, 9.41429814e-01, 2.84597061e-03, 2.73440472e+00, 4.72860526e-01, 6.82417400e+05, 1.23215679e+04, 1.23215679e+04, 2.22475329e+02, 5.41702505e+01, 1.55846710e+04, 4.56325598e-25
5.59107078e+01, 1.75519399e+00, 1.75713858e-02, 9.41543565e-01, 2.73222007e-03, 2.74079053e+00, 4.66474719e-01, 7.02866769e+05, 1.23503431e+04, 1.23503431e+04, 2.17012644e+02, 5.42343651e+01, 1.62335026e+04, 4.95112649e-25
5.74803016e+01, 1.76700960e+00, 1.70997750e-02, 9.41652821e-01, 2.62296391e-03, 2.74709314e+00, 4.60172102e-01, 7.23912654e+05, 1.23787435e+04, 1.23787435e+04, 2.11673729e+02, 5.42984308e+01, 1.69096830e+04, 5.37217913e-25
5.90939590e+01, 1.77883082e+00, 1.66406078e-02, 9.41757757e-01, 2.51802801e-03, 2.75331353e+00, 4.53951714e-01, 7.45572129e+05, 1.24067734e+04, 1.24067734e+04, 2.06456249e+02, 5.43624483e+01, 1.76143696e+04, 5.82926455e-25
6.07529169e+01, 1.79065748e+00, 1.61935670e-02, 9.41858540e-01, 2.41724472e-03, 2.75945265e+00, 4.47812598e-01, 7.67862753e+05, 1.24344370e+04, 1.24344370e+04, 2.01357889e+02, 5.44264180e+01, 1.83487689e+04, 6.32547898e-25
6.24584471e+01, 1.80248944e+00, 1.57583434e-02, 9.41955332e-01, 2.32045273e-03, 2.76551144e+00, 4.41753806e-01, 7.90802583e+05, 1.24617387e+04, 1.24617387e+04, 1.96376357e+02, 5.44903404e+01, 1.91141384e+04, 6.86418542e-25
6.42118571e+01, 1.81432657e+00, 1.53346346e-02, 9.42048288e-01, 2.22749676e-03, 2.77149085e+00, 4.35774395e-01, 8.14410186e+05, 1.24886826e+04, 1.24886826e+04, 1.91509385e+02, 5.45542160e+01, 1.99117888e+04, 7.44903663e-25
6.60144909e+01, 1.82616872e+00, 1.49221457e-02, 9.42137558e-01, 2.13822740e-03, 2.77739182e+00, 4.29873429e-01, 8.38704656e+05, 1.25152731e+04, 1.25152731e+04, 1.86754729e+02, 5.46180453e+01, 2.07430866e+04, 8.08400021e-25
6.78677305e+01, 1.83801577e+00, 1.45205889e-02, 9.42223284e-01, 2.05250091e-03, 2.78321527e+00, 4.24049979e-01, 8.63705627e+05, 1.25415143e+04, 1.25415143e+04, 1.82110173e+02, 5.46818287e+01, 2.16094561e+04, 8.77338573e-25
6.97729965e+01, 1.84986758e+00, 1.41296829e-02, 9.42305606e-01, 1.97017896e-03, 2.78896213e+00, 4.18303122e-01, 8.89433289e+05, 1.25674104e+04, 1.25674104e+04, 1.77573523e+02, 5.47455669e+01, 2.25123817e+04, 9.52187426e-25
7.17317494e+01, 1.86172403e+00, 1.37491537e-02, 9.42384657e-01, 1.89112848e-03, 2.79463330e+00, 4.12631943e-01, 9.15908404e+05, 1.25929654e+04, 1.25929654e+04, 1.73142616e+02, 5.48092602e+01, 2.34534112e+04, 1.03345505e-24
7.37454909e+01, 1.87358500e+00, 1.33787335e-02, 9.42460564e-01, 1.81522147e-03, 2.80022971e+00, 4.07035534e-01, 9.43152320e+05, 1.26181835e+04, 1.26181835e+04, 1.68815314e+02, 5.48729092e+01, 2.44341577e+04, 1.12169375e-24
7.58157646e+01, 1.88545036e+00, 1.30181611e-02, 9.42533450e-01, 1.74233479e-03, 2.80575225e+00, 4.01512995e-01, 9.71186993e+05, 1.26430688e+04, 1.26430688e+04, 1.64589506e+02, 5.49365143e+01, 2.54563026e+04, 1.21750346e-24
7.79441575e+01, 1.89731999e+00, 1.26671819e-02, 9.42603435e-01, 1.67235002e-03, 2.81120182e+00, 3.96063432e-01, 1.00003500e+06, 1.26676252e+04, 1.26676252e+04, 1.60463112e+02, 5.50000760e+01, 2.65215988e+04, 1.32153587e-24
8.01323013e+01, 1.90919379e+00, 1.23255471e-02, 9.42670632e-01, 1.60515325e-03, 2.81657929e+00, 3.90685959e-01, 1.02971954e+06, 1.26918567e+04, 1.26918567e+04, 1.56434078e+02, 5.50635948e+01, 2.76318733e+04, 1.43449887e-24
8.23818733e+01, 1.92107165e+00, 1.19930143e-02, 9.42735150e-01, 1.54063495e-03, 2.82188555e+00, 3.85379698e-01, 1.06026451e+06, 1.27157674e+04, 1.27157674e+04, 1.52500380e+02, 5.51270711e+01, 2.87890306e+04, 1.55716143e-24
8.46945981e+01, 1.93295345e+00, 1.16693470e-02, 9.42797095e-01, 1.47868977e-03, 2.82712147e+00, 3.80143779e-01, 1.09169443e+06, 1.27393611e+04, 1.27393611e+04, 1.48660025e+02, 5.51905055e+01, 2.99950560e+04, 1.69035884e-24
8.70722485e+01, 1.94483908e+00, 1.13543144e-02, 9.42856569e-01, 1.41921643e-03, 2.83228791e+00, 3.74977338e-01, 1.12403455e+06, 1.27626417e+04, 1.27626417e+04, 1.44911047e+02, 5.52538983e+01, 3.12520188e+04, 1.83499848e-24
8.95166472e+01, 1.95672846e+00, 1.10476916e-02, 9.42913668e-01, 1.36211754e-03, 2.83738573e+00, 3.69879520e-01, 1.15731083e+06, 1.27856131e+04, 1.27856131e+04, 1.41251510e+02, 5.53172501e+01, 3.25620761e+04, 1.99206602e-24
9.20296681e+01, 1.96862147e+00, 1.07492590e-02, 9.42968486e-01, 1.30729947e-03, 2.84241577e+00, 3.64849478e-01, 1.19154996e+06, 1.28082791e+04, 1.28082791e+04, 1.37679510e+02, 5.53805613e+01, 3.39274764e+04, 2.16263222e-24
9.46132376e+01, 1.98051802e+00, 1.04588028e-02, 9.43021113e-01, 1.25467218e-03, 2.84737888e+00, 3.59886372e-01, 1.22677936e+06, 1.28306435e+04, 1.28306435e+04, 1.34193171e+02, 5.54438323e+01, 3.53505635e+04, 2.34786022e-24
9.72693362e+01, 1.99241802e+00, 1.01761143e-02, 9.43071636e-01, 1.20414916e-03, 2.85227588e+00, 3.54989371e-01, 1.26302728e+06, 1.28527100e+04, 1.28527100e+04, 1.30790646e+02, 5.55070637e+01, 3.68337807e+04, 2.54901358e-24
1.00000000e+02, 2.00432137e+00, 9.90099010e-03, 9.43120138e-01, 1.15564720e-03, 2.85710760e+00, 3.50157651e-01, 1.30032271e+06, 1.28744823e+04, 1.28744823e+04, 1.27470122e+02, 5.55702557e+01, 3.83796745e+04, 2.76746494e-24
