 --- Cosmological Parameters --- 
	 H0: 2.2047e-18 (1/s) = 68.0300 (km/s/Mpc) 
	 OmegaM: 3.0850e-01 
	 OmegaR: 0.0000e+00 
	 OmegaL: 6.9150e-01 
	 OmegaK: 0.0000e+00 
		 w0: -1.0000e+00 
		 wa: 0.0000e+00 
	 rho_crit: 8.6952e-30 (g/cm^3) 
z, log10(1+z), a, H0*t_look, H0*t_age, H0*t_conf, H0*t_conf_age, d_L, d_LOS, d_trans, d_ang, d_mod, H(z), rho_c(z) 
1.00000000e-04, 4.34272769e-05, 9.99900010e-01, 9.99926867e-05, 9.56480028e-01, 9.99976862e-05, 3.26767161e+00, 4.40710716e-01, 4.40666649e-01, 4.40666649e-01, 4.40622587e-01, 2.32207681e+01, 6.80331483e+01, 8.69602324e-30
1.02807322e-04, 4.46463579e-05, 9.99897203e-01, 1.02799593e-04, 9.56477221e-01, 1.02804877e-04, 3.26766881e+00, 4.53083864e-01, 4.53037288e-01, 4.53037288e-01, 4.52990718e-01, 2.32808930e+01, 6.80332367e+01, 8.69604584e-30
1.05693455e-04, 4.58996588e-05, 9.99894318e-01, 1.05685286e-04, 9.56474335e-01, 1.05690871e-04, 3.26766592e+00, 4.65804422e-01, 4.65755194e-01, 4.65755194e-01, 4.65705972e-01, 2.33410180e+01, 6.80333276e+01, 8.69606907e-30
1.08660611e-04, 4.71881402e-05, 9.99891351e-01, 1.08651977e-04, 9.56471369e-01, 1.08657879e-04, 3.26766295e+00, 4.78882146e-01, 4.78830116e-01, 4.78830116e-01, 4.78778091e-01, 2.34011432e+01, 6.80334210e+01, 8.69609295e-30
1.11711065e-04, 4.85127895e-05, 9.99888301e-01, 1.11701939e-04, 9.56468319e-01, 1.11708178e-04, 3.26765990e+00, 4.92327065e-01, 4.92272073e-01, 4.92272073e-01, 4.92217087e-01, 2.34612686e+01, 6.80335171e+01, 8.69611751e-30
1.14847155e-04, 4.98746217e-05, 9.99885166e-01, 1.14837509e-04, 9.56465183e-01, 1.14844103e-04, 3.26765677e+00, 5.06149493e-01, 5.06091370e-01, 5.06091370e-01, 5.06033253e-01, 2.35213940e+01, 6.80336158e+01, 8.69614275e-30
1.18071285e-04, 5.12746804e-05, 9.99881943e-01, 1.18061089e-04, 9.56461959e-01, 1.18068059e-04, 3.26765354e+00, 5.20360030e-01, 5.20298598e-01, 5.20298598e-01, 5.20237173e-01, 2.35815197e+01, 6.80337173e+01, 8.69616870e-30
1.21385926e-04, 5.27140387e-05, 9.99878629e-01, 1.21375151e-04, 9.56458645e-01, 1.21382517e-04, 3.26765023e+00, 5.34969577e-01, 5.34904647e-01, 5.34904647e-01, 5.34839725e-01, 2.36416454e+01, 6.80338217e+01, 8.69619538e-30
1.24793621e-04, 5.41937993e-05, 9.99875222e-01, 1.24782231e-04, 9.56455238e-01, 1.24790017e-04, 3.26764682e+00, 5.49989338e-01, 5.49920711e-01, 5.49920711e-01, 5.49852093e-01, 2.37017714e+01, 6.80339290e+01, 8.69622281e-30
1.28296980e-04, 5.57150964e-05, 9.99871719e-01, 1.28284942e-04, 9.56451736e-01, 1.28293171e-04, 3.26764332e+00, 5.65430834e-01, 5.65358300e-01, 5.65358300e-01, 5.65285776e-01, 2.37618974e+01, 6.80340393e+01, 8.69625101e-30
1.31898690e-04, 5.72790956e-05, 9.99868119e-01, 1.31885967e-04, 9.56448135e-01, 1.31894664e-04, 3.26763972e+00, 5.81305909e-01, 5.81229246e-01, 5.81229246e-01, 5.81152592e-01, 2.38220237e+01, 6.80341527e+01, 8.69628000e-30
1.35601511e-04, 5.88869955e-05, 9.99864417e-01, 1.35588064e-04, 9.56444432e-01, 1.35597256e-04, 3.26763601e+00, 5.97626741e-01, 5.97545712e-01, 5.97545712e-01, 5.97464695e-01, 2.38821501e+01, 6.80342693e+01, 8.69630981e-30
1.39408283e-04, 6.05400281e-05, 9.99860611e-01, 1.39394070e-04, 9.56440626e-01, 1.39403786e-04, 3.26763221e+00, 6.14405847e-01, 6.14320206e-01, 6.14320206e-01, 6.14234576e-01, 2.39422767e+01, 6.80343892e+01, 8.69634045e-30
1.43321923e-04, 6.22394601e-05, 9.99856699e-01, 1.43306901e-04, 9.56436714e-01, 1.43317170e-04, 3.26762829e+00, 6.31656100e-01, 6.31565582e-01, 6.31565582e-01, 6.31475078e-01, 2.40024035e+01, 6.80345124e+01, 8.69637196e-30
1.47345431e-04, 6.39865937e-05, 9.99852676e-01, 1.47329554e-04, 9.56432691e-01, 1.47340408e-04, 3.26762427e+00, 6.49390731e-01, 6.49295060e-01, 6.49295060e-01, 6.49199403e-01, 2.40625304e+01, 6.80346391e+01, 8.69640435e-30
1.51481892e-04, 6.57827676e-05, 9.99848541e-01, 1.51465111e-04, 9.56428555e-01, 1.51476583e-04, 3.26762013e+00, 6.67623344e-01, 6.67522227e-01, 6.67522227e-01, 6.67421124e-01, 2.41226576e+01, 6.80347693e+01, 8.69643764e-30
1.55734477e-04, 6.76293582e-05, 9.99844290e-01, 1.55716741e-04, 9.56424304e-01, 1.55728866e-04, 3.26761588e+00, 6.86367927e-01, 6.86261052e-01, 6.86261052e-01, 6.86154194e-01, 2.41827849e+01, 6.80349032e+01, 8.69647188e-30
1.60106446e-04, 6.95277803e-05, 9.99839919e-01, 1.60087700e-04, 9.56419933e-01, 1.60100515e-04, 3.26761151e+00, 7.05638858e-01, 7.05525899e-01, 7.05525899e-01, 7.05412957e-01, 2.42429124e+01, 6.80350409e+01, 8.69650707e-30
1.64601150e-04, 7.14794886e-05, 9.99835426e-01, 1.64581337e-04, 9.56415439e-01, 1.64594881e-04, 3.26760702e+00, 7.25450921e-01, 7.25331531e-01, 7.25331531e-01, 7.25212160e-01, 2.43030402e+01, 6.80351824e+01, 8.69654325e-30
1.69222035e-04, 7.34859785e-05, 9.99830807e-01, 1.69201094e-04, 9.56410819e-01, 1.69215409e-04, 3.26760239e+00, 7.45819315e-01, 7.45693128e-01, 7.45693128e-01, 7.45566961e-01, 2.43631681e+01, 6.80353280e+01, 8.69658045e-30
1.73972643e-04, 7.55487874e-05, 9.99826058e-01, 1.73950509e-04, 9.56406070e-01, 1.73965640e-04, 3.26759764e+00, 7.66759667e-01, 7.66626295e-01, 7.66626295e-01, 7.66492946e-01, 2.44232963e+01, 6.80354775e+01, 8.69661870e-30
1.78856616e-04, 7.76694958e-05, 9.99821175e-01, 1.78833222e-04, 9.56401187e-01, 1.78849214e-04, 3.26759276e+00, 7.88288041e-01, 7.88147076e-01, 7.88147076e-01, 7.88006136e-01, 2.44834247e+01, 6.80356313e+01, 8.69665801e-30
1.83877698e-04, 7.98497285e-05, 9.99816156e-01, 1.83852972e-04, 9.56396168e-01, 1.83869875e-04, 3.26758774e+00, 8.10420955e-01, 8.10271964e-01, 8.10271964e-01, 8.10123000e-01, 2.45435533e+01, 6.80357895e+01, 8.69669843e-30
1.89039738e-04, 8.20911560e-05, 9.99810996e-01, 1.89013604e-04, 9.56391007e-01, 1.89031469e-04, 3.26758258e+00, 8.33175388e-01, 8.33017915e-01, 8.33017915e-01, 8.32860471e-01, 2.46036822e+01, 6.80359520e+01, 8.69673999e-30
1.94346693e-04, 8.43954955e-05, 9.99805691e-01, 1.94319071e-04, 9.56385701e-01, 1.94337953e-04, 3.26757727e+00, 8.56568800e-01, 8.56402361e-01, 8.56402361e-01, 8.56235955e-01, 2.46638113e+01, 6.80361191e+01, 8.69678271e-30
1.99802631e-04, 8.67645125e-05, 9.99800237e-01, 1.99773437e-04, 9.56380247e-01, 1.99793394e-04, 3.26757182e+00, 8.80619140e-01, 8.80443225e-01, 8.80443225e-01, 8.80267345e-01, 2.47239406e+01, 6.80362909e+01, 8.69682664e-30
2.05411735e-04, 8.92000219e-05, 9.99794630e-01, 2.05380879e-04, 9.56374640e-01, 2.05401972e-04, 3.26756621e+00, 9.05344860e-01, 9.05158930e-01, 9.05158930e-01, 9.04973038e-01, 2.47840702e+01, 6.80364676e+01, 8.69687179e-30
2.11178304e-04, 9.17038897e-05, 9.99788866e-01, 2.11145692e-04, 9.56368875e-01, 2.11167986e-04, 3.26756044e+00, 9.30764933e-01, 9.30568417e-01, 9.30568417e-01, 9.30371943e-01, 2.48442001e+01, 6.80366492e+01, 8.69691822e-30
2.17106760e-04, 9.42780341e-05, 9.99782940e-01, 2.17072291e-04, 9.56362948e-01, 2.17095854e-04, 3.26755451e+00, 9.56898865e-01, 9.56691160e-01, 9.56691160e-01, 9.56483501e-01, 2.49043302e+01, 6.80368359e+01, 8.69696595e-30
2.23201647e-04, 9.69244272e-05, 9.99776848e-01, 2.23165215e-04, 9.56356855e-01, 2.23190120e-04, 3.26754842e+00, 9.83766708e-01, 9.83547178e-01, 9.83547178e-01, 9.83327698e-01, 2.49644606e+01, 6.80370278e+01, 8.69701502e-30
2.29467637e-04, 9.96450962e-05, 9.99770585e-01, 2.29429131e-04, 9.56350591e-01, 2.29455453e-04, 3.26754215e+00, 1.01138908e+00, 1.01115705e+00, 1.01115705e+00, 1.01092508e+00, 2.50245913e+01, 6.80372251e+01, 8.69706547e-30
2.35909533e-04, 1.02442125e-04, 9.99764146e-01, 2.35868835e-04, 9.56344152e-01, 2.35896656e-04, 3.26753571e+00, 1.03978718e+00, 1.03954194e+00, 1.03954194e+00, 1.03929676e+00, 2.50847223e+01, 6.80374280e+01, 8.69711733e-30
2.42532274e-04, 1.05317657e-04, 9.99757527e-01, 2.42489260e-04, 9.56337531e-01, 2.42518664e-04, 3.26752909e+00, 1.06898280e+00, 1.06872360e+00, 1.06872360e+00, 1.06846446e+00, 2.51448536e+01, 6.80376366e+01, 8.69717065e-30
2.49340937e-04, 1.08273895e-04, 9.99750721e-01, 2.49295474e-04, 9.56330725e-01, 2.49326551e-04, 3.26752228e+00, 1.09899834e+00, 1.09872438e+00, 1.09872438e+00, 1.09845049e+00, 2.52049852e+01, 6.80378510e+01, 8.69722547e-30
2.56340741e-04, 1.11313103e-04, 9.99743725e-01, 2.56292689e-04, 9.56323728e-01, 2.56325536e-04, 3.26751528e+00, 1.12985684e+00, 1.12956729e+00, 1.12956729e+00, 1.12927781e+00, 2.52651171e+01, 6.80380714e+01, 8.69728183e-30
2.63537052e-04, 1.14437609e-04, 9.99736532e-01, 2.63486265e-04, 9.56316534e-01, 2.63520982e-04, 3.26750809e+00, 1.16158199e+00, 1.16127595e+00, 1.16127595e+00, 1.16096999e+00, 2.53252493e+01, 6.80382981e+01, 8.69733977e-30
2.70935387e-04, 1.17649806e-04, 9.99729138e-01, 2.70881708e-04, 9.56309139e-01, 2.70918401e-04, 3.26750069e+00, 1.19419813e+00, 1.19387466e+00, 1.19387466e+00, 1.19355129e+00, 2.53853819e+01, 6.80385311e+01, 8.69739934e-30
2.78541416e-04, 1.20952156e-04, 9.99721536e-01, 2.78484682e-04, 9.56301536e-01, 2.78523464e-04, 3.26749309e+00, 1.22773029e+00, 1.22738842e+00, 1.22738842e+00, 1.22704663e+00, 2.54455149e+01, 6.80387706e+01, 8.69746059e-30
2.86360972e-04, 1.24347187e-04, 9.99713721e-01, 2.86301008e-04, 9.56293719e-01, 2.86341997e-04, 3.26748527e+00, 1.26220422e+00, 1.26184288e+00, 1.26184288e+00, 1.26148164e+00, 2.55056481e+01, 6.80390169e+01, 8.69752355e-30
2.94400048e-04, 1.27837499e-04, 9.99705687e-01, 2.94336669e-04, 9.56285684e-01, 2.94379993e-04, 3.26747723e+00, 1.29764638e+00, 1.29726447e+00, 1.29726447e+00, 1.29688266e+00, 2.55657818e+01, 6.80392701e+01, 8.69758828e-30
3.02664806e-04, 1.31425767e-04, 9.99697427e-01, 3.02597820e-04, 9.56277423e-01, 3.02643609e-04, 3.26746897e+00, 1.33408397e+00, 1.33368031e+00, 1.33368031e+00, 1.33327677e+00, 2.56259158e+01, 6.80395304e+01, 8.69765483e-30
3.11161583e-04, 1.35114738e-04, 9.99688935e-01, 3.11090783e-04, 9.56268930e-01, 3.11139179e-04, 3.26746047e+00, 1.37154496e+00, 1.37111832e+00, 1.37111832e+00, 1.37069181e+00, 2.56860502e+01, 6.80397980e+01, 8.69772325e-30
3.19896892e-04, 1.38907238e-04, 9.99680205e-01, 3.19822061e-04, 9.56260198e-01, 3.19873212e-04, 3.26745174e+00, 1.41005811e+00, 1.40960718e+00, 1.40960718e+00, 1.40915640e+00, 2.57461851e+01, 6.80400731e+01, 8.69779359e-30
3.28877429e-04, 1.42806171e-04, 9.99671231e-01, 3.28798338e-04, 9.56251222e-01, 3.28852401e-04, 3.26744276e+00, 1.44965299e+00, 1.44917639e+00, 1.44917639e+00, 1.44869994e+00, 2.58063203e+01, 6.80403560e+01, 8.69786591e-30
3.38110078e-04, 1.46814523e-04, 9.99662004e-01, 3.38026486e-04, 9.56241994e-01, 3.38083626e-04, 3.26743353e+00, 1.49035999e+00, 1.48985626e+00, 1.48985626e+00, 1.48935269e+00, 2.58664559e+01, 6.80406468e+01, 8.69794026e-30
3.47601918e-04, 1.50935364e-04, 9.99652519e-01, 3.47513567e-04, 9.56232507e-01, 3.47573960e-04, 3.26742404e+00, 1.53221038e+00, 1.53167796e+00, 1.53167796e+00, 1.53114573e+00, 2.59265920e+01, 6.80409457e+01, 8.69801669e-30
3.57360225e-04, 1.55171849e-04, 9.99642767e-01, 3.57266843e-04, 9.56222754e-01, 3.57330674e-04, 3.26741428e+00, 1.57523627e+00, 1.57467354e+00, 1.57467354e+00, 1.57411102e+00, 2.59867285e+01, 6.80412531e+01, 8.69809528e-30
3.67392478e-04, 1.59527223e-04, 9.99632742e-01, 3.67293781e-04, 9.56212727e-01, 3.67361245e-04, 3.26740425e+00, 1.61947071e+00, 1.61887595e+00, 1.61887595e+00, 1.61828140e+00, 2.60468655e+01, 6.80415691e+01, 8.69817607e-30
3.77706369e-04, 1.64004821e-04, 9.99622436e-01, 3.77602054e-04, 9.56202418e-01, 3.77673358e-04, 3.26739394e+00, 1.66494767e+00, 1.66431904e+00, 1.66431904e+00, 1.66369066e+00, 2.61070029e+01, 6.80418940e+01, 8.69825913e-30
3.88309805e-04, 1.68608072e-04, 9.99611841e-01, 3.88199551e-04, 9.56191821e-01, 3.88274914e-04, 3.26738334e+00, 1.71170206e+00, 1.71103764e+00, 1.71103764e+00, 1.71037349e+00, 2.61671409e+01, 6.80422280e+01, 8.69834453e-30
3.99210913e-04, 1.73340499e-04, 9.99600948e-01, 3.99094382e-04, 9.56180926e-01, 3.99174036e-04, 3.26737244e+00, 1.75976979e+00, 1.75906755e+00, 1.75906755e+00, 1.75836559e+00, 2.62272793e+01, 6.80425714e+01, 8.69843232e-30
4.10418050e-04, 1.78205728e-04, 9.99589750e-01, 4.10294886e-04, 9.56169726e-01, 4.10379074e-04, 3.26736123e+00, 1.80918777e+00, 1.80844556e+00, 1.80844556e+00, 1.80770364e+00, 2.62874182e+01, 6.80429244e+01, 8.69852258e-30
4.21939808e-04, 1.83207482e-04, 9.99578238e-01, 4.21809632e-04, 9.56158211e-01, 4.21898612e-04, 3.26734971e+00, 1.85999397e+00, 1.85920950e+00, 1.85920950e+00, 1.85842535e+00, 2.63475577e+01, 6.80432873e+01, 8.69861538e-30
4.33785019e-04, 1.88349591e-04, 9.99566403e-01, 4.33647432e-04, 9.56146373e-01, 4.33741477e-04, 3.26733787e+00, 1.91222740e+00, 1.91139826e+00, 1.91139826e+00, 1.91056948e+00, 2.64076977e+01, 6.80436605e+01, 8.69871079e-30
4.45962763e-04, 1.93635993e-04, 9.99554236e-01, 4.45817344e-04, 9.56134203e-01, 4.45916742e-04, 3.26732569e+00, 1.96592817e+00, 1.96505183e+00, 1.96505183e+00, 1.96417588e+00, 2.64678382e+01, 6.80440441e+01, 8.69880887e-30
4.58482375e-04, 1.99070734e-04, 9.99541728e-01, 4.58328678e-04, 9.56121692e-01, 4.58433734e-04, 3.26731318e+00, 2.02113755e+00, 2.02021132e+00, 2.02021132e+00, 2.01928551e+00, 2.65279794e+01, 6.80444385e+01, 8.69890971e-30
4.71353453e-04, 2.04657975e-04, 9.99528869e-01, 4.71191007e-04, 9.56108829e-01, 4.71302043e-04, 3.26730031e+00, 2.07789794e+00, 2.07691898e+00, 2.07691898e+00, 2.07594047e+00, 2.65881211e+01, 6.80448440e+01, 8.69901339e-30
4.84585864e-04, 2.10401992e-04, 9.99515649e-01, 4.84414171e-04, 9.56095606e-01, 4.84531527e-04, 3.26728708e+00, 2.13625294e+00, 2.13521825e+00, 2.13521825e+00, 2.13418405e+00, 2.66482634e+01, 6.80452609e+01, 8.69911998e-30
4.98189752e-04, 2.16307184e-04, 9.99502058e-01, 4.98008284e-04, 9.56082012e-01, 4.98132320e-04, 3.26727348e+00, 2.19624740e+00, 2.19515380e+00, 2.19515380e+00, 2.19406074e+00, 2.67084063e+01, 6.80456895e+01, 8.69922956e-30
5.12175544e-04, 2.22378069e-04, 9.99488087e-01, 5.11983746e-04, 9.56068037e-01, 5.12114843e-04, 3.26725950e+00, 2.25792740e+00, 2.25677153e+00, 2.25677153e+00, 2.25561626e+00, 2.67685499e+01, 6.80461301e+01, 8.69934223e-30
5.26553963e-04, 2.28619296e-04, 9.99473723e-01, 5.26351247e-04, 9.56053669e-01, 5.26489805e-04, 3.26724512e+00, 2.32134033e+00, 2.32011867e+00, 2.32011867e+00, 2.31889764e+00, 2.68286941e+01, 6.80465831e+01, 8.69945805e-30
5.41336030e-04, 2.35035640e-04, 9.99458957e-01, 5.41121775e-04, 9.56038899e-01, 5.41268220e-04, 3.26723034e+00, 2.38653493e+00, 2.38524372e+00, 2.38524372e+00, 2.38395320e+00, 2.68888390e+01, 6.80470488e+01, 8.69957714e-30
5.56533078e-04, 2.41632013e-04, 9.99443776e-01, 5.56306626e-04, 9.56023714e-01, 5.56461406e-04, 3.26721515e+00, 2.45356130e+00, 2.45219657e+00, 2.45219657e+00, 2.45083260e+00, 2.69489846e+01, 6.80475276e+01, 8.69969957e-30
5.72156756e-04, 2.48413463e-04, 9.99428170e-01, 5.71917413e-04, 9.56008103e-01, 5.72081003e-04, 3.26719953e+00, 2.52247094e+00, 2.52102852e+00, 2.52102852e+00, 2.51958692e+00, 2.70091309e+01, 6.80480199e+01, 8.69982544e-30
5.88219040e-04, 2.55385179e-04, 9.99412127e-01, 5.87966073e-04, 9.55992054e-01, 5.88138974e-04, 3.26718347e+00, 2.59331682e+00, 2.59179228e+00, 2.59179228e+00, 2.59026863e+00, 2.70692779e+01, 6.80485260e+01, 8.69995485e-30
6.04732245e-04, 2.62552498e-04, 9.99395633e-01, 6.04464878e-04, 9.55975556e-01, 6.04647620e-04, 3.26716696e+00, 2.66615339e+00, 2.66454206e+00, 2.66454206e+00, 2.66293170e+00, 2.71294257e+01, 6.80490464e+01, 8.70008790e-30
6.21709029e-04, 2.69920903e-04, 9.99378677e-01, 6.21426442e-04, 9.55958594e-01, 6.21619586e-04, 3.26714999e+00, 2.74103665e+00, 2.73933358e+00, 2.73933358e+00, 2.73763157e+00, 2.71895742e+01, 6.80495813e+01, 8.70022469e-30
6.39162405e-04, 2.77496033e-04, 9.99361246e-01, 6.38863733e-04, 9.55941157e-01, 6.39067870e-04, 3.26713254e+00, 2.81802415e+00, 2.81622413e+00, 2.81622413e+00, 2.81442525e+00, 2.72497236e+01, 6.80501313e+01, 8.70036532e-30
6.57105755e-04, 2.85283683e-04, 9.99343326e-01, 6.56790081e-04, 9.55923230e-01, 6.57005836e-04, 3.26711460e+00, 2.89717509e+00, 2.89527259e+00, 2.89527259e+00, 2.89337134e+00, 2.73098737e+01, 6.80506967e+01, 8.70050990e-30
6.75552832e-04, 2.93289812e-04, 9.99324903e-01, 6.75219188e-04, 9.55904801e-01, 6.75447224e-04, 3.26709616e+00, 2.97855033e+00, 2.97653952e+00, 2.97653952e+00, 2.97453007e+00, 2.73700247e+01, 6.80512780e+01, 8.70065855e-30
6.94517777e-04, 3.01520545e-04, 9.99305964e-01, 6.94165143e-04, 9.55885855e-01, 6.94406157e-04, 3.26707720e+00, 3.06221243e+00, 3.06008715e+00, 3.06008715e+00, 3.05796334e+00, 2.74301766e+01, 6.80518757e+01, 8.70081138e-30
7.14015130e-04, 3.09982178e-04, 9.99286494e-01, 7.13642423e-04, 9.55866378e-01, 7.13897154e-04, 3.26705771e+00, 3.14822574e+00, 3.14597946e+00, 3.14597946e+00, 3.14373479e+00, 2.74903293e+01, 6.80524902e+01, 8.70096851e-30
7.34059837e-04, 3.18681185e-04, 9.99266479e-01, 7.33665914e-04, 9.55846355e-01, 7.33935143e-04, 3.26703768e+00, 3.23665639e+00, 3.23428224e+00, 3.23428224e+00, 3.23190982e+00, 2.75504830e+01, 6.80531219e+01, 8.70113005e-30
7.54667263e-04, 3.27624220e-04, 9.99245902e-01, 7.54250918e-04, 9.55825770e-01, 7.54535470e-04, 3.26701707e+00, 3.32757242e+00, 3.32506311e+00, 3.32506311e+00, 3.32255568e+00, 2.76106376e+01, 6.80537714e+01, 8.70129613e-30
7.75853206e-04, 3.36818122e-04, 9.99224748e-01, 7.75413162e-04, 9.55804607e-01, 7.75713908e-04, 3.26699590e+00, 3.42104375e+00, 3.41839158e+00, 3.41839158e+00, 3.41574147e+00, 2.76707931e+01, 6.80544391e+01, 8.70146689e-30
7.97633907e-04, 3.46269924e-04, 9.99203002e-01, 7.97168815e-04, 9.55782852e-01, 7.97486678e-04, 3.26697412e+00, 3.51714229e+00, 3.51433913e+00, 3.51433913e+00, 3.51153821e+00, 2.77309497e+01, 6.80551256e+01, 8.70164244e-30
8.20026062e-04, 3.55986854e-04, 9.99180646e-01, 8.19534497e-04, 9.55760486e-01, 8.19870450e-04, 3.26695174e+00, 3.61594197e+00, 3.61297923e+00, 3.61297923e+00, 3.61001892e+00, 2.77911073e+01, 6.80558314e+01, 8.70182293e-30
8.43046837e-04, 3.65976343e-04, 9.99157663e-01, 8.42527292e-04, 9.55737493e-01, 8.42882364e-04, 3.26692873e+00, 3.71751882e+00, 3.71438741e+00, 3.71438741e+00, 3.71125865e+00, 2.78512659e+01, 6.80565571e+01, 8.70200850e-30
8.66713880e-04, 3.76246030e-04, 9.99134037e-01, 8.66164763e-04, 9.55713856e-01, 8.66540042e-04, 3.26690507e+00, 3.82195099e+00, 3.81864132e+00, 3.81864132e+00, 3.81533452e+00, 2.79114256e+01, 6.80573031e+01, 8.70219928e-30
8.91045332e-04, 3.86803767e-04, 9.99109748e-01, 8.90464960e-04, 9.55689556e-01, 8.90861596e-04, 3.26688075e+00, 3.92931886e+00, 3.92582078e+00, 3.92582078e+00, 3.92232581e+00, 2.79715864e+01, 6.80580701e+01, 8.70239543e-30
9.16059848e-04, 3.97657626e-04, 9.99084779e-01, 9.15446441e-04, 9.55664574e-01, 9.15865649e-04, 3.26685574e+00, 4.03970508e+00, 4.03600785e+00, 4.03600785e+00, 4.03231401e+00, 2.80317483e+01, 6.80588587e+01, 8.70259710e-30
9.41776601e-04, 4.08815904e-04, 9.99059110e-01, 9.41128280e-04, 9.55638892e-01, 9.41571345e-04, 3.26683004e+00, 4.15319460e+00, 4.14928690e+00, 4.14928690e+00, 4.14538288e+00, 2.80919114e+01, 6.80596694e+01, 8.70280444e-30
9.68215306e-04, 4.20287133e-04, 9.99032721e-01, 9.67530085e-04, 9.55612490e-01, 9.67998363e-04, 3.26680361e+00, 4.26987481e+00, 4.26574465e+00, 4.26574465e+00, 4.26161849e+00, 2.81520757e+01, 6.80605030e+01, 8.70301761e-30
9.95396231e-04, 4.32080081e-04, 9.99005594e-01, 9.94672009e-04, 9.55585348e-01, 9.95166935e-04, 3.26677644e+00, 4.38983554e+00, 4.38547026e+00, 4.38547026e+00, 4.38110932e+00, 2.82122412e+01, 6.80613599e+01, 8.70323677e-30
1.02334021e-03, 4.44203760e-04, 9.98977706e-01, 1.02257477e-03, 9.55557446e-01, 1.02309786e-03, 3.26674851e+00, 4.51316916e+00, 4.50855538e+00, 4.50855538e+00, 4.50394631e+00, 2.82724081e+01, 6.80622410e+01, 8.70346210e-30
1.05206867e-03, 4.56667438e-04, 9.98949037e-01, 1.05125966e-03, 9.55528761e-01, 1.05181252e-03, 3.26671980e+00, 4.63997067e+00, 4.63509423e+00, 4.63509423e+00, 4.63022292e+00, 2.83325762e+01, 6.80631468e+01, 8.70369377e-30
1.08160363e-03, 4.69480638e-04, 9.98919565e-01, 1.08074858e-03, 9.55499272e-01, 1.08133289e-03, 3.26669028e+00, 4.77033772e+00, 4.76518368e+00, 4.76518368e+00, 4.76003521e+00, 2.83927456e+01, 6.80640781e+01, 8.70393196e-30
1.11196773e-03, 4.82653152e-04, 9.98889267e-01, 1.11106401e-03, 9.55468956e-01, 1.11168158e-03, 3.26665993e+00, 4.90437075e+00, 4.89892331e+00, 4.89892331e+00, 4.89348191e+00, 2.84529165e+01, 6.80650356e+01, 8.70417685e-30
1.14318425e-03, 4.96195044e-04, 9.98858121e-01, 1.14222910e-03, 9.55437791e-01, 1.14288180e-03, 3.26662873e+00, 5.04217303e+00, 5.03641548e+00, 5.03641548e+00, 5.03066450e+00, 2.85130887e+01, 6.80660201e+01, 8.70442863e-30
1.17527712e-03, 5.10116661e-04, 9.98826103e-01, 1.17426760e-03, 9.55405753e-01, 1.17495745e-03, 3.26659665e+00, 5.18385073e+00, 5.17776542e+00, 5.17776542e+00, 5.17168725e+00, 2.85732624e+01, 6.80670322e+01, 8.70468749e-30
1.20827094e-03, 5.24428638e-04, 9.98793187e-01, 1.20720396e-03, 9.55372817e-01, 1.20793306e-03, 3.26656368e+00, 5.32951304e+00, 5.32308132e+00, 5.32308132e+00, 5.31665736e+00, 2.86334376e+01, 6.80680728e+01, 8.70495364e-30
1.24219100e-03, 5.39141905e-04, 9.98759350e-01, 1.24106330e-03, 9.55338957e-01, 1.24183388e-03, 3.26652978e+00, 5.47927225e+00, 5.47247439e+00, 5.47247439e+00, 5.46568496e+00, 2.86936144e+01, 6.80691426e+01, 8.70522728e-30
1.27706330e-03, 5.54267703e-04, 9.98724566e-01, 1.27587143e-03, 9.55304149e-01, 1.27668586e-03, 3.26649492e+00, 5.63324379e+00, 5.62605896e+00, 5.62605896e+00, 5.61888329e+00, 2.87537927e+01, 6.80702425e+01, 8.70550862e-30
1.31291459e-03, 5.69817580e-04, 9.98688807e-01, 1.31165488e-03, 9.55268366e-01, 1.31251565e-03, 3.26645909e+00, 5.79154639e+00, 5.78395255e+00, 5.78395255e+00, 5.77636867e+00, 2.88139727e+01, 6.80713734e+01, 8.70579788e-30
1.34977233e-03, 5.85803413e-04, 9.98652047e-01, 1.34844093e-03, 9.55231580e-01, 1.34935068e-03, 3.26642226e+00, 5.95430211e+00, 5.94627599e+00, 5.94627599e+00, 5.93826069e+00, 2.88741543e+01, 6.80725361e+01, 8.70609528e-30
1.38766479e-03, 6.02237406e-04, 9.98614258e-01, 1.38625762e-03, 9.55193763e-01, 1.38721913e-03, 3.26638439e+00, 6.12163649e+00, 6.11315349e+00, 6.11315349e+00, 6.10468223e+00, 2.89343377e+01, 6.80737315e+01, 8.70640105e-30
1.42662102e-03, 6.19132106e-04, 9.98575411e-01, 1.42513376e-03, 9.55154887e-01, 1.42614997e-03, 3.26634546e+00, 6.29367862e+00, 6.28471271e+00, 6.28471271e+00, 6.27575958e+00, 2.89945228e+01, 6.80749605e+01, 8.70671543e-30
1.46667087e-03, 6.36500410e-04, 9.98535477e-01, 1.46509898e-03, 9.55114922e-01, 1.46617300e-03, 3.26630544e+00, 6.47056122e+00, 6.46108493e+00, 6.46108493e+00, 6.45162253e+00, 2.90547098e+01, 6.80762241e+01, 8.70703866e-30
1.50784505e-03, 6.54355573e-04, 9.98494425e-01, 1.50618370e-03, 9.55073837e-01, 1.50731883e-03, 3.26626429e+00, 6.65242079e+00, 6.64240508e+00, 6.64240508e+00, 6.63240444e+00, 2.91148986e+01, 6.80775233e+01, 8.70737099e-30
1.55017512e-03, 6.72711224e-04, 9.98452224e-01, 1.54841923e-03, 9.55031601e-01, 1.54961894e-03, 3.26622199e+00, 6.83939771e+00, 6.82881185e+00, 6.82881185e+00, 6.81824238e+00, 2.91750893e+01, 6.80788590e+01, 8.70771269e-30
1.59369353e-03, 6.91581368e-04, 9.98408842e-01, 1.59183772e-03, 9.54988183e-01, 1.59310568e-03, 3.26617850e+00, 7.03163630e+00, 7.02044786e+00, 7.02044786e+00, 7.00927722e+00, 2.92352820e+01, 6.80802323e+01, 8.70806400e-30
1.63843365e-03, 7.10980403e-04, 9.98364246e-01, 1.63647223e-03, 9.54943548e-01, 1.63781232e-03, 3.26613380e+00, 7.22928500e+00, 7.21745967e+00, 7.21745967e+00, 7.20565368e+00, 2.92954767e+01, 6.80816443e+01, 8.70842521e-30
1.68442976e-03, 7.30923128e-04, 9.98318403e-01, 1.68235673e-03, 9.54897664e-01, 1.68377305e-03, 3.26608784e+00, 7.43249644e+00, 7.41999798e+00, 7.41999798e+00, 7.40752053e+00, 2.93556736e+01, 6.80830960e+01, 8.70879659e-30
1.73171713e-03, 7.51424755e-04, 9.98271277e-01, 1.72952614e-03, 9.54850494e-01, 1.73102303e-03, 3.26604059e+00, 7.64142761e+00, 7.62821769e+00, 7.62821769e+00, 7.61503061e+00, 2.94158725e+01, 6.80845885e+01, 8.70917843e-30
1.78033202e-03, 7.72500920e-04, 9.98222832e-01, 1.77801635e-03, 9.54802004e-01, 1.77959839e-03, 3.26599201e+00, 7.85623990e+00, 7.84227804e+00, 7.84227804e+00, 7.82834100e+00, 2.94760737e+01, 6.80861231e+01, 8.70957103e-30
1.83031168e-03, 7.94167695e-04, 9.98173032e-01, 1.82786424e-03, 9.54752156e-01, 1.82953627e-03, 3.26594207e+00, 8.07709933e+00, 8.06234273e+00, 8.06234273e+00, 8.04761309e+00, 2.95362771e+01, 6.80877009e+01, 8.70997469e-30
1.88169442e-03, 8.16441599e-04, 9.98121840e-01, 1.87910772e-03, 9.54700913e-01, 1.88087486e-03, 3.26589074e+00, 8.30417660e+00, 8.28858002e+00, 8.28858002e+00, 8.27301274e+00, 2.95964829e+01, 6.80893231e+01, 8.71038973e-30
1.93451965e-03, 8.39339613e-04, 9.98069215e-01, 1.93178577e-03, 9.54648235e-01, 1.93365342e-03, 3.26583796e+00, 8.53764726e+00, 8.52116291e+00, 8.52116291e+00, 8.50471038e+00, 2.96566910e+01, 6.80909909e+01, 8.71081646e-30
1.98882786e-03, 8.62879189e-04, 9.98015120e-01, 1.98593841e-03, 9.54594082e-01, 1.98791230e-03, 3.26578370e+00, 8.77769187e+00, 8.76026921e+00, 8.76026921e+00, 8.74288112e+00, 2.97169017e+01, 6.80927058e+01, 8.71125521e-30
2.04466067e-03, 8.87078267e-04, 9.97959511e-01, 2.04160681e-03, 9.54538414e-01, 2.04369297e-03, 3.26572792e+00, 9.02449609e+00, 9.00608171e+00, 9.00608171e+00, 8.98770490e+00, 2.97771148e+01, 6.80944689e+01, 8.71170634e-30
2.10206088e-03, 9.11955285e-04, 9.97902349e-01, 2.09883327e-03, 9.54481187e-01, 2.10103808e-03, 3.26567057e+00, 9.27825086e+00, 9.25878833e+00, 9.25878833e+00, 9.23936662e+00, 2.98373306e+01, 6.80962816e+01, 8.71217018e-30
2.16107251e-03, 9.37529196e-04, 9.97843588e-01, 2.15766126e-03, 9.54422359e-01, 2.15999146e-03, 3.26561162e+00, 9.53915257e+00, 9.51858222e+00, 9.51858222e+00, 9.49805623e+00, 2.98975490e+01, 6.80981455e+01, 8.71264710e-30
2.22174078e-03, 9.63819479e-04, 9.97783184e-01, 2.21813544e-03, 9.54361885e-01, 2.22059817e-03, 3.26555101e+00, 9.80740316e+00, 9.78566196e+00, 9.78566196e+00, 9.76396895e+00, 2.99577701e+01, 6.81000618e+01, 8.71313746e-30
2.28411221e-03, 9.90846156e-04, 9.97721093e-01, 2.28030174e-03, 9.54299719e-01, 2.28290452e-03, 3.26548871e+00, 1.00832103e+01, 1.00602316e+01, 1.00602316e+01, 1.00373053e+01, 3.00179941e+01, 6.81020321e+01, 8.71364166e-30
2.34823460e-03, 1.01862981e-03, 9.97657267e-01, 2.34420734e-03, 9.54235813e-01, 2.34695814e-03, 3.26542465e+00, 1.03667877e+01, 1.03425011e+01, 1.03425011e+01, 1.03182714e+01, 3.00782210e+01, 6.81040579e+01, 8.71416007e-30
2.41415712e-03, 1.04719158e-03, 9.97591657e-01, 2.40990074e-03, 9.54170120e-01, 2.41280797e-03, 3.26535880e+00, 1.06583550e+01, 1.06326860e+01, 1.06326860e+01, 1.06070789e+01, 3.01384509e+01, 6.81061408e+01, 8.71469311e-30
2.48193029e-03, 1.07655322e-03, 9.97524214e-01, 2.47743176e-03, 9.54102589e-01, 2.48050431e-03, 3.26529111e+00, 1.09581381e+01, 1.09310081e+01, 1.09310081e+01, 1.09039453e+01, 3.01986839e+01, 6.81082824e+01, 8.71524118e-30
2.55160607e-03, 1.10673706e-03, 9.97454888e-01, 2.54685162e-03, 9.54033169e-01, 2.55009888e-03, 3.26522151e+00, 1.12663695e+01, 1.12376953e+01, 1.12376953e+01, 1.12090941e+01, 3.02589199e+01, 6.81104843e+01, 8.71580472e-30
2.62323788e-03, 1.13776607e-03, 9.97383625e-01, 2.61821295e-03, 9.53961808e-01, 2.62164485e-03, 3.26514997e+00, 1.15832881e+01, 1.15529818e+01, 1.15529818e+01, 1.15227549e+01, 3.03191593e+01, 6.81127483e+01, 8.71638415e-30
2.69688063e-03, 1.16966386e-03, 9.97310373e-01, 2.69156984e-03, 9.53888451e-01, 2.69519688e-03, 3.26507641e+00, 1.19091397e+01, 1.18771086e+01, 1.18771086e+01, 1.18451636e+01, 3.03794020e+01, 6.81150762e+01, 8.71697995e-30
2.77259076e-03, 1.20245468e-03, 9.97235075e-01, 2.76697786e-03, 9.53813043e-01, 2.77081112e-03, 3.26500080e+00, 1.22441773e+01, 1.22103230e+01, 1.22103230e+01, 1.21765624e+01, 3.04396480e+01, 6.81174696e+01, 8.71759255e-30
2.85042632e-03, 1.23616346e-03, 9.97157676e-01, 2.84449413e-03, 9.53735526e-01, 2.84854533e-03, 3.26492307e+00, 1.25886607e+01, 1.25528797e+01, 1.25528797e+01, 1.25172003e+01, 3.04998976e+01, 6.81199305e+01, 8.71822246e-30
2.93044698e-03, 1.27081583e-03, 9.97078115e-01, 2.92417734e-03, 9.53655843e-01, 2.92845886e-03, 3.26484315e+00, 1.29428576e+01, 1.29050401e+01, 1.29050401e+01, 1.28673331e+01, 3.05601509e+01, 6.81224608e+01, 8.71887015e-30
3.01271407e-03, 1.30643812e-03, 9.96996335e-01, 3.00608781e-03, 9.53573933e-01, 3.01061272e-03, 3.26476100e+00, 1.33070431e+01, 1.32670732e+01, 1.32670732e+01, 1.32272233e+01, 3.06204078e+01, 6.81250625e+01, 8.71953612e-30
3.09729067e-03, 1.34305740e-03, 9.96912273e-01, 3.09028749e-03, 9.53489733e-01, 3.09506964e-03, 3.26467654e+00, 1.36815000e+01, 1.36392553e+01, 1.36392553e+01, 1.35971410e+01, 3.06806686e+01, 6.81277375e+01, 8.72022091e-30
3.18424160e-03, 1.38070148e-03, 9.96825866e-01, 3.17684009e-03, 9.53403180e-01, 3.18189408e-03, 3.26458972e+00, 1.40665195e+01, 1.40218705e+01, 1.40218705e+01, 1.39773632e+01, 3.07409333e+01, 6.81304881e+01, 8.72092505e-30
3.27363353e-03, 1.41939895e-03, 9.96737048e-01, 3.26581104e-03, 9.53314209e-01, 3.27115231e-03, 3.26450046e+00, 1.44624009e+01, 1.44152108e+01, 1.44152108e+01, 1.43681747e+01, 3.08012020e+01, 6.81333162e+01, 8.72164907e-30
3.36553498e-03, 1.45917918e-03, 9.96645754e-01, 3.35726757e-03, 9.53222753e-01, 3.36291244e-03, 3.26440870e+00, 1.48694523e+01, 1.48195765e+01, 1.48195765e+01, 1.47698680e+01, 3.08614749e+01, 6.81362241e+01, 8.72239356e-30
3.46001639e-03, 1.50007238e-03, 9.96551914e-01, 3.45127878e-03, 9.53128742e-01, 3.45724449e-03, 3.26431437e+00, 1.52879903e+01, 1.52352760e+01, 1.52352760e+01, 1.51827434e+01, 3.09217520e+01, 6.81392140e+01, 8.72315909e-30
3.55715021e-03, 1.54210957e-03, 9.96455458e-01, 3.54791567e-03, 9.53032105e-01, 3.55422043e-03, 3.26421739e+00, 1.57183408e+01, 1.56626265e+01, 1.56626265e+01, 1.56071096e+01, 3.09820335e+01, 6.81422884e+01, 8.72394627e-30
3.65701088e-03, 1.58532264e-03, 9.96356314e-01, 3.64725116e-03, 9.52932769e-01, 3.65391424e-03, 3.26411770e+00, 1.61608390e+01, 1.61019540e+01, 1.61019540e+01, 1.60432835e+01, 3.10423195e+01, 6.81454495e+01, 8.72475569e-30
3.75967497e-03, 1.62974435e-03, 9.96254407e-01, 3.74936022e-03, 9.52830660e-01, 3.75640195e-03, 3.26401521e+00, 1.66158297e+01, 1.65535936e+01, 1.65535936e+01, 1.64915906e+01, 3.11026102e+01, 6.81486999e+01, 8.72558801e-30
3.86522116e-03, 1.67540839e-03, 9.96149661e-01, 3.85431984e-03, 9.52725701e-01, 3.86176172e-03, 3.26390985e+00, 1.70836677e+01, 1.70178897e+01, 1.70178897e+01, 1.69523651e+01, 3.11629056e+01, 6.81520420e+01, 8.72644388e-30
3.97373038e-03, 1.72234936e-03, 9.96041998e-01, 3.96220915e-03, 9.52617811e-01, 3.97007390e-03, 3.26380154e+00, 1.75647176e+01, 1.74951964e+01, 1.74951964e+01, 1.74259504e+01, 3.12232059e+01, 6.81554786e+01, 8.72732396e-30
4.08528580e-03, 1.77060283e-03, 9.95931336e-01, 4.07310943e-03, 9.52506911e-01, 4.08142106e-03, 3.26369019e+00, 1.80593550e+01, 1.79858776e+01, 1.79858776e+01, 1.79126991e+01, 3.12835112e+01, 6.81590122e+01, 8.72822894e-30
4.19997295e-03, 1.82020534e-03, 9.95817593e-01, 4.18710420e-03, 9.52392916e-01, 4.19588807e-03, 3.26357572e+00, 1.85679660e+01, 1.84903072e+01, 1.84903072e+01, 1.84129732e+01, 3.13438217e+01, 6.81626456e+01, 8.72915954e-30
4.31787973e-03, 1.87119444e-03, 9.95700684e-01, 4.30427927e-03, 9.52275741e-01, 4.31356217e-03, 3.26345805e+00, 1.90909477e+01, 1.90088697e+01, 1.90088697e+01, 1.89271446e+01, 3.14041374e+01, 6.81663817e+01, 8.73011648e-30
4.43909653e-03, 1.92360874e-03, 9.95580522e-01, 4.42472278e-03, 9.52155298e-01, 4.43453305e-03, 3.26333708e+00, 1.96287090e+01, 1.95419604e+01, 1.95419604e+01, 1.94555951e+01, 3.14644587e+01, 6.81702234e+01, 8.73110053e-30
4.56371628e-03, 1.97748788e-03, 9.95457017e-01, 4.54852531e-03, 9.52031495e-01, 4.55889286e-03, 3.26321272e+00, 2.01816702e+01, 2.00899852e+01, 2.00899852e+01, 1.99987168e+01, 3.15247855e+01, 6.81741737e+01, 8.73211245e-30
4.69183451e-03, 2.03287261e-03, 9.95330076e-01, 4.67577988e-03, 9.51904241e-01, 4.68673634e-03, 3.26308487e+00, 2.07502640e+01, 2.06533618e+01, 2.06533618e+01, 2.05569122e+01, 3.15851181e+01, 6.81782357e+01, 8.73315303e-30
4.82354943e-03, 2.08980480e-03, 9.95199606e-01, 4.80658208e-03, 9.51773438e-01, 4.81816085e-03, 3.26295345e+00, 2.13349354e+01, 2.12325193e+01, 2.12325193e+01, 2.11305948e+01, 3.16454567e+01, 6.81824125e+01, 8.73422311e-30
4.95896201e-03, 2.14832749e-03, 9.95065508e-01, 4.94103009e-03, 9.51638990e-01, 4.95326648e-03, 3.26281834e+00, 2.19361422e+01, 2.18278985e+01, 2.18278985e+01, 2.17201889e+01, 3.17058013e+01, 6.81867074e+01, 8.73532352e-30
5.09817606e-03, 2.20848488e-03, 9.94927683e-01, 5.07922478e-03, 9.51500796e-01, 5.09215609e-03, 3.26267945e+00, 2.25543557e+01, 2.24399528e+01, 2.24399528e+01, 2.23261303e+01, 3.17661521e+01, 6.81911239e+01, 8.73645513e-30
5.24129830e-03, 2.27032240e-03, 9.94786030e-01, 5.22126976e-03, 9.51358751e-01, 5.23493540e-03, 3.26253667e+00, 2.31900605e+01, 2.30691482e+01, 2.30691482e+01, 2.29488663e+01, 3.18265094e+01, 6.81956653e+01, 8.73761883e-30
5.38843844e-03, 2.33388671e-03, 9.94640441e-01, 5.36727145e-03, 9.51212749e-01, 5.38171308e-03, 3.26238990e+00, 2.38437554e+01, 2.37159634e+01, 2.37159634e+01, 2.35888563e+01, 3.18868733e+01, 6.82003353e+01, 8.73881555e-30
5.53970928e-03, 2.39922578e-03, 9.94490810e-01, 5.51733919e-03, 9.51062681e-01, 5.53260079e-03, 3.26223901e+00, 2.45159537e+01, 2.43808906e+01, 2.43808906e+01, 2.42465717e+01, 3.19472440e+01, 6.82051374e+01, 8.74004623e-30
5.69522678e-03, 2.46638889e-03, 9.94337025e-01, 5.67158526e-03, 9.50908435e-01, 5.68771334e-03, 3.26208390e+00, 2.52071834e+01, 2.50644357e+01, 2.50644357e+01, 2.49224965e+01, 3.20076216e+01, 6.82100755e+01, 8.74131185e-30
5.85511016e-03, 2.53542665e-03, 9.94178973e-01, 5.83012501e-03, 9.50749895e-01, 5.84716869e-03, 3.26192444e+00, 2.59179878e+01, 2.57671185e+01, 2.57671185e+01, 2.56171274e+01, 3.20680064e+01, 6.82151534e+01, 8.74261340e-30
6.01948197e-03, 2.60639109e-03, 9.94016535e-01, 5.99307692e-03, 9.50586944e-01, 6.01108808e-03, 3.26176052e+00, 2.66489262e+01, 2.64894733e+01, 2.64894733e+01, 2.63309745e+01, 3.21283986e+01, 6.82203752e+01, 8.74395192e-30
6.18846824e-03, 2.67933564e-03, 9.93849593e-01, 6.16056265e-03, 9.50419458e-01, 6.17959614e-03, 3.26159201e+00, 2.74005740e+01, 2.72320494e+01, 2.72320494e+01, 2.70645612e+01, 3.21887983e+01, 6.82257449e+01, 8.74532848e-30
6.36219849e-03, 2.75431521e-03, 9.93678023e-01, 6.33270718e-03, 9.50247313e-01, 6.35282094e-03, 3.26141879e+00, 2.81735233e+01, 2.79954109e+01, 2.79954109e+01, 2.78184246e+01, 3.22492058e+01, 6.82312669e+01, 8.74674416e-30
6.54080591e-03, 2.83138620e-03, 9.93501698e-01, 6.50963887e-03, 9.50070382e-01, 6.53089410e-03, 3.26124072e+00, 2.89683834e+01, 2.87801381e+01, 2.87801381e+01, 2.85931161e+01, 3.23096213e+01, 6.82369453e+01, 8.74820010e-30
6.72442742e-03, 2.91060657e-03, 9.93320488e-01, 6.69148953e-03, 9.49888531e-01, 6.71395090e-03, 3.26105766e+00, 2.97857815e+01, 2.95868270e+01, 2.95868270e+01, 2.93892015e+01, 3.23700450e+01, 6.82427848e+01, 8.74969745e-30
6.91320378e-03, 2.99203585e-03, 9.93134260e-01, 6.87839452e-03, 9.49701626e-01, 6.90213036e-03, 3.26086948e+00, 3.06263630e+01, 3.04160904e+01, 3.04160904e+01, 3.02072614e+01, 3.24304771e+01, 6.82487899e+01, 8.75123740e-30
7.10727970e-03, 3.07573520e-03, 9.92942877e-01, 7.07049287e-03, 9.49509528e-01, 7.09557537e-03, 3.26067604e+00, 3.14907921e+01, 3.12685577e+01, 3.12685577e+01, 3.10478917e+01, 3.24909179e+01, 6.82549654e+01, 8.75282118e-30
7.30680395e-03, 3.16176744e-03, 9.92746198e-01, 7.26792733e-03, 9.49312093e-01, 7.29443275e-03, 3.26047718e+00, 3.23797524e+01, 3.21448761e+01, 3.21448761e+01, 3.19117036e+01, 3.25513676e+01, 6.82613162e+01, 8.75445007e-30
7.51192949e-03, 3.25019713e-03, 9.92544079e-01, 7.47084450e-03, 9.49109176e-01, 7.49885341e-03, 3.26027276e+00, 3.32939477e+01, 3.30457106e+01, 3.30457106e+01, 3.27993244e+01, 3.26118265e+01, 6.82678473e+01, 8.75612535e-30
7.72281357e-03, 3.34109055e-03, 9.92336371e-01, 7.67939491e-03, 9.48900626e-01, 7.70899242e-03, 3.26006262e+00, 3.42341021e+01, 3.39717446e+01, 3.39717446e+01, 3.37113978e+01, 3.26722947e+01, 6.82745638e+01, 8.75784838e-30
7.93961785e-03, 3.43451582e-03, 9.92122923e-01, 7.89373312e-03, 9.48686287e-01, 7.92500916e-03, 3.25984660e+00, 3.52009611e+01, 3.49236804e+01, 3.49236804e+01, 3.46485839e+01, 3.27327726e+01, 6.82814711e+01, 8.75962053e-30
8.16250851e-03, 3.53054289e-03, 9.91903579e-01, 8.11401784e-03, 9.48466003e-01, 8.14706741e-03, 3.25962454e+00, 3.61952920e+01, 3.59022396e+01, 3.59022396e+01, 3.56115600e+01, 3.27932604e+01, 6.82885747e+01, 8.76144322e-30
8.39165644e-03, 3.62924361e-03, 9.91678177e-01, 8.34041201e-03, 9.48239608e-01, 8.37533546e-03, 3.25939627e+00, 3.72178847e+01, 3.69081641e+01, 3.69081641e+01, 3.66010209e+01, 3.28537584e+01, 6.82958803e+01, 8.76331793e-30
8.62723729e-03, 3.73069181e-03, 9.91446555e-01, 8.57308292e-03, 9.48006938e-01, 8.60998627e-03, 3.25916162e+00, 3.82695524e+01, 3.79422159e+01, 3.79422159e+01, 3.76176792e+01, 3.29142669e+01, 6.83033935e+01, 8.76524615e-30
8.86943166e-03, 3.83496328e-03, 9.91208544e-01, 8.81220233e-03, 9.47767818e-01, 8.85119757e-03, 3.25892041e+00, 3.93511320e+01, 3.90051783e+01, 3.90051783e+01, 3.86622659e+01, 3.29747862e+01, 6.83111205e+01, 8.76722944e-30
9.11842520e-03, 3.94213590e-03, 9.90963969e-01, 9.05794657e-03, 9.47522074e-01, 9.09915201e-03, 3.25867246e+00, 4.04634853e+01, 4.00978560e+01, 4.00978560e+01, 3.97355306e+01, 3.30353164e+01, 6.83190674e+01, 8.76926940e-30
9.37440879e-03, 4.05228964e-03, 9.90712655e-01, 9.31049663e-03, 9.47269524e-01, 9.35403725e-03, 3.25841757e+00, 4.16074995e+01, 4.12210763e+01, 4.12210763e+01, 4.08382419e+01, 3.30958581e+01, 6.83272405e+01, 8.77136768e-30
9.63757866e-03, 4.16550662e-03, 9.90454418e-01, 9.57003834e-03, 9.47009982e-01, 9.61604616e-03, 3.25815556e+00, 4.27840879e+01, 4.23756889e+01, 4.23756889e+01, 4.19711883e+01, 3.31564114e+01, 6.83356463e+01, 8.77352598e-30
9.90813657e-03, 4.28187121e-03, 9.90189071e-01, 9.83676242e-03, 9.46743258e-01, 9.88537690e-03, 3.25788623e+00, 4.39941909e+01, 4.35625671e+01, 4.35625671e+01, 4.31351779e+01, 3.32169767e+01, 6.83442916e+01, 8.77574604e-30
1.01862899e-02, 4.40147004e-03, 9.89916424e-01, 1.01108647e-02, 9.46469156e-01, 1.01622331e-02, 3.25760938e+00, 4.52387769e+01, 4.47826082e+01, 4.47826082e+01, 4.43310394e+01, 3.32775543e+01, 6.83531833e+01, 8.77802966e-30
1.04722519e-02, 4.52439206e-03, 9.89636280e-01, 1.03925460e-02, 9.46187475e-01, 1.04468240e-02, 3.25732479e+00, 4.65188427e+01, 4.60367344e+01, 4.60367344e+01, 4.55596226e+01, 3.33381445e+01, 6.83623285e+01, 8.78037870e-30
1.07662418e-02, 4.65072864e-03, 9.89348436e-01, 1.06820127e-02, 9.45898008e-01, 1.07393646e-02, 3.25703225e+00, 4.78354150e+01, 4.73258930e+01, 4.73258930e+01, 4.68217982e+01, 3.33987477e+01, 6.83717346e+01, 8.78279508e-30
1.10684849e-02, 4.78057359e-03, 9.89052685e-01, 1.09794763e-02, 9.45600544e-01, 1.10400757e-02, 3.25673153e+00, 4.91895510e+01, 4.86510575e+01, 4.86510575e+01, 4.81184591e+01, 3.34593643e+01, 6.83814091e+01, 8.78528076e-30
1.13792129e-02, 4.91402325e-03, 9.88748817e-01, 1.12851542e-02, 9.45294866e-01, 1.13491845e-02, 3.25642243e+00, 5.05823394e+01, 5.00132282e+01, 5.00132282e+01, 4.94505202e+01, 3.35199946e+01, 6.83913597e+01, 8.78783776e-30
1.16986641e-02, 5.05117654e-03, 9.88436612e-01, 1.15992692e-02, 9.44980751e-01, 1.16669240e-02, 3.25610469e+00, 5.20149012e+01, 5.14134328e+01, 5.14134328e+01, 5.08189193e+01, 3.35806389e+01, 6.84015946e+01, 8.79046819e-30
1.20270833e-02, 5.19213502e-03, 9.88115848e-01, 1.19220500e-02, 9.44657970e-01, 1.19935340e-02, 3.25577808e+00, 5.34883913e+01, 5.28527271e+01, 5.28527271e+01, 5.22246173e+01, 3.36412977e+01, 6.84121220e+01, 8.79317420e-30
1.23647224e-02, 5.33700299e-03, 9.87786297e-01, 1.22537314e-02, 9.44326289e-01, 1.23292605e-02, 3.25544235e+00, 5.50039987e+01, 5.43321962e+01, 5.43321962e+01, 5.36685988e+01, 3.37019713e+01, 6.84229503e+01, 8.79595800e-30
1.27118400e-02, 5.48588750e-03, 9.87447723e-01, 1.25945541e-02, 9.43985466e-01, 1.26743565e-02, 3.25509725e+00, 5.65629484e+01, 5.58529546e+01, 5.58529546e+01, 5.51518728e+01, 3.37626602e+01, 6.84340884e+01, 8.79882189e-30
1.30687023e-02, 5.63889849e-03, 9.87099885e-01, 1.29447652e-02, 9.43635255e-01, 1.30290820e-02, 3.25474253e+00, 5.81665020e+01, 5.74161475e+01, 5.74161475e+01, 5.66754726e+01, 3.38233647e+01, 6.84455452e+01, 8.80176823e-30
1.34355829e-02, 5.79614881e-03, 9.86742539e-01, 1.33046182e-02, 9.43275402e-01, 1.33937038e-02, 3.25437791e+00, 5.98159592e+01, 5.90229514e+01, 5.90229514e+01, 5.82404569e+01, 3.38840854e+01, 6.84573301e+01, 8.80479945e-30
1.38127630e-02, 5.95775431e-03, 9.86375430e-01, 1.36743731e-02, 9.42905647e-01, 1.37684963e-02, 3.25400311e+00, 6.15126586e+01, 6.06745751e+01, 6.06745751e+01, 5.98479101e+01, 3.39448225e+01, 6.84694526e+01, 8.80791805e-30
1.42005318e-02, 6.12383394e-03, 9.85998300e-01, 1.40542966e-02, 9.42525724e-01, 1.41537412e-02, 3.25361787e+00, 6.32579795e+01, 6.23722602e+01, 6.23722602e+01, 6.14989426e+01, 3.40055766e+01, 6.84819225e+01, 8.81112662e-30
1.45991865e-02, 6.29450978e-03, 9.85610883e-01, 1.44446622e-02, 9.42135358e-01, 1.45497280e-02, 3.25322188e+00, 6.50533427e+01, 6.41172826e+01, 6.41172826e+01, 6.31946915e+01, 3.40663481e+01, 6.84947502e+01, 8.81442782e-30
1.50090328e-02, 6.46990713e-03, 9.85212907e-01, 1.48457506e-02, 9.41734270e-01, 1.49567542e-02, 3.25281486e+00, 6.69002122e+01, 6.59109525e+01, 6.59109525e+01, 6.49363212e+01, 3.41271375e+01, 6.85079459e+01, 8.81782440e-30
1.54303847e-02, 6.65015464e-03, 9.84804094e-01, 1.52578495e-02, 9.41322171e-01, 1.53751251e-02, 3.25239649e+00, 6.88000962e+01, 6.77546164e+01, 6.77546164e+01, 6.67250236e+01, 3.41879452e+01, 6.85215205e+01, 8.82131920e-30
1.58635653e-02, 6.83538432e-03, 9.84384158e-01, 1.56812541e-02, 9.40898766e-01, 1.58051546e-02, 3.25196646e+00, 7.07545488e+01, 6.96496569e+01, 6.96496569e+01, 6.85620188e+01, 3.42487718e+01, 6.85354852e+01, 8.82491513e-30
1.63089068e-02, 7.02573168e-03, 9.83952805e-01, 1.61162668e-02, 9.40463754e-01, 1.62471651e-02, 3.25152445e+00, 7.27651716e+01, 7.15974947e+01, 7.15974947e+01, 7.04485558e+01, 3.43096178e+01, 6.85498514e+01, 8.82861521e-30
1.67667503e-02, 7.22133576e-03, 9.83509738e-01, 1.65631981e-02, 9.40016822e-01, 1.67014877e-02, 3.25107012e+00, 7.48336149e+01, 7.35995890e+01, 7.35995890e+01, 7.23859124e+01, 3.43704836e+01, 6.85646308e+01, 8.83242255e-30
1.72374471e-02, 7.42233928e-03, 9.83054648e-01, 1.70223660e-02, 9.39557654e-01, 1.71684624e-02, 3.25060315e+00, 7.69615795e+01, 7.56574384e+01, 7.56574384e+01, 7.43753965e+01, 3.44313699e+01, 6.85798357e+01, 8.83634034e-30
1.77213578e-02, 7.62888867e-03, 9.82587220e-01, 1.74940967e-02, 9.39085924e-01, 1.76484386e-02, 3.25012317e+00, 7.91508184e+01, 7.77725826e+01, 7.77725826e+01, 7.64183458e+01, 3.44922770e+01, 6.85954787e+01, 8.84037191e-30
1.82188534e-02, 7.84113421e-03, 9.82107134e-01, 1.79787245e-02, 9.38601296e-01, 1.81417752e-02, 3.24962984e+00, 8.14031382e+01, 7.99466027e+01, 7.99466027e+01, 7.85161289e+01, 3.45532057e+01, 6.86115725e+01, 8.84452065e-30
1.87303154e-02, 8.05923009e-03, 9.81614059e-01, 1.84765921e-02, 9.38103428e-01, 1.86488407e-02, 3.24912277e+00, 8.37204012e+01, 8.21811228e+01, 8.21811228e+01, 8.06701456e+01, 3.46141565e+01, 6.86281307e+01, 8.84879008e-30
1.92561357e-02, 8.28333450e-03, 9.81107658e-01, 1.89880507e-02, 9.37591970e-01, 1.91700135e-02, 3.24860160e+00, 8.61045271e+01, 8.44778109e+01, 8.44778109e+01, 8.28818272e+01, 3.46751299e+01, 6.86451668e+01, 8.85318385e-30
1.97967175e-02, 8.51360975e-03, 9.80587585e-01, 1.95134603e-02, 9.37066560e-01, 1.97056825e-02, 3.24806593e+00, 8.85574950e+01, 8.68383801e+01, 8.68383801e+01, 8.51526374e+01, 3.47361266e+01, 6.86626951e+01, 8.85770569e-30
2.03524752e-02, 8.75022235e-03, 9.80053486e-01, 2.00531899e-02, 9.36526831e-01, 2.02562469e-02, 3.24751536e+00, 9.10813450e+01, 8.92645897e+01, 8.92645897e+01, 8.74840722e+01, 3.47971472e+01, 6.86807302e+01, 8.86235948e-30
2.09238348e-02, 8.99334311e-03, 9.79504999e-01, 2.06076172e-02, 9.35972403e-01, 2.08221165e-02, 3.24694949e+00, 9.36781808e+01, 9.17582464e+01, 9.17582464e+01, 8.98776610e+01, 3.48581922e+01, 6.86992872e+01, 8.86714919e-30
2.15112343e-02, 9.24314725e-03, 9.78941755e-01, 2.11771297e-02, 9.35402891e-01, 2.14037126e-02, 3.24636790e+00, 9.63501712e+01, 9.43212056e+01, 9.43212056e+01, 9.23349665e+01, 3.49192625e+01, 6.87183815e+01, 8.87207897e-30
2.21151240e-02, 9.49981449e-03, 9.78363373e-01, 2.17621239e-02, 9.34817897e-01, 2.20014675e-02, 3.24577014e+00, 9.90995529e+01, 9.69553728e+01, 9.69553728e+01, 9.48575855e+01, 3.49803585e+01, 6.87380293e+01, 8.87715305e-30
2.27359668e-02, 9.76352916e-03, 9.77769466e-01, 2.23630064e-02, 9.34217014e-01, 2.26158250e-02, 3.24515579e+00, 1.01928632e+02, 9.96627043e+01, 9.96627043e+01, 9.74471492e+01, 3.50414810e+01, 6.87582470e+01, 8.88237583e-30
2.33742387e-02, 1.00344803e-02, 9.77159637e-01, 2.29801933e-02, 9.33599827e-01, 2.32472412e-02, 3.24452437e+00, 1.04839788e+02, 1.02445209e+02, 1.02445209e+02, 1.00105323e+02, 3.51026307e+01, 6.87790517e+01, 8.88775185e-30
2.40304289e-02, 1.03128618e-02, 9.76533482e-01, 2.36141109e-02, 9.32965910e-01, 2.38961841e-02, 3.24387543e+00, 1.07835473e+02, 1.05304950e+02, 1.05304950e+02, 1.02833810e+02, 3.51638082e+01, 6.88004609e+01, 8.89328579e-30
2.47050406e-02, 1.05988725e-02, 9.75890584e-01, 2.42651957e-02, 9.32314825e-01, 2.45631343e-02, 3.24320848e+00, 1.10918219e+02, 1.08244045e+02, 1.08244045e+02, 1.05634345e+02, 3.52250144e+01, 6.88224928e+01, 8.89898248e-30
2.53985907e-02, 1.08927162e-02, 9.75230519e-01, 2.49338946e-02, 9.31646126e-01, 2.52485853e-02, 3.24252303e+00, 1.14090635e+02, 1.11264669e+02, 1.11264669e+02, 1.08508701e+02, 3.52862500e+01, 6.88451661e+01, 8.90484692e-30
2.61116110e-02, 1.11946019e-02, 9.74552855e-01, 2.56206652e-02, 9.30959355e-01, 2.59530437e-02, 3.24181857e+00, 1.17355415e+02, 1.14369054e+02, 1.14369054e+02, 1.11458688e+02, 3.53475157e+01, 6.88685001e+01, 8.91088426e-30
2.68446481e-02, 1.15047439e-02, 9.73857148e-01, 2.63259759e-02, 9.30254045e-01, 2.66770296e-02, 3.24109458e+00, 1.20715336e+02, 1.17559493e+02, 1.17559493e+02, 1.14486152e+02, 3.54088122e+01, 6.88925148e+01, 8.91709985e-30
2.75982639e-02, 1.18233619e-02, 9.73142944e-01, 2.70503059e-02, 9.29529715e-01, 2.74210769e-02, 3.24035053e+00, 1.24173265e+02, 1.20838337e+02, 1.20838337e+02, 1.17592975e+02, 3.54701405e+01, 6.89172306e+01, 8.92349919e-30
2.83730362e-02, 1.21506810e-02, 9.72409782e-01, 2.77941460e-02, 9.28785875e-01, 2.81857338e-02, 3.23958588e+00, 1.27732161e+02, 1.24208003e+02, 1.24208003e+02, 1.20781077e+02, 3.55315013e+01, 6.89426689e+01, 8.93008797e-30
2.91695588e-02, 1.24869320e-02, 9.71657189e-01, 2.85579980e-02, 9.28022022e-01, 2.89715628e-02, 3.23880005e+00, 1.31395075e+02, 1.27670969e+02, 1.27670969e+02, 1.24052415e+02, 3.55928954e+01, 6.89688515e+01, 8.93687208e-30
2.99884423e-02, 1.28323514e-02, 9.70884681e-01, 2.93423756e-02, 9.27237645e-01, 2.97791414e-02, 3.23799247e+00, 1.35165158e+02, 1.31229781e+02, 1.31229781e+02, 1.27408984e+02, 3.56543238e+01, 6.89958010e+01, 8.94385760e-30
3.08303146e-02, 1.31871818e-02, 9.70091766e-01, 3.01478040e-02, 9.26432216e-01, 3.06090623e-02, 3.23716255e+00, 1.39045661e+02, 1.34887050e+02, 1.34887050e+02, 1.30852817e+02, 3.57157872e+01, 6.90235408e+01, 8.95105081e-30
3.16958209e-02, 1.35516713e-02, 9.69277940e-01, 3.09748207e-02, 9.25605200e-01, 3.14619340e-02, 3.23630968e+00, 1.43039940e+02, 1.38645458e+02, 1.38645458e+02, 1.34385984e+02, 3.57772866e+01, 6.90520950e+01, 8.95845821e-30
3.25856248e-02, 1.39260747e-02, 9.68442690e-01, 3.18239750e-02, 9.24756045e-01, 3.23383807e-02, 3.23543323e+00, 1.47151460e+02, 1.42507756e+02, 1.42507756e+02, 1.38010594e+02, 3.58388229e+01, 6.90814884e+01, 8.96608653e-30
3.35004083e-02, 1.43106525e-02, 9.67585491e-01, 3.26958289e-02, 9.23884192e-01, 3.32390431e-02, 3.23453257e+00, 1.51383798e+02, 1.46476767e+02, 1.46476767e+02, 1.41728794e+02, 3.59003970e+01, 6.91117468e+01, 8.97394273e-30
3.44408728e-02, 1.47056720e-02, 9.66705808e-01, 3.35909566e-02, 9.22989064e-01, 3.41645788e-02, 3.23360703e+00, 1.55740647e+02, 1.50555388e+02, 1.50555388e+02, 1.45542768e+02, 3.59620099e+01, 6.91428967e+01, 8.98203398e-30
3.54077391e-02, 1.51114068e-02, 9.65803096e-01, 3.45099452e-02, 9.22070075e-01, 3.51156623e-02, 3.23265595e+00, 1.60225820e+02, 1.54746593e+02, 1.54746593e+02, 1.49454739e+02, 3.60236625e+01, 6.91749655e+01, 8.99036773e-30
3.64017485e-02, 1.55281370e-02, 9.64876798e-01, 3.54533946e-02, 9.21126626e-01, 3.60929860e-02, 3.23167862e+00, 1.64843255e+02, 1.59053432e+02, 1.59053432e+02, 1.53466966e+02, 3.60853559e+01, 6.92079815e+01, 8.99895168e-30
3.74236629e-02, 1.59561497e-02, 9.63926345e-01, 3.64219179e-02, 9.20158103e-01, 3.70972600e-02, 3.23067435e+00, 1.69597019e+02, 1.63479035e+02, 1.63479035e+02, 1.57581749e+02, 3.61470911e+01, 6.92419740e+01, 9.00779379e-30
3.84742658e-02, 1.63957388e-02, 9.62951161e-01, 3.74161413e-02, 9.19163879e-01, 3.81292129e-02, 3.22964240e+00, 1.74491313e+02, 1.68026613e+02, 1.68026613e+02, 1.61801422e+02, 3.62088691e+01, 6.92769733e+01, 9.01690230e-30
3.95543624e-02, 1.68472053e-02, 9.61950655e-01, 3.84367043e-02, 9.18143316e-01, 3.91895924e-02, 3.22858202e+00, 1.79530476e+02, 1.72699459e+02, 1.72699459e+02, 1.66128358e+02, 3.62706909e+01, 6.93130105e+01, 9.02628575e-30
4.06647809e-02, 1.73108570e-02, 9.60924227e-01, 3.94842600e-02, 9.17095760e-01, 4.02791650e-02, 3.22749245e+00, 1.84718991e+02, 1.77500954e+02, 1.77500954e+02, 1.70564967e+02, 3.63325577e+01, 6.93501180e+01, 9.03595298e-30
4.18063724e-02, 1.77870096e-02, 9.59871264e-01, 4.05594754e-02, 9.16020545e-01, 4.13987174e-02, 3.22637289e+00, 1.90061489e+02, 1.82434562e+02, 1.82434562e+02, 1.75113693e+02, 3.63944706e+01, 6.93883291e+01, 9.04591312e-30
4.29800121e-02, 1.82759856e-02, 9.58791145e-01, 4.16630311e-02, 9.14916989e-01, 4.25490561e-02, 3.22522255e+00, 1.95562755e+02, 1.87503838e+02, 1.87503838e+02, 1.79777020e+02, 3.64564307e+01, 6.94276782e+01, 9.05617566e-30
4.41865996e-02, 1.87781154e-02, 9.57683234e-01, 4.27956216e-02, 9.13784399e-01, 4.37310084e-02, 3.22404060e+00, 2.01227735e+02, 1.92712428e+02, 1.92712428e+02, 1.84557462e+02, 3.65184392e+01, 6.94682012e+01, 9.06675041e-30
4.54270599e-02, 1.92937372e-02, 9.56546887e-01, 4.39579557e-02, 9.12622065e-01, 4.49454228e-02, 3.22282619e+00, 2.07061540e+02, 1.98064072e+02, 1.98064072e+02, 1.89457571e+02, 3.65804972e+01, 6.95099348e+01, 9.07764754e-30
4.67023439e-02, 1.98231967e-02, 9.55381447e-01, 4.51507563e-02, 9.11429264e-01, 4.61931692e-02, 3.22157844e+00, 2.13069451e+02, 2.03562601e+02, 2.03562601e+02, 1.94479932e+02, 3.66426059e+01, 6.95529172e+01, 9.08887757e-30
4.80134292e-02, 2.03668477e-02, 9.54186246e-01, 4.63747606e-02, 9.10205260e-01, 4.74751394e-02, 3.22029647e+00, 2.19256930e+02, 2.09211947e+02, 2.09211947e+02, 1.99627162e+02, 3.67047666e+01, 6.95971877e+01, 9.10045143e-30
4.93613210e-02, 2.09250522e-02, 9.52960606e-01, 4.76307201e-02, 9.08949300e-01, 4.87922481e-02, 3.21897936e+00, 2.25629620e+02, 2.15016140e+02, 2.15016140e+02, 2.04901911e+02, 3.67669806e+01, 6.96427873e+01, 9.11238043e-30
5.07470524e-02, 2.14981804e-02, 9.51703836e-01, 4.89194011e-02, 9.07660619e-01, 5.01454326e-02, 3.21762618e+00, 2.32193359e+02, 2.20979311e+02, 2.20979311e+02, 2.10306858e+02, 3.68292490e+01, 6.96897580e+01, 9.12467630e-30
5.21716858e-02, 2.20866106e-02, 9.50415235e-01, 5.02415840e-02, 9.06338436e-01, 5.15356540e-02, 3.21623596e+00, 2.38954181e+02, 2.27105694e+02, 2.27105694e+02, 2.15844712e+02, 3.68915732e+01, 6.97381436e+01, 9.13735122e-30
5.36363132e-02, 2.26907300e-02, 9.49094092e-01, 5.15980643e-02, 9.04981956e-01, 5.29638971e-02, 3.21480771e+00, 2.45918327e+02, 2.33399631e+02, 2.33399631e+02, 2.21518211e+02, 3.69539545e+01, 6.97879892e+01, 9.15041779e-30
5.51420574e-02, 2.33109341e-02, 9.47739684e-01, 5.29896516e-02, 9.03590369e-01, 5.44311714e-02, 3.21334044e+00, 2.53092250e+02, 2.39865569e+02, 2.39865569e+02, 2.27330119e+02, 3.70163942e+01, 6.98393415e+01, 9.16388911e-30
5.66900727e-02, 2.39476274e-02, 9.46351277e-01, 5.44171707e-02, 9.02162850e-01, 5.59385113e-02, 3.21183310e+00, 2.60482627e+02, 2.46508067e+02, 2.46508067e+02, 2.33283224e+02, 3.70788938e+01, 6.98922489e+01, 9.17777875e-30
5.82815458e-02, 2.46012230e-02, 9.44928128e-01, 5.58814607e-02, 9.00698560e-01, 5.74869767e-02, 3.21028463e+00, 2.68096364e+02, 2.53331796e+02, 2.53331796e+02, 2.39380339e+02, 3.71414546e+01, 6.99467616e+01, 9.19210081e-30
5.99176967e-02, 2.52721433e-02, 9.43469482e-01, 5.73833754e-02, 8.99196645e-01, 5.90776536e-02, 3.20869396e+00, 2.75940606e+02, 2.60341540e+02, 2.60341540e+02, 2.45624298e+02, 3.72040781e+01, 7.00029314e+01, 9.20686991e-30
6.15997796e-02, 2.59608197e-02, 9.41974574e-01, 5.89237834e-02, 8.97656237e-01, 6.07116542e-02, 3.20705996e+00, 2.84022744e+02, 2.67542203e+02, 2.67542203e+02, 2.52017952e+02, 3.72667656e+01, 7.00608119e+01, 9.22210123e-30
6.33290840e-02, 2.66676928e-02, 9.40442630e-01, 6.05035676e-02, 8.96076453e-01, 6.23901182e-02, 3.20538149e+00, 2.92350427e+02, 2.74938805e+02, 2.74938805e+02, 2.58564173e+02, 3.73295187e+01, 7.01204587e+01, 9.23781055e-30
6.51069356e-02, 2.73932126e-02, 9.38872865e-01, 6.21236255e-02, 8.94456395e-01, 6.41142125e-02, 3.20365740e+00, 3.00931574e+02, 2.82536489e+02, 2.82536489e+02, 2.65265843e+02, 3.73923388e+01, 7.01819296e+01, 9.25401423e-30
6.69346971e-02, 2.81378388e-02, 9.37264486e-01, 6.37848691e-02, 8.92795151e-01, 6.58851321e-02, 3.20188648e+00, 3.09774376e+02, 2.90340522e+02, 2.90340522e+02, 2.72125860e+02, 3.74552275e+01, 7.02452840e+01, 9.27072929e-30
6.88137699e-02, 2.89020403e-02, 9.35616689e-01, 6.54882245e-02, 8.91091796e-01, 6.77041006e-02, 3.20006751e+00, 3.18887316e+02, 2.98356295e+02, 2.98356295e+02, 2.79147129e+02, 3.75181862e+01, 7.03105839e+01, 9.28797340e-30
7.07455942e-02, 2.96862961e-02, 9.33928662e-01, 6.72346318e-02, 8.89345389e-01, 6.95723709e-02, 3.19819924e+00, 3.28279174e+02, 3.06589329e+02, 3.06589329e+02, 2.86332562e+02, 3.75812167e+01, 7.03778932e+01, 9.30576493e-30
7.27316511e-02, 3.04910947e-02, 9.32199585e-01, 6.90250451e-02, 8.87554975e-01, 7.14912252e-02, 3.19628039e+00, 3.37959039e+02, 3.15045276e+02, 3.15045276e+02, 2.93685075e+02, 3.76443203e+01, 7.04472784e+01, 9.32412298e-30
7.47734631e-02, 3.13169348e-02, 9.30428629e-01, 7.08604323e-02, 8.85719588e-01, 7.34619759e-02, 3.19430963e+00, 3.47936325e+02, 3.23729918e+02, 3.23729918e+02, 3.01207584e+02, 3.77074989e+01, 7.05188082e+01, 9.34306740e-30
7.68725952e-02, 3.21643250e-02, 9.28614958e-01, 7.27417744e-02, 8.83838246e-01, 7.54859662e-02, 3.19228564e+00, 3.58220780e+02, 3.32649174e+02, 3.32649174e+02, 3.08902999e+02, 3.77707539e+01, 7.05925539e+01, 9.36261882e-30
7.90306568e-02, 3.30337838e-02, 9.26757728e-01, 7.46700659e-02, 8.81909955e-01, 7.75645700e-02, 3.19020704e+00, 3.68822498e+02, 3.41809101e+02, 3.41809101e+02, 3.16774225e+02, 3.78340870e+01, 7.06685896e+01, 9.38279874e-30
8.12493021e-02, 3.39258402e-02, 9.24856088e-01, 7.66463139e-02, 8.79933707e-01, 7.96991934e-02, 3.18807242e+00, 3.79751937e+02, 3.51215891e+02, 3.51215891e+02, 3.24824155e+02, 3.78975000e+01, 7.07469918e+01, 9.40362950e-30
8.35302320e-02, 3.48410332e-02, 9.22909182e-01, 7.86715380e-02, 8.77908482e-01, 8.18912739e-02, 3.18588034e+00, 3.91019929e+02, 3.60875883e+02, 3.60875883e+02, 3.33055666e+02, 3.79609945e+01, 7.08278400e+01, 9.42513435e-30
8.58751948e-02, 3.57799125e-02, 9.20916146e-01, 8.07467699e-02, 8.75833251e-01, 8.41422822e-02, 3.18362933e+00, 4.02637695e+02, 3.70795555e+02, 3.70795555e+02, 3.41471614e+02, 3.80245722e+01, 7.09112169e+01, 9.44733749e-30
8.82859884e-02, 3.67430377e-02, 9.18876114e-01, 8.28730527e-02, 8.73706968e-01, 8.64537216e-02, 3.18131789e+00, 4.14616864e+02, 3.80981533e+02, 3.80981533e+02, 3.50074831e+02, 3.80882348e+01, 7.09972079e+01, 9.47026414e-30
9.07644607e-02, 3.77309793e-02, 9.16788212e-01, 8.50514410e-02, 8.71528579e-01, 8.88271289e-02, 3.17894448e+00, 4.26969484e+02, 3.91440590e+02, 3.91440590e+02, 3.58868119e+02, 3.81519842e+01, 7.10859018e+01, 9.49394055e-30
9.33125118e-02, 3.87443182e-02, 9.14651565e-01, 8.72829997e-02, 8.69297021e-01, 9.12640752e-02, 3.17650754e+00, 4.39708041e+02, 4.02179648e+02, 4.02179648e+02, 3.67854244e+02, 3.82158220e+01, 7.11773907e+01, 9.51839405e-30
9.59320948e-02, 3.97836456e-02, 9.12465293e-01, 8.95688037e-02, 8.67011217e-01, 9.37661654e-02, 3.17400544e+00, 4.52845476e+02, 4.13205780e+02, 4.13205780e+02, 3.77035933e+02, 3.82797502e+01, 7.12717704e+01, 9.54365316e-30
9.86252179e-02, 4.08495636e-02, 9.10228514e-01, 9.19099375e-02, 8.64670083e-01, 9.63350395e-02, 3.17143657e+00, 4.66395204e+02, 4.24526213e+02, 4.24526213e+02, 3.86415865e+02, 3.83437704e+01, 7.13691400e+01, 9.56974755e-30
1.01393946e-01, 4.19426849e-02, 9.07940346e-01, 9.43074940e-02, 8.62272526e-01, 9.89723725e-02, 3.16879924e+00, 4.80371129e+02, 4.36148329e+02, 4.36148329e+02, 3.95996665e+02, 3.84078845e+01, 7.14696027e+01, 9.59670820e-30
1.04240401e-01, 4.30636326e-02, 9.05599903e-01, 9.67625743e-02, 8.59817446e-01, 1.01679875e-01, 3.16609174e+00, 4.94787669e+02, 4.48079665e+02, 4.48079665e+02, 4.05780901e+02, 3.84720943e+01, 7.15732655e+01, 9.62456739e-30
1.07166765e-01, 4.42130406e-02, 9.03206303e-01, 9.92762864e-02, 8.57303734e-01, 1.04459293e-01, 3.16331232e+00, 5.09659770e+02, 4.60327916e+02, 4.60327916e+02, 4.15771075e+02, 3.85364018e+01, 7.16802394e+01, 9.65335880e-30
1.10175281e-01, 4.53915533e-02, 9.00758661e-01, 1.01849745e-01, 8.54730276e-01, 1.07312409e-01, 3.16045920e+00, 5.25002932e+02, 4.72900938e+02, 4.72900938e+02, 4.25969615e+02, 3.86008086e+01, 7.17906401e+01, 9.68311757e-30
1.13268257e-01, 4.65998259e-02, 8.98256098e-01, 1.04484069e-01, 8.52095952e-01, 1.10241041e-01, 3.15753057e+00, 5.40833227e+02, 4.85806744e+02, 4.85806744e+02, 4.36378870e+02, 3.86653168e+01, 7.19045874e+01, 9.71388037e-30
1.16448062e-01, 4.78385241e-02, 8.95697735e-01, 1.07180383e-01, 8.49399637e-01, 1.13247046e-01, 3.15452456e+00, 5.57167324e+02, 4.99053510e+02, 4.99053510e+02, 4.47001099e+02, 3.87299282e+01, 7.20222059e+01, 9.74568549e-30
1.19717134e-01, 4.91083240e-02, 8.93082699e-01, 1.09939815e-01, 8.46640206e-01, 1.16332315e-01, 3.15143930e+00, 5.74022515e+02, 5.12649577e+02, 5.12649577e+02, 4.57838467e+02, 3.87946446e+01, 7.21436252e+01, 9.77857289e-30
1.23077980e-01, 5.04099123e-02, 8.90410121e-01, 1.12763493e-01, 8.43816527e-01, 1.19498778e-01, 3.14827283e+00, 5.91416732e+02, 5.26603443e+02, 5.26603443e+02, 4.68893036e+02, 3.88594680e+01, 7.22689798e+01, 9.81258433e-30
1.26533176e-01, 5.17439860e-02, 8.87679139e-01, 1.15652549e-01, 8.40927471e-01, 1.22748400e-01, 3.14502321e+00, 6.09368579e+02, 5.40923776e+02, 5.40923776e+02, 4.80166752e+02, 3.89244003e+01, 7.23984097e+01, 9.84776344e-30
1.30085370e-01, 5.31112527e-02, 8.84888900e-01, 1.18608113e-01, 8.37971908e-01, 1.26083185e-01, 3.14168843e+00, 6.27897358e+02, 5.55619403e+02, 5.55619403e+02, 4.91661442e+02, 3.89894433e+01, 7.25320604e+01, 9.88415581e-30
1.33737286e-01, 5.45124297e-02, 8.82038557e-01, 1.21631312e-01, 8.34948708e-01, 1.29505174e-01, 3.13826644e+00, 6.47023094e+02, 5.70699316e+02, 5.70699316e+02, 5.03378802e+02, 3.90545989e+01, 7.26700830e+01, 9.92180909e-30
1.37491723e-01, 5.59482450e-02, 8.79127276e-01, 1.24723273e-01, 8.31856747e-01, 1.33016445e-01, 3.13475517e+00, 6.66766564e+02, 5.86172674e+02, 5.86172674e+02, 5.15320386e+02, 3.91198691e+01, 7.28126349e+01, 9.96077313e-30
1.41351558e-01, 5.74194362e-02, 8.76154234e-01, 1.27885117e-01, 8.28694904e-01, 1.36619112e-01, 3.13115250e+00, 6.87149330e+02, 6.02048794e+02, 6.02048794e+02, 5.27487600e+02, 3.91852556e+01, 7.29598797e+01, 1.00011001e-29
1.45319752e-01, 5.89267507e-02, 8.73118619e-01, 1.31117957e-01, 8.25462063e-01, 1.40315328e-01, 3.12745628e+00, 7.08193764e+02, 6.18337161e+02, 6.18337161e+02, 5.39881688e+02, 3.92507605e+01, 7.31119875e+01, 1.00428444e-29
1.49399346e-01, 6.04709458e-02, 8.70019635e-01, 1.34422901e-01, 8.22157120e-01, 1.44107280e-01, 3.12366433e+00, 7.29923086e+02, 6.35047417e+02, 6.35047417e+02, 5.52503722e+02, 3.93163855e+01, 7.32691355e+01, 1.00860633e-29
1.53593468e-01, 6.20527881e-02, 8.66856504e-01, 1.37801045e-01, 8.18778975e-01, 1.47997195e-01, 3.11977442e+00, 7.52361395e+02, 6.52189368e+02, 6.52189368e+02, 5.65354596e+02, 3.93821325e+01, 7.34315078e+01, 1.01308164e-29
1.57905331e-01, 6.36730536e-02, 8.63628462e-01, 1.41253476e-01, 8.15326545e-01, 1.51987331e-01, 3.11578428e+00, 7.75533701e+02, 6.69772977e+02, 6.69772977e+02, 5.78435006e+02, 3.94480034e+01, 7.35992962e+01, 1.01771664e-29
1.62338243e-01, 6.53325272e-02, 8.60334766e-01, 1.44781264e-01, 8.11798757e-01, 1.56079987e-01, 3.11169162e+00, 7.99465966e+02, 6.87808364e+02, 6.87808364e+02, 5.91745448e+02, 3.95139999e+01, 7.37727002e+01, 1.02251789e-29
1.66895601e-01, 6.70320026e-02, 8.56974693e-01, 1.48385466e-01, 8.08194554e-01, 1.60277494e-01, 3.10749412e+00, 8.24185135e+02, 7.06305804e+02, 7.06305804e+02, 6.05286199e+02, 3.95801239e+01, 7.39519276e+01, 1.02749224e-29
1.71580899e-01, 6.87722823e-02, 8.53547545e-01, 1.52067122e-01, 8.04512899e-01, 1.64582217e-01, 3.10318939e+00, 8.49719181e+02, 7.25275721e+02, 7.25275721e+02, 6.19057311e+02, 3.96463771e+01, 7.41371946e+01, 1.03264691e-29
1.76397728e-01, 7.05541769e-02, 8.50052645e-01, 1.55827249e-01, 8.00752772e-01, 1.68996556e-01, 3.09877505e+00, 8.76097140e+02, 7.44728691e+02, 7.44728691e+02, 6.33058594e+02, 3.97127613e+01, 7.43287263e+01, 1.03798944e-29
1.81349780e-01, 7.23785049e-02, 8.46489343e-01, 1.59666844e-01, 7.96913176e-01, 1.73522943e-01, 3.09424867e+00, 9.03349153e+02, 7.64675432e+02, 7.64675432e+02, 6.47289604e+02, 3.97792782e+01, 7.45267572e+01, 1.04352775e-29
1.86440853e-01, 7.42460926e-02, 8.42857018e-01, 1.63586880e-01, 7.92993141e-01, 1.78163843e-01, 3.08960777e+00, 9.31506513e+02, 7.85126802e+02, 7.85126802e+02, 6.61749636e+02, 3.98459295e+01, 7.47315315e+01, 1.04927015e-29
1.91674849e-01, 7.61577735e-02, 8.39155077e-01, 1.67588299e-01, 7.88991721e-01, 1.82921750e-01, 3.08484986e+00, 9.60601704e+02, 8.06093797e+02, 8.06093797e+02, 6.76437702e+02, 3.99127168e+01, 7.49433036e+01, 1.05522536e-29
1.97055780e-01, 7.81143880e-02, 8.35382959e-01, 1.71672018e-01, 7.84908002e-01, 1.87799189e-01, 3.07997242e+00, 9.90668448e+02, 8.27587540e+02, 8.27587540e+02, 6.91352528e+02, 3.99796417e+01, 7.51623383e+01, 1.06140253e-29
2.02587771e-01, 8.01167833e-02, 8.31540137e-01, 1.75838919e-01, 7.80741102e-01, 1.92798712e-01, 3.07497290e+00, 1.02174176e+03, 8.49619280e+02, 8.49619280e+02, 7.06492533e+02, 4.00467057e+01, 7.53889116e+01, 1.06781127e-29
2.08275063e-01, 8.21658124e-02, 8.27626118e-01, 1.80089847e-01, 7.76490174e-01, 1.97922898e-01, 3.06984871e+00, 1.05385797e+03, 8.72200384e+02, 8.72200384e+02, 7.21855818e+02, 4.01139104e+01, 7.56233110e+01, 1.07446168e-29
2.14122015e-01, 8.42623342e-02, 8.23640447e-01, 1.84425611e-01, 7.72154409e-01, 2.03174353e-01, 3.06459726e+00, 1.08705483e+03, 8.95342330e+02, 8.95342330e+02, 7.37440157e+02, 4.01812573e+01, 7.58658362e+01, 1.08136436e-29
2.20133111e-01, 8.64072127e-02, 8.19582709e-01, 1.88846979e-01, 7.67733041e-01, 2.08555704e-01, 3.05921591e+00, 1.12137150e+03, 9.19056696e+02, 9.19056696e+02, 7.53242976e+02, 4.02487476e+01, 7.61167995e+01, 1.08853047e-29
2.26312957e-01, 8.86013169e-02, 8.15452527e-01, 1.93354673e-01, 7.63225347e-01, 2.14069599e-01, 3.05370201e+00, 1.15684865e+03, 9.43355157e+02, 9.43355157e+02, 7.69261347e+02, 4.03163827e+01, 7.63765260e+01, 1.09597174e-29
2.32666291e-01, 9.08455198e-02, 8.11249571e-01, 1.97949369e-01, 7.58630652e-01, 2.19718708e-01, 3.04805290e+00, 1.19352849e+03, 9.68249472e+02, 9.68249472e+02, 7.85491969e+02, 4.03841639e+01, 7.66453551e+01, 1.10370049e-29
2.39197984e-01, 9.31406982e-02, 8.06973553e-01, 2.02631689e-01, 7.53948331e-01, 2.25505716e-01, 3.04226589e+00, 1.23145482e+03, 9.93751475e+02, 9.93751475e+02, 8.01931159e+02, 4.04520924e+01, 7.69236402e+01, 1.11172970e-29
2.45913043e-01, 9.54877322e-02, 8.02624233e-01, 2.07402205e-01, 7.49177815e-01, 2.31433322e-01, 3.03633829e+00, 1.27067315e+03, 1.01987306e+03, 1.01987306e+03, 8.18574836e+02, 4.05201693e+01, 7.72117496e+01, 1.12007303e-29
2.52816614e-01, 9.78875042e-02, 7.98201419e-01, 2.12261429e-01, 7.44318591e-01, 2.37504239e-01, 3.03026737e+00, 1.31123068e+03, 1.04662619e+03, 1.04662619e+03, 8.35418511e+02, 4.05883955e+01, 7.75100675e+01, 1.12874485e-29
2.59913992e-01, 1.00340899e-01, 7.93704972e-01, 2.17209812e-01, 7.39370208e-01, 2.43721188e-01, 3.02405042e+00, 1.35317641e+03, 1.07402284e+03, 1.07402284e+03, 8.52457271e+02, 4.06567721e+01, 7.78189943e+01, 1.13776031e-29
2.67210616e-01, 1.02848802e-01, 7.89134803e-01, 2.22247741e-01, 7.34332280e-01, 2.50086895e-01, 3.01768472e+00, 1.39656119e+03, 1.10207504e+03, 1.10207504e+03, 8.69685770e+02, 4.07252998e+01, 7.81389474e+01, 1.14713536e-29
2.74712079e-01, 1.05412101e-01, 7.84490880e-01, 2.27375534e-01, 7.29204486e-01, 2.56604090e-01, 3.01116752e+00, 1.44143780e+03, 1.13079481e+03, 1.13079481e+03, 8.87098213e+02, 4.07939795e+01, 7.84703621e+01, 1.15688680e-29
2.82424133e-01, 1.08031682e-01, 7.79773224e-01, 2.32593439e-01, 7.23986582e-01, 2.63275501e-01, 3.00449611e+00, 1.48786101e+03, 1.16019417e+03, 1.16019417e+03, 9.04688350e+02, 4.08628118e+01, 7.88136921e+01, 1.16703236e-29
2.90352688e-01, 1.10708431e-01, 7.74981917e-01, 2.37901626e-01, 7.18678395e-01, 2.70103853e-01, 2.99766776e+00, 1.53588763e+03, 1.19028514e+03, 1.19028514e+03, 9.22449460e+02, 4.09317972e+01, 7.91694105e+01, 1.17759073e-29
2.98503825e-01, 1.13443233e-01, 7.70117100e-01, 2.43300186e-01, 7.13279834e-01, 2.77091863e-01, 2.99067975e+00, 1.58557664e+03, 1.22107968e+03, 1.22107968e+03, 9.40374343e+02, 4.10009362e+01, 7.95380108e+01, 1.18858161e-29
3.06883789e-01, 1.16236971e-01, 7.65178976e-01, 2.48789130e-01, 7.07790890e-01, 2.84242233e-01, 2.98352938e+00, 1.63698918e+03, 1.25258971e+03, 1.25258971e+03, 9.58455309e+02, 4.10702290e+01, 7.99200073e+01, 1.20002580e-29
3.15499006e-01, 1.19090524e-01, 7.60167811e-01, 2.54368379e-01, 7.02211641e-01, 2.91557650e-01, 2.97621396e+00, 1.69018872e+03, 1.28482706e+03, 1.28482706e+03, 9.76684171e+02, 4.11396760e+01, 8.03159364e+01, 1.21194527e-29
3.24356081e-01, 1.22004770e-01, 7.55083934e-01, 2.60037766e-01, 6.96542255e-01, 2.99040780e-01, 2.96873083e+00, 1.74524105e+03, 1.31780348e+03, 1.31780348e+03, 9.95052234e+02, 4.12092771e+01, 8.07263574e+01, 1.22436320e-29
3.33461802e-01, 1.24980579e-01, 7.49927744e-01, 2.65797027e-01, 6.90782993e-01, 3.06694261e-01, 2.96107735e+00, 1.80221442e+03, 1.35153060e+03, 1.35153060e+03, 1.01355029e+03, 4.12790323e+01, 8.11518533e+01, 1.23730406e-29
3.42823149e-01, 1.28018820e-01, 7.44699703e-01, 2.71645804e-01, 6.84934217e-01, 3.14520701e-01, 2.95325091e+00, 1.86117961e+03, 1.38601990e+03, 1.38601990e+03, 1.03216861e+03, 4.13489414e+01, 8.15930324e+01, 1.25079375e-29
3.52447300e-01, 1.31120351e-01, 7.39400345e-01, 2.77583634e-01, 6.78996386e-01, 3.22522670e-01, 2.94524894e+00, 1.92220999e+03, 1.42128273e+03, 1.42128273e+03, 1.05089694e+03, 4.14190041e+01, 8.20505285e+01, 1.26485959e-29
3.62341632e-01, 1.34286029e-01, 7.34030273e-01, 2.83609953e-01, 6.72970068e-01, 3.30702697e-01, 2.93706891e+00, 1.98538162e+03, 1.45733021e+03, 1.45733021e+03, 1.06972449e+03, 4.14892200e+01, 8.25250028e+01, 1.27953052e-29
3.72513730e-01, 1.37516698e-01, 7.28590161e-01, 2.89724085e-01, 6.66855935e-01, 3.39063261e-01, 2.92870835e+00, 2.05077335e+03, 1.49417328e+03, 1.49417328e+03, 1.08863995e+03, 4.15595883e+01, 8.30171443e+01, 1.29483710e-29
3.82971391e-01, 1.40813196e-01, 7.23080757e-01, 2.95925246e-01, 6.60654774e-01, 3.47606790e-01, 2.92016482e+00, 2.11846688e+03, 1.53182264e+03, 1.53182264e+03, 1.10763147e+03, 4.16301084e+01, 8.35276717e+01, 1.31081169e-29
3.93722633e-01, 1.44176353e-01, 7.17502878e-01, 3.02212534e-01, 6.54367486e-01, 3.56335649e-01, 2.91143596e+00, 2.18854690e+03, 1.57028870e+03, 1.57028870e+03, 1.12668666e+03, 4.17007793e+01, 8.40573340e+01, 1.32748853e-29
4.04775697e-01, 1.47606985e-01, 7.11857418e-01, 3.08584933e-01, 6.47995088e-01, 3.65252137e-01, 2.90251947e+00, 2.26110111e+03, 1.60958160e+03, 1.60958160e+03, 1.14579260e+03, 4.17715999e+01, 8.46069121e+01, 1.34490387e-29
4.16139055e-01, 1.51105900e-01, 7.06145344e-01, 3.15041302e-01, 6.41538719e-01, 3.74358480e-01, 2.89341313e+00, 2.33622038e+03, 1.64971114e+03, 1.64971114e+03, 1.16493584e+03, 4.18425690e+01, 8.51772198e+01, 1.36309610e-29
4.27821420e-01, 1.54673893e-01, 7.00367697e-01, 3.21580380e-01, 6.34999641e-01, 3.83656823e-01, 2.88411479e+00, 2.41399881e+03, 1.69068679e+03, 1.69068679e+03, 1.18410241e+03, 4.19136853e+01, 8.57691056e+01, 1.38210589e-29
4.39831747e-01, 1.58311745e-01, 6.94525595e-01, 3.28200779e-01, 6.28379241e-01, 3.93149225e-01, 2.87462238e+00, 2.49453385e+03, 1.73251761e+03, 1.73251761e+03, 1.20327782e+03, 4.19849470e+01, 8.63834537e+01, 1.40197633e-29
4.52179242e-01, 1.62020224e-01, 6.88620228e-01, 3.34900985e-01, 6.21679036e-01, 4.02837650e-01, 2.86493396e+00, 2.57792638e+03, 1.77521225e+03, 1.77521225e+03, 1.22244706e+03, 4.20563526e+01, 8.70211854e+01, 1.42275311e-29
4.64873371e-01, 1.65800084e-01, 6.82652863e-01, 3.41679351e-01, 6.14900669e-01, 4.12723959e-01, 2.85504765e+00, 2.66428081e+03, 1.81877892e+03, 1.81877892e+03, 1.24159464e+03, 4.21279000e+01, 8.76832610e+01, 1.44448468e-29
4.77923865e-01, 1.69652062e-01, 6.76624841e-01, 3.48534103e-01, 6.08045918e-01, 4.22809906e-01, 2.84496170e+00, 2.75370522e+03, 1.86322536e+03, 1.86322536e+03, 1.26070456e+03, 4.21995872e+01, 8.83706809e+01, 1.46722243e-29
4.91340729e-01, 1.73576879e-01, 6.70537578e-01, 3.55463329e-01, 6.01116691e-01, 4.33097128e-01, 2.83467448e+00, 2.84631141e+03, 1.90855876e+03, 1.90855876e+03, 1.27976037e+03, 4.22714121e+01, 8.90844874e+01, 1.49102088e-29
5.05134247e-01, 1.77575238e-01, 6.64392563e-01, 3.62464989e-01, 5.94115032e-01, 4.43587135e-01, 2.82418447e+00, 2.94221505e+03, 1.95478580e+03, 1.95478580e+03, 1.29874515e+03, 4.23433721e+01, 8.98257662e+01, 1.51593791e-29
5.19314994e-01, 1.81647824e-01, 6.58191359e-01, 3.69536904e-01, 5.87043117e-01, 4.54281310e-01, 2.81349030e+00, 3.04153575e+03, 2.00191255e+03, 2.00191255e+03, 1.31764154e+03, 4.24154646e+01, 9.05956482e+01, 1.54203499e-29
5.33893840e-01, 1.85795303e-01, 6.51935600e-01, 3.76676764e-01, 5.79903257e-01, 4.65180893e-01, 2.80259072e+00, 3.14439722e+03, 2.04994449e+03, 2.04994449e+03, 1.33643179e+03, 4.24876870e+01, 9.13953113e+01, 1.56937737e-29
5.48881961e-01, 1.90018322e-01, 6.45626991e-01, 3.83882123e-01, 5.72697897e-01, 4.76286978e-01, 2.79148463e+00, 3.25092733e+03, 2.09888643e+03, 2.09888643e+03, 1.35509773e+03, 4.25600363e+01, 9.22259819e+01, 1.59803442e-29
5.64290847e-01, 1.94317504e-01, 6.39267309e-01, 3.91150403e-01, 5.65429617e-01, 4.87600505e-01, 2.78017111e+00, 3.36125826e+03, 2.14874252e+03, 2.14874252e+03, 1.37362085e+03, 4.26325094e+01, 9.30889370e+01, 1.62807983e-29
5.80132310e-01, 1.98693454e-01, 6.32858396e-01, 3.98478893e-01, 5.58101128e-01, 4.99122251e-01, 2.76864936e+00, 3.47552660e+03, 2.19951619e+03, 2.19951619e+03, 1.39198229e+03, 4.27051031e+01, 9.39855063e+01, 1.65959197e-29
5.96418495e-01, 2.03146750e-01, 6.26402164e-01, 4.05864750e-01, 5.50715271e-01, 5.10852824e-01, 2.75691879e+00, 3.59387345e+03, 2.25121011e+03, 2.25121011e+03, 1.41016288e+03, 4.27778139e+01, 9.49170736e+01, 1.69265416e-29
6.13161884e-01, 2.07677952e-01, 6.19900588e-01, 4.13305004e-01, 5.43275017e-01, 5.22792657e-01, 2.74497895e+00, 3.71644460e+03, 2.30382619e+03, 2.30382619e+03, 1.42814321e+03, 4.28506383e+01, 9.58850794e+01, 1.72735507e-29
6.30375315e-01, 2.12287591e-01, 6.13355704e-01, 4.20796558e-01, 5.35783462e-01, 5.34941998e-01, 2.73282961e+00, 3.84339056e+03, 2.35736552e+03, 2.35736552e+03, 1.44590359e+03, 4.29235726e+01, 9.68910226e+01, 1.76378901e-29
6.48071983e-01, 2.16976176e-01, 6.06769614e-01, 4.28336193e-01, 5.28243827e-01, 5.47300906e-01, 2.72047070e+00, 3.97486676e+03, 2.41182837e+03, 2.41182837e+03, 1.46342417e+03, 4.29966129e+01, 9.79364630e+01, 1.80205642e-29
6.66265452e-01, 2.21744190e-01, 6.00144472e-01, 4.35920570e-01, 5.20659451e-01, 5.59869245e-01, 2.70790237e+00, 4.11103366e+03, 2.46721413e+03, 2.46721413e+03, 1.48068492e+03, 4.30697552e+01, 9.90230232e+01, 1.84226422e-29
6.84969672e-01, 2.26592088e-01, 5.93482492e-01, 4.43546234e-01, 5.13033787e-01, 5.72646674e-01, 2.69512494e+00, 4.25205685e+03, 2.52352130e+03, 2.52352130e+03, 1.49766571e+03, 4.31429953e+01, 1.00152391e+02, 1.88452629e-29
7.04198979e-01, 2.31520301e-01, 5.86785940e-01, 4.51209621e-01, 5.05370400e-01, 5.85632647e-01, 2.68213896e+00, 4.39810721e+03, 2.58074748e+03, 2.58074748e+03, 1.51434633e+03, 4.32163291e+01, 1.01326323e+02, 1.92896399e-29
7.23968114e-01, 2.36529229e-01, 5.80057132e-01, 4.58907061e-01, 4.97672960e-01, 5.98826405e-01, 2.66894521e+00, 4.54936103e+03, 2.63888931e+03, 2.63888931e+03, 1.53070656e+03, 4.32897520e+01, 1.02546644e+02, 1.97570665e-29
7.44292233e-01, 2.41619247e-01, 5.73298431e-01, 4.66634785e-01, 4.89945236e-01, 6.12226970e-01, 2.65554464e+00, 4.70600014e+03, 2.69794250e+03, 2.69794250e+03, 1.54672620e+03, 4.33632597e+01, 1.03815254e+02, 2.02489214e-29
7.65186915e-01, 2.46790700e-01, 5.66512244e-01, 4.74388930e-01, 4.82191090e-01, 6.25833144e-01, 2.64193847e+00, 4.86821210e+03, 2.75790176e+03, 2.75790176e+03, 1.56238511e+03, 4.34368475e+01, 1.05134125e+02, 2.07666750e-29
7.86668179e-01, 2.52043903e-01, 5.59701019e-01, 4.82165548e-01, 4.74414472e-01, 6.39643505e-01, 2.62812811e+00, 5.03619026e+03, 2.81876082e+03, 2.81876082e+03, 1.57766330e+03, 4.35105106e+01, 1.06505312e+02, 2.13118960e-29
8.08752491e-01, 2.57379142e-01, 5.52867241e-01, 4.89960611e-01, 4.66619410e-01, 6.53656403e-01, 2.61411521e+00, 5.21013401e+03, 2.88051242e+03, 2.88051242e+03, 1.59254095e+03, 4.35842445e+01, 1.07930945e+02, 2.18862580e-29
8.31456781e-01, 2.62796674e-01, 5.46013431e-01, 4.97770018e-01, 4.58810002e-01, 6.67869956e-01, 2.59990165e+00, 5.39024883e+03, 2.94314826e+03, 2.94314826e+03, 1.60699848e+03, 4.36580441e+01, 1.09413243e+02, 2.24915475e-29
8.54798453e-01, 2.68296725e-01, 5.39142136e-01, 5.05589609e-01, 4.50990411e-01, 6.82282054e-01, 2.58548956e+00, 5.57674653e+03, 3.00665904e+03, 3.00665904e+03, 1.62101657e+03, 4.37319045e+01, 1.10954510e+02, 2.31296721e-29
8.78795401e-01, 2.73879488e-01, 5.32255933e-01, 5.13415166e-01, 4.43164855e-01, 6.96890354e-01, 2.57088126e+00, 5.76984536e+03, 3.07103443e+03, 3.07103443e+03, 1.63457630e+03, 4.38058209e+01, 1.12557141e+02, 2.38026690e-29
9.03466021e-01, 2.79545129e-01, 5.25357421e-01, 5.21242425e-01, 4.35337595e-01, 7.11692279e-01, 2.55607933e+00, 5.96977021e+03, 3.13626308e+03, 3.13626308e+03, 1.64765909e+03, 4.38797881e+01, 1.14223622e+02, 2.45127146e-29
9.28829225e-01, 2.85293778e-01, 5.18449216e-01, 5.29067090e-01, 4.27512931e-01, 7.26685022e-01, 2.54108659e+00, 6.17675277e+03, 3.20233263e+03, 3.20233263e+03, 1.66024684e+03, 4.39538011e+01, 1.15956539e+02, 2.52621347e-29
9.54904456e-01, 2.91125536e-01, 5.11533951e-01, 5.36884832e-01, 4.19695188e-01, 7.41865548e-01, 2.52590606e+00, 6.39103170e+03, 3.26922969e+03, 3.26922969e+03, 1.67232198e+03, 4.40278549e+01, 1.17758578e+02, 2.60534152e-29
9.81711702e-01, 2.97040474e-01, 5.04614268e-01, 5.44691312e-01, 4.11888709e-01, 7.57230591e-01, 2.51054102e+00, 6.61285282e+03, 3.33693988e+03, 3.33693988e+03, 1.68386748e+03, 4.41019443e+01, 1.19632528e+02, 2.68892145e-29
1.00927151e+00, 3.03038627e-01, 4.97692817e-01, 5.52482178e-01, 4.04097842e-01, 7.72776664e-01, 2.49499495e+00, 6.84246931e+03, 3.40544783e+03, 3.40544783e+03, 1.69486692e+03, 4.41760643e+01, 1.21581287e+02, 2.77723755e-29
1.03760502e+00, 3.09120002e-01, 4.90772250e-01, 5.60253087e-01, 3.96326934e-01, 7.88500057e-01, 2.47927155e+00, 7.08014192e+03, 3.47473718e+03, 3.47473718e+03, 1.70530458e+03, 4.42502098e+01, 1.23607866e+02, 2.87059398e-29
1.06673394e+00, 3.15284571e-01, 4.83855218e-01, 5.67999705e-01, 3.88580315e-01, 8.04396846e-01, 2.46337476e+00, 7.32613913e+03, 3.54479065e+03, 3.54479065e+03, 1.71516545e+03, 4.43243758e+01, 1.25715391e+02, 2.96931623e-29
1.09668060e+00, 3.21532276e-01, 4.76944367e-01, 5.75717725e-01, 3.80862295e-01, 8.20462895e-01, 2.44730872e+00, 7.58073741e+03, 3.61559000e+03, 3.61559000e+03, 1.72443528e+03, 4.43985573e+01, 1.27907109e+02, 3.07375268e-29
1.12746796e+00, 3.27863028e-01, 4.70042332e-01, 5.83402874e-01, 3.73177146e-01, 8.36693865e-01, 2.43107775e+00, 7.84422143e+03, 3.68711613e+03, 3.68711613e+03, 1.73310066e+03, 4.44727492e+01, 1.30186395e+02, 3.18427639e-29
1.15911962e+00, 3.34276704e-01, 4.63151736e-01, 5.91050924e-01, 3.65529097e-01, 8.53085220e-01, 2.41468639e+00, 8.11688426e+03, 3.75934904e+03, 3.75934904e+03, 1.74114903e+03, 4.45469468e+01, 1.32556752e+02, 3.30128685e-29
1.19165984e+00, 3.40773150e-01, 4.56275185e-01, 5.98657700e-01, 3.57922321e-01, 8.69632234e-01, 2.39813938e+00, 8.39902765e+03, 3.83226789e+03, 3.83226789e+03, 1.74856874e+03, 4.46211451e+01, 1.35021820e+02, 3.42521208e-29
1.22511358e+00, 3.47352184e-01, 4.49415262e-01, 6.06219094e-01, 3.50360927e-01, 8.86329999e-01, 2.38144161e+00, 8.69096227e+03, 3.90585108e+03, 3.90585108e+03, 1.75534909e+03, 4.46953393e+01, 1.37585378e+02, 3.55651067e-29
1.25950646e+00, 3.54013588e-01, 4.42574525e-01, 6.13731071e-01, 3.42848950e-01, 9.03173438e-01, 2.36459817e+00, 8.99300794e+03, 3.98007622e+03, 3.98007622e+03, 1.76148034e+03, 4.47695249e+01, 1.40251354e+02, 3.69567418e-29
1.29486487e+00, 3.60757118e-01, 4.35755505e-01, 6.21189681e-01, 3.35390339e-01, 9.20157307e-01, 2.34761430e+00, 9.30549391e+03, 4.05492019e+03, 4.05492019e+03, 1.76695380e+03, 4.48436971e+01, 1.43023825e+02, 3.84322962e-29
1.33121590e+00, 3.67582497e-01, 4.28960698e-01, 6.28591067e-01, 3.27988953e-01, 9.37276212e-01, 2.33049540e+00, 9.62875915e+03, 4.13035924e+03, 4.13035924e+03, 1.77176178e+03, 4.49178516e+01, 1.45907031e+02, 3.99974212e-29
1.36858742e+00, 3.74489419e-01, 4.22192565e-01, 6.35931473e-01, 3.20648547e-01, 9.54524616e-01, 2.31324699e+00, 9.96315264e+03, 4.20636897e+03, 4.20636897e+03, 1.77589770e+03, 4.49919839e+01, 1.48905371e+02, 4.16581787e-29
1.40700809e+00, 3.81477549e-01, 4.15453528e-01, 6.43207254e-01, 3.13372766e-01, 9.71896851e-01, 2.29587476e+00, 1.03090336e+04, 4.28292439e+03, 4.28292439e+03, 1.77935604e+03, 4.50660898e+01, 1.52023420e+02, 4.34210728e-29
1.44650734e+00, 3.88546523e-01, 4.08745964e-01, 6.50414881e-01, 3.06165139e-01, 9.89387129e-01, 2.27838448e+00, 1.06667720e+04, 4.35999999e+03, 4.35999999e+03, 1.78213240e+03, 4.51401651e+01, 1.55265928e+02, 4.52930830e-29
1.48711546e+00, 3.95695948e-01, 4.02072206e-01, 6.57550952e-01, 2.99029069e-01, 1.00698955e+00, 2.26078206e+00, 1.10367485e+04, 4.43756980e+03, 4.43756980e+03, 1.78422348e+03, 4.52142057e+01, 1.58637835e+02, 4.72817019e-29
1.52886359e+00, 4.02925403e-01, 3.95434536e-01, 6.64612194e-01, 2.91967826e-01, 1.02469813e+00, 2.24307348e+00, 1.14193551e+04, 4.51560739e+03, 4.51560739e+03, 1.78562711e+03, 4.52882079e+01, 1.62144269e+02, 4.93949737e-29
1.57178372e+00, 4.10234442e-01, 3.88835186e-01, 6.71595476e-01, 2.84984545e-01, 1.04250678e+00, 2.22526483e+00, 1.18149956e+04, 4.59408600e+03, 4.59408600e+03, 1.78634228e+03, 4.53621678e+01, 1.65790563e+02, 5.16415377e-29
1.61590875e+00, 4.17622591e-01, 3.82276331e-01, 6.78497805e-01, 2.78082215e-01, 1.06040936e+00, 2.20736225e+00, 1.22240854e+04, 4.67297850e+03, 4.67297850e+03, 1.78636908e+03, 4.54360819e+01, 1.69582259e+02, 5.40306739e-29
1.66127252e+00, 4.25089350e-01, 3.75760089e-01, 6.85316341e-01, 2.71263680e-01, 1.07839965e+00, 2.18937196e+00, 1.26470524e+04, 4.75225754e+03, 4.75225754e+03, 1.78570872e+03, 4.55099466e+01, 1.73525117e+02, 5.65723533e-29
1.70790980e+00, 4.32634194e-01, 3.69288519e-01, 6.92048393e-01, 2.64531627e-01, 1.09647139e+00, 2.17130022e+00, 1.30843372e+04, 4.83189552e+03, 4.83189552e+03, 1.78436354e+03, 4.55837586e+01, 1.77625126e+02, 5.92772914e-29
1.75585633e+00, 4.40256573e-01, 3.62863618e-01, 6.98691428e-01, 2.57888592e-01, 1.11461829e+00, 2.15315332e+00, 1.35363935e+04, 4.91186471e+03, 4.91186471e+03, 1.78233700e+03, 4.56575148e+01, 1.81888511e+02, 6.21570063e-29
1.80514888e+00, 4.47955916e-01, 3.56487318e-01, 7.05243072e-01, 2.51336949e-01, 1.13283403e+00, 2.13493759e+00, 1.40036882e+04, 4.99213725e+03, 4.99213725e+03, 1.77963362e+03, 4.57312122e+01, 1.86321746e+02, 6.52238820e-29
1.85582523e+00, 4.55731626e-01, 3.50161484e-01, 7.11701111e-01, 2.44878910e-01, 1.15111227e+00, 2.11665934e+00, 1.44867024e+04, 5.07268522e+03, 5.07268522e+03, 1.77625899e+03, 4.58048477e+01, 1.90931562e+02, 6.84912359e-29
1.90792422e+00, 4.63583085e-01, 3.43887915e-01, 7.18063495e-01, 2.38516525e-01, 1.16944668e+00, 2.09832493e+00, 1.49859314e+04, 5.15348072e+03, 5.15348072e+03, 1.77221974e+03, 4.58784187e+01, 1.95724959e+02, 7.19733926e-29
1.96148581e+00, 4.71509656e-01, 3.37668341e-01, 7.24328339e-01, 2.32251682e-01, 1.18783093e+00, 2.07994068e+00, 1.55018852e+04, 5.23449587e+03, 5.23449587e+03, 1.76752354e+03, 4.59519226e+01, 2.00709218e+02, 7.56857629e-29
2.01655104e+00, 4.79510678e-01, 3.31504419e-01, 7.30493920e-01, 2.26086101e-01, 1.20625872e+00, 2.06151289e+00, 1.60350891e+04, 5.31570289e+03, 5.31570289e+03, 1.76217900e+03, 4.60253569e+01, 2.05891914e+02, 7.96449301e-29
2.07316213e+00, 4.87585472e-01, 3.25397736e-01, 7.36558682e-01, 2.20021338e-01, 1.22472378e+00, 2.04304783e+00, 1.65860838e+04, 5.39707413e+03, 5.39707413e+03, 1.75619571e+03, 4.60987193e+01, 2.11280925e+02, 8.38687425e-29
2.13136247e+00, 4.95733342e-01, 3.19349807e-01, 7.42521232e-01, 2.14058789e-01, 1.24321988e+00, 2.02455173e+00, 1.71554265e+04, 5.47858214e+03, 5.47858214e+03, 1.74958415e+03, 4.61720076e+01, 2.16884447e+02, 8.83764138e-29
2.19119669e+00, 5.03953573e-01, 3.13362070e-01, 7.48380339e-01, 2.08199682e-01, 1.26174082e+00, 2.00603079e+00, 1.77436907e+04, 5.56019966e+03, 5.56019966e+03, 1.74235568e+03, 4.62452198e+01, 2.22711012e+02, 9.31886319e-29
2.25271064e+00, 5.12245431e-01, 3.07435893e-01, 7.54134932e-01, 2.02445088e-01, 1.28028050e+00, 1.98749111e+00, 1.83514673e+04, 5.64189974e+03, 5.64189974e+03, 1.73452248e+03, 4.63183540e+01, 2.28769493e+02, 9.83276760e-29
2.31595149e+00, 5.20608169e-01, 3.01572566e-01, 7.59784101e-01, 1.96795920e-01, 1.29883286e+00, 1.96893875e+00, 1.89793646e+04, 5.72365568e+03, 5.72365568e+03, 1.72609753e+03, 4.63914083e+01, 2.35069129e+02, 1.03817544e-28
2.38096772e+00, 5.29041024e-01, 2.95773306e-01, 7.65327088e-01, 1.91252932e-01, 1.31739192e+00, 1.95037969e+00, 1.96280092e+04, 5.80544117e+03, 5.80544117e+03, 1.71709453e+03, 4.64643813e+01, 2.41619533e+02, 1.09684089e-28
2.44780916e+00, 5.37543219e-01, 2.90039255e-01, 7.70763292e-01, 1.85816729e-01, 1.33595180e+00, 1.93181981e+00, 2.02980463e+04, 5.88723024e+03, 5.88723024e+03, 1.70752787e+03, 4.65372712e+01, 2.48430711e+02, 1.15955171e-28
2.51652705e+00, 5.46113963e-01, 2.84371479e-01, 7.76092256e-01, 1.80487765e-01, 1.35450669e+00, 1.91326492e+00, 2.09901406e+04, 5.96899734e+03, 5.96899734e+03, 1.69741260e+03, 4.66100767e+01, 2.55513082e+02, 1.22660812e-28
2.58717408e+00, 5.54752453e-01, 2.78770971e-01, 7.81313671e-01, 1.75266349e-01, 1.37305089e+00, 1.89472072e+00, 2.17049764e+04, 6.05071735e+03, 6.05071735e+03, 1.68676435e+03, 4.66827966e+01, 2.62877490e+02, 1.29833377e-28
2.65980440e+00, 5.63457874e-01, 2.73238647e-01, 7.86427370e-01, 1.70152651e-01, 1.39157881e+00, 1.87619280e+00, 2.24432586e+04, 6.13236561e+03, 6.13236561e+03, 1.67559928e+03, 4.67554296e+01, 2.70535227e+02, 1.37507758e-28
2.73447368e+00, 5.72229403e-01, 2.67775351e-01, 7.91433318e-01, 1.65146702e-01, 1.41008497e+00, 1.85768664e+00, 2.32057130e+04, 6.21391795e+03, 6.21391795e+03, 1.66393406e+03, 4.68279746e+01, 2.78498049e+02, 1.45721579e-28
2.81123917e+00, 5.81066203e-01, 2.62381854e-01, 7.96331616e-01, 1.60248404e-01, 1.42856399e+00, 1.83920762e+00, 2.39930872e+04, 6.29535071e+03, 6.29535071e+03, 1.65178579e+03, 4.69004307e+01, 2.86778199e+02, 1.54515418e-28
2.89015972e+00, 5.89967432e-01, 2.57058854e-01, 8.01122489e-01, 1.55457531e-01, 1.44701062e+00, 1.82076099e+00, 2.48061510e+04, 6.37664075e+03, 6.37664075e+03, 1.63917197e+03, 4.69727969e+01, 2.95388426e+02, 1.63933044e-28
2.97129582e+00, 5.98932239e-01, 2.51806978e-01, 8.05806284e-01, 1.50773736e-01, 1.46541974e+00, 1.80235187e+00, 2.56456971e+04, 6.45776550e+03, 6.45776550e+03, 1.62611042e+03, 4.70450725e+01, 3.04342007e+02, 1.74021679e-28
3.05470967e+00, 6.07959763e-01, 2.46626782e-01, 8.10383465e-01, 1.46196556e-01, 1.48378636e+00, 1.78398525e+00, 2.65125420e+04, 6.53870293e+03, 6.53870293e+03, 1.61261926e+03, 4.71172568e+01, 3.13652770e+02, 1.84832275e-28
3.14046522e+00, 6.17049141e-01, 2.41518754e-01, 8.14854604e-01, 1.41725416e-01, 1.50210561e+00, 1.76566600e+00, 2.74075263e+04, 6.61943160e+03, 6.61943160e+03, 1.59871687e+03, 4.71893492e+01, 3.23335119e+02, 1.96419821e-28
3.22862820e+00, 6.26199502e-01, 2.36483311e-01, 8.19220382e-01, 1.37359639e-01, 1.52037275e+00, 1.74739886e+00, 2.83315158e+04, 6.69993066e+03, 6.69993066e+03, 1.58442179e+03, 4.72613491e+01, 3.33404056e+02, 2.08843668e-28
3.31926620e+00, 6.35409971e-01, 2.31520808e-01, 8.23481576e-01, 1.33098444e-01, 1.53858319e+00, 1.72918842e+00, 2.92854017e+04, 6.78017986e+03, 6.78017986e+03, 1.56975272e+03, 4.73332559e+01, 3.43875209e+02, 2.22167889e-28
3.41244871e+00, 6.44679670e-01, 2.26631530e-01, 8.27639060e-01, 1.28940961e-01, 1.55673247e+00, 1.71103914e+00, 3.02701022e+04, 6.86015956e+03, 6.86015956e+03, 1.55472845e+03, 4.74050694e+01, 3.54764857e+02, 2.36461662e-28
3.50824714e+00, 6.54007716e-01, 2.21815701e-01, 8.31693793e-01, 1.24886227e-01, 1.57481628e+00, 1.69295533e+00, 3.12865622e+04, 6.93985072e+03, 6.93985072e+03, 1.53936785e+03, 4.74767892e+01, 3.66089960e+02, 2.51799689e-28
3.60673495e+00, 6.63393226e-01, 2.17073483e-01, 8.35646820e-01, 1.20933200e-01, 1.59283044e+00, 1.67494117e+00, 3.23357549e+04, 7.01923494e+03, 7.01923494e+03, 1.52368978e+03, 4.75484150e+01, 3.77868185e+02, 2.68262650e-28
3.70798763e+00, 6.72835313e-01, 2.12404976e-01, 8.39499262e-01, 1.17080758e-01, 1.61077091e+00, 1.65700070e+00, 3.34186824e+04, 7.09829444e+03, 7.09829444e+03, 1.50771306e+03, 4.76199466e+01, 3.90117942e+02, 2.85937690e-28
3.81208280e+00, 6.82333091e-01, 2.07810223e-01, 8.43252311e-01, 1.13327709e-01, 1.62863380e+00, 1.63913781e+00, 3.45363762e+04, 7.17701205e+03, 7.17701205e+03, 1.49145648e+03, 4.76913838e+01, 4.02858409e+02, 3.04918953e-28
3.91910025e+00, 6.91885673e-01, 2.03289209e-01, 8.46907226e-01, 1.09672794e-01, 1.64641535e+00, 1.62135626e+00, 3.56898985e+04, 7.25537124e+03, 7.25537124e+03, 1.47493868e+03, 4.77627266e+01, 4.16109568e+02, 3.25308160e-28
4.02912203e+00, 7.01492174e-01, 1.98841864e-01, 8.50465328e-01, 1.06114693e-01, 1.66411196e+00, 1.60365965e+00, 3.68803426e+04, 7.33335609e+03, 7.33335609e+03, 1.45817820e+03, 4.78339747e+01, 4.29892239e+02, 3.47215228e-28
4.14223247e+00, 7.11151707e-01, 1.94468065e-01, 8.53927991e-01, 1.02652029e-01, 1.68172015e+00, 1.58605146e+00, 3.81088345e+04, 7.41095131e+03, 7.41095131e+03, 1.44119336e+03, 4.79051283e+01, 4.44228119e+02, 3.70758950e-28
4.25851829e+00, 7.20863389e-01, 1.90167637e-01, 8.57296643e-01, 9.92833776e-02, 1.69923660e+00, 1.56853501e+00, 3.93765329e+04, 7.48814223e+03, 7.48814223e+03, 1.42400232e+03, 4.79761874e+01, 4.59139811e+02, 3.96067727e-28
4.37806863e+00, 7.30626340e-01, 1.85940357e-01, 8.60572755e-01, 9.60072651e-02, 1.71665811e+00, 1.55111350e+00, 4.06846309e+04, 7.56491479e+03, 7.56491479e+03, 1.40662296e+03, 4.80471519e+01, 4.74650872e+02, 4.23280363e-28
4.50097513e+00, 7.40439681e-01, 1.81785952e-01, 8.63757842e-01, 9.28221783e-02, 1.73398163e+00, 1.53378998e+00, 4.20343567e+04, 7.64125554e+03, 7.64125554e+03, 1.38907291e+03, 4.81180220e+01, 4.90785849e+02, 4.52546924e-28
4.62733201e+00, 7.50302539e-01, 1.77704105e-01, 8.66853453e-01, 8.97265677e-02, 1.75120424e+00, 1.51656737e+00, 4.34269744e+04, 7.71715162e+03, 7.71715162e+03, 1.37136952e+03, 4.81887979e+01, 5.07570319e+02, 4.84029677e-28
4.75723614e+00, 7.60214043e-01, 1.73694456e-01, 8.69861169e-01, 8.67188515e-02, 1.76832317e+00, 1.49944844e+00, 4.48637853e+04, 7.79259079e+03, 7.79259079e+03, 1.35352982e+03, 4.82594796e+01, 5.25030939e+02, 5.17904096e-28
4.89078709e+00, 7.70173327e-01, 1.69756602e-01, 8.72782600e-01, 8.37974205e-02, 1.78533577e+00, 1.48243584e+00, 4.63461289e+04, 7.86756136e+03, 7.86756136e+03, 1.33557048e+03, 4.83300673e+01, 5.43195484e+02, 5.54359961e-28
5.02808725e+00, 7.80179530e-01, 1.65890100e-01, 8.75619378e-01, 8.09606421e-02, 1.80223952e+00, 1.46553209e+00, 4.78753839e+04, 7.94205225e+03, 7.94205225e+03, 1.31750785e+03, 4.84005613e+01, 5.62092904e+02, 5.93602551e-28
5.16924187e+00, 7.90231798e-01, 1.62094471e-01, 8.78373156e-01, 7.82068640e-02, 1.81903202e+00, 1.44873959e+00, 4.94529694e+04, 8.01605293e+03, 8.01605293e+03, 1.29935786e+03, 4.84709619e+01, 5.81753364e+02, 6.35853931e-28
5.31435916e+00, 8.00329281e-01, 1.58369199e-01, 8.81045602e-01, 7.55344184e-02, 1.83571103e+00, 1.43206058e+00, 5.10803459e+04, 8.08955344e+03, 8.08955344e+03, 1.28113610e+03, 4.85412691e+01, 6.02208303e+02, 6.81354350e-28
5.46355035e+00, 8.10471136e-01, 1.54713732e-01, 8.83638395e-01, 7.29416252e-02, 1.85227439e+00, 1.41549722e+00, 5.27590165e+04, 8.16254436e+03, 8.16254436e+03, 1.26285770e+03, 4.86114835e+01, 6.23490486e+02, 7.30363759e-28
5.61692982e+00, 8.20656529e-01, 1.51127491e-01, 8.86153225e-01, 7.04267958e-02, 1.86872010e+00, 1.39905151e+00, 5.44905283e+04, 8.23501681e+03, 8.23501681e+03, 1.24453743e+03, 4.86816051e+01, 6.45634056e+02, 7.83163458e-28
5.77461515e+00, 8.30884629e-01, 1.47609861e-01, 8.88591785e-01, 6.79882359e-02, 1.88504627e+00, 1.38272534e+00, 5.62764736e+04, 8.30696243e+03, 8.30696243e+03, 1.22618957e+03, 4.87516344e+01, 6.68674600e+02, 8.40057875e-28
5.93672722e+00, 8.41154616e-01, 1.44160202e-01, 8.90955771e-01, 6.56242490e-02, 1.90125111e+00, 1.36652050e+00, 5.81184908e+04, 8.37837340e+03, 8.37837340e+03, 1.20782801e+03, 4.88215716e+01, 6.92649205e+02, 9.01376506e-28
6.10339029e+00, 8.51465677e-01, 1.40777848e-01, 8.93246881e-01, 6.33331391e-02, 1.91733295e+00, 1.35043866e+00, 6.00182661e+04, 8.44924236e+03, 8.44924236e+03, 1.18946616e+03, 4.88914172e+01, 7.17596522e+02, 9.67476008e-28
6.27473213e+00, 8.61817006e-01, 1.37462106e-01, 8.95466807e-01, 6.11132134e-02, 1.93329025e+00, 1.33448136e+00, 6.19775350e+04, 8.51956249e+03, 8.51956249e+03, 1.17111700e+03, 4.89611715e+01, 7.43556835e+02, 1.03874248e-27
6.45088409e+00, 8.72207807e-01, 1.34212261e-01, 8.97617236e-01, 5.89627849e-02, 1.94912156e+00, 1.31865005e+00, 6.39980829e+04, 8.58932741e+03, 8.58932741e+03, 1.15279305e+03, 4.90308348e+01, 7.70572126e+02, 1.11559393e-27
6.63198120e+00, 8.82637292e-01, 1.31027576e-01, 8.99699846e-01, 5.68801746e-02, 1.96482555e+00, 1.30294607e+00, 6.60817476e+04, 8.65853123e+03, 8.65853123e+03, 1.13450636e+03, 4.91004076e+01, 7.98686152e+02, 1.19848296e-27
6.81816229e+00, 8.93104682e-01, 1.27907296e-01, 9.01716306e-01, 5.48637140e-02, 1.98040097e+00, 1.28737064e+00, 6.82304198e+04, 8.72716851e+03, 8.72716851e+03, 1.11626853e+03, 4.91698902e+01, 8.27944517e+02, 1.28789964e-27
7.00957009e+00, 9.03609206e-01, 1.24850646e-01, 9.03668273e-01, 5.29117471e-02, 1.99584670e+00, 1.27192491e+00, 7.04460453e+04, 8.79523426e+03, 8.79523426e+03, 1.09809068e+03, 4.92392831e+01, 8.58394749e+02, 1.38437472e-27
7.20635132e+00, 9.14150106e-01, 1.21856835e-01, 9.05557388e-01, 5.10226321e-02, 2.01116169e+00, 1.25660992e+00, 7.27306260e+04, 8.86272390e+03, 8.86272390e+03, 1.07998348e+03, 4.93085866e+01, 8.90086386e+02, 1.48848297e-27
7.40865683e+00, 9.24726629e-01, 1.18925058e-01, 9.07385277e-01, 4.91947432e-02, 2.02634501e+00, 1.24142660e+00, 7.50862219e+04, 8.92963328e+03, 8.92963328e+03, 1.06195715e+03, 4.93778013e+01, 9.23071057e+02, 1.60084698e-27
7.61664172e+00, 9.35338035e-01, 1.16054495e-01, 9.09153548e-01, 4.74264727e-02, 2.04139581e+00, 1.22637580e+00, 7.75149528e+04, 8.99595867e+03, 8.99595867e+03, 1.04402144e+03, 4.94469274e+01, 9.57402572e+02, 1.72214111e-27
7.83046540e+00, 9.45983593e-01, 1.13244314e-01, 9.10863789e-01, 4.57162315e-02, 2.05631333e+00, 1.21145828e+00, 8.00189993e+04, 9.06169671e+03, 9.06169671e+03, 1.02618563e+03, 4.95159656e+01, 9.93137015e+02, 1.85309588e-27
8.05029181e+00, 9.56662583e-01, 1.10493675e-01, 9.12517569e-01, 4.40624516e-02, 2.07109689e+00, 1.19667472e+00, 8.26006055e+04, 9.12684444e+03, 9.12684444e+03, 1.00845858e+03, 4.95849162e+01, 1.03033284e+03, 1.99450275e-27
8.27628946e+00, 9.67374292e-01, 1.07801724e-01, 9.14116434e-01, 4.24635863e-02, 2.08574590e+00, 1.18202571e+00, 8.52620800e+04, 9.19139925e+03, 9.19139925e+03, 9.90848689e+02, 4.96537796e+01, 1.06905097e+03, 2.14721918e-27
8.50863158e+00, 9.78118021e-01, 1.05167604e-01, 9.15661909e-01, 4.09181120e-02, 2.10025986e+00, 1.16751175e+00, 8.80057980e+04, 9.25535891e+03, 9.25535891e+03, 9.73363920e+02, 4.97225564e+01, 1.10935490e+03, 2.31217429e-27
8.74749630e+00, 9.88893079e-01, 1.02590447e-01, 9.17155492e-01, 3.94245288e-02, 2.11463834e+00, 1.15313327e+00, 9.08342035e+04, 9.31872151e+03, 9.31872151e+03, 9.56011803e+02, 4.97912471e+01, 1.15131082e+03, 2.49037488e-27
8.99306672e+00, 9.99698787e-01, 1.00069381e-01, 9.18598659e-01, 3.79813614e-02, 2.12888097e+00, 1.13889064e+00, 9.37498106e+04, 9.38148550e+03, 9.38148550e+03, 9.38799446e+02, 4.98598520e+01, 1.19498770e+03, 2.68291199e-27
9.24553110e+00, 1.01053448e+00, 9.76035298e-02, 9.19992860e-01, 3.65871601e-02, 2.14298748e+00, 1.12478413e+00, 9.67552060e+04, 9.44364963e+03, 9.44364963e+03, 9.21733539e+02, 4.99283717e+01, 1.24045745e+03, 2.89096806e-27
9.50508296e+00, 1.02139949e+00, 9.51920136e-02, 9.21339519e-01, 3.52405012e-02, 2.15695766e+00, 1.11081395e+00, 9.98530510e+04, 9.50521298e+03, 9.50521298e+03, 9.04820363e+02, 4.99968067e+01, 1.28779498e+03, 3.11582466e-27
9.77192128e+00, 1.03229317e+00, 9.28339498e-02, 9.22640033e-01, 3.39399877e-02, 2.17079137e+00, 1.09698024e+00, 1.03046083e+05, 9.56617491e+03, 9.56617491e+03, 8.88065802e+02, 5.00651574e+01, 1.33707841e+03, 3.35887087e-27
1.00462506e+01, 1.04321489e+00, 9.05284548e-02, 9.23895771e-01, 3.26842497e-02, 2.18448852e+00, 1.08328309e+00, 1.06337119e+05, 9.62653509e+03, 9.62653509e+03, 8.71475347e+02, 5.01334245e+01, 1.38838915e+03, 3.62161244e-27
1.03282813e+01, 1.05416402e+00, 8.82746444e-02, 9.25108076e-01, 3.14719448e-02, 2.19804910e+00, 1.06972251e+00, 1.09729056e+05, 9.68629343e+03, 9.68629343e+03, 8.55054109e+02, 5.02016082e+01, 1.44181202e+03, 3.90568163e-27
1.06182294e+01, 1.06513995e+00, 8.60716349e-02, 9.26278262e-01, 3.03017586e-02, 2.21147316e+00, 1.05629845e+00, 1.13224876e+05, 9.74545016e+03, 9.74545016e+03, 8.38806828e+02, 5.02697093e+01, 1.49743548e+03, 4.21284802e-27
1.09163173e+01, 1.07614206e+00, 8.39185439e-02, 9.27407616e-01, 2.91724047e-02, 2.22476080e+00, 1.04301081e+00, 1.16827643e+05, 9.80400572e+03, 9.80400572e+03, 8.22737884e+02, 5.03377281e+01, 1.55535169e+03, 4.54503012e-27
1.12227736e+01, 1.08716977e+00, 8.18144912e-02, 9.28497396e-01, 2.80826248e-02, 2.23791218e+00, 1.02985943e+00, 1.20540514e+05, 9.86196082e+03, 9.86196082e+03, 8.06851307e+02, 5.04056652e+01, 1.61565673e+03, 4.90430803e-27
1.15378330e+01, 1.09822248e+00, 7.97585995e-02, 9.29548831e-01, 2.70311891e-02, 2.25092752e+00, 1.01684409e+00, 1.24366732e+05, 9.91931640e+03, 9.91931640e+03, 7.91150783e+02, 5.04735211e+01, 1.67845072e+03, 5.29293722e-27
1.18617372e+01, 1.10929963e+00, 7.77499950e-02, 9.30563124e-01, 2.60168963e-02, 2.26380708e+00, 1.00396453e+00, 1.28309637e+05, 9.97607362e+03, 9.97607362e+03, 7.75639674e+02, 5.05412964e+01, 1.74383804e+03, 5.71336339e-27
1.21947344e+01, 1.12040065e+00, 7.57878084e-02, 9.31541447e-01, 2.50385732e-02, 2.27655117e+00, 9.91220443e-01, 1.32372661e+05, 1.00322339e+04, 1.00322339e+04, 7.60321018e+02, 5.06089915e+01, 1.81192747e+03, 6.16823870e-27
1.25370799e+01, 1.13152499e+00, 7.38711753e-02, 9.32484945e-01, 2.40950753e-02, 2.28916015e+00, 9.78611460e-01, 1.36559337e+05, 1.00877987e+04, 1.00877987e+04, 7.45197549e+02, 5.06766070e+01, 1.88283239e+03, 6.66043933e-27
1.28890361e+01, 1.14267211e+00, 7.19992367e-02, 9.33394734e-01, 2.31852861e-02, 2.30163443e+00, 9.66137178e-01, 1.40873299e+05, 1.01427700e+04, 1.01427700e+04, 7.30271699e+02, 5.07441434e+01, 1.95667099e+03, 7.19308459e-27
1.32508729e+01, 1.15384147e+00, 7.01711401e-02, 9.34271904e-01, 2.23081170e-02, 2.31397446e+00, 9.53797149e-01, 1.45318284e+05, 1.01971497e+04, 1.01971497e+04, 7.15545618e+02, 5.08116013e+01, 2.03356645e+03, 7.76955759e-27
1.36228676e+01, 1.16503255e+00, 6.83860392e-02, 9.35117513e-01, 2.14625074e-02, 2.32618073e+00, 9.41590881e-01, 1.49898137e+05, 1.02509399e+04, 1.02509399e+04, 7.01021175e+02, 5.08789812e+01, 2.11364715e+03, 8.39352777e-27
1.40053055e+01, 1.17624484e+00, 6.66430952e-02, 9.35932596e-01, 2.06474245e-02, 2.33825376e+00, 9.29517848e-01, 1.54616812e+05, 1.03041429e+04, 1.03041429e+04, 6.86699978e+02, 5.09462836e+01, 2.19704692e+03, 9.06897530e-27
1.43984795e+01, 1.18747784e+00, 6.49414767e-02, 9.36718158e-01, 1.98618625e-02, 2.35019413e+00, 9.17577483e-01, 1.59478378e+05, 1.03567613e+04, 1.03567613e+04, 6.72583376e+02, 5.10135090e+01, 2.28390525e+03, 9.80021761e-27
1.48026913e+01, 1.19873106e+00, 6.32803605e-02, 9.37475178e-01, 1.91048428e-02, 2.36200243e+00, 9.05769184e-01, 1.64487018e+05, 1.04087978e+04, 1.04087978e+04, 6.58672476e+02, 5.10806581e+01, 2.37436751e+03, 1.05919382e-26
1.52182505e+01, 1.21000400e+00, 6.16589316e-02, 9.38204607e-01, 1.83754136e-02, 2.37367929e+00, 8.94092318e-01, 1.69647037e+05, 1.04602550e+04, 1.04602550e+04, 6.44968149e+02, 5.11477314e+01, 2.46858526e+03, 1.14492178e-26
1.56454759e+01, 1.22129622e+00, 6.00763839e-02, 9.38907371e-01, 1.76726493e-02, 2.38522539e+00, 8.82546217e-01, 1.74962861e+05, 1.05111360e+04, 1.05111360e+04, 6.31471043e+02, 5.12147294e+01, 2.56671643e+03, 1.23775684e-26
1.60846948e+01, 1.23260723e+00, 5.85319205e-02, 9.39584370e-01, 1.69956504e-02, 2.39664143e+00, 8.71130184e-01, 1.80439045e+05, 1.05614438e+04, 1.05614438e+04, 6.18181591e+02, 5.12816526e+01, 2.66892566e+03, 1.33829701e-26
1.65362441e+01, 1.24393658e+00, 5.70247538e-02, 9.40236478e-01, 1.63435428e-02, 2.40792812e+00, 8.59843495e-01, 1.86080271e+05, 1.06111817e+04, 1.06111817e+04, 6.05100021e+02, 5.13485017e+01, 2.77538455e+03, 1.44719111e-26
1.70004698e+01, 1.25528384e+00, 5.55541057e-02, 9.40864543e-01, 1.57154776e-02, 2.41908621e+00, 8.48685397e-01, 1.91891358e+05, 1.06603528e+04, 1.06603528e+04, 5.92226368e+02, 5.14152771e+01, 2.88627196e+03, 1.56514311e-26
1.74777277e+01, 1.26664856e+00, 5.41192085e-02, 9.41469390e-01, 1.51106309e-02, 2.43011650e+00, 8.37655110e-01, 1.97877261e+05, 1.07089607e+04, 1.07089607e+04, 5.79560479e+02, 5.14819794e+01, 3.00177433e+03, 1.69291687e-26
1.79683839e+01, 1.27803033e+00, 5.27193041e-02, 9.42051818e-01, 1.45282027e-02, 2.44101978e+00, 8.26751835e-01, 2.04043075e+05, 1.07570089e+04, 1.07570089e+04, 5.67102026e+02, 5.15486093e+01, 3.12208597e+03, 1.83134122e-26
1.84728144e+01, 1.28942872e+00, 5.13536452e-02, 9.42612603e-01, 1.39674170e-02, 2.45179687e+00, 8.15974745e-01, 2.10394044e+05, 1.08045011e+04, 1.08045011e+04, 5.54850515e+02, 5.16151672e+01, 3.24740944e+03, 1.98131557e-26
1.89914058e+01, 1.30084334e+00, 5.00214947e-02, 9.43152499e-01, 1.34275213e-02, 2.46244862e+00, 8.05322995e-01, 2.16935558e+05, 1.08514409e+04, 1.08514409e+04, 5.42805292e+02, 5.16816537e+01, 3.37795586e+03, 2.14381593e-26
1.95245558e+01, 1.31227377e+00, 4.87221263e-02, 9.43672235e-01, 1.29077856e-02, 2.47297589e+00, 7.94795719e-01, 2.23673164e+05, 1.08978321e+04, 1.08978321e+04, 5.30965554e+02, 5.17480694e+01, 3.51394527e+03, 2.31990147e-26
2.00726730e+01, 1.32371963e+00, 4.74548245e-02, 9.44172518e-01, 1.24075027e-02, 2.48337958e+00, 7.84392032e-01, 2.30612565e+05, 1.09436788e+04, 1.09436788e+04, 5.19330356e+02, 5.18144148e+01, 3.65560706e+03, 2.51072166e-26
2.06361777e+01, 1.33518054e+00, 4.62188846e-02, 9.44654034e-01, 1.19259870e-02, 2.49366058e+00, 7.74111033e-01, 2.37759627e+05, 1.09889848e+04, 1.09889848e+04, 5.07898619e+02, 5.18806906e+01, 3.80318030e+03, 2.71752397e-26
2.12155017e+01, 1.34665613e+00, 4.50136131e-02, 9.45117446e-01, 1.14625745e-02, 2.50381981e+00, 7.63951803e-01, 2.45120384e+05, 1.10337541e+04, 1.10337541e+04, 4.96669141e+02, 5.19468971e+01, 3.95691420e+03, 2.94166234e-26
2.18110892e+01, 1.35814602e+00, 4.38383275e-02, 9.45563398e-01, 1.10166221e-02, 2.51385820e+00, 7.53913409e-01, 2.52701042e+05, 1.10779910e+04, 1.10779910e+04, 4.85640598e+02, 5.20130352e+01, 4.11706850e+03, 3.18460623e-26
2.24233968e+01, 1.36964988e+00, 4.26923562e-02, 9.45992513e-01, 1.05875072e-02, 2.52377671e+00, 7.43994905e-01, 2.60507983e+05, 1.11216996e+04, 1.11216996e+04, 4.74811559e+02, 5.20791052e+01, 4.28391396e+03, 3.44795059e-26
2.30528939e+01, 1.38116734e+00, 4.15750390e-02, 9.46405394e-01, 1.01746270e-02, 2.53357628e+00, 7.34195330e-01, 2.68547771e+05, 1.11648840e+04, 1.11648840e+04, 4.64180489e+02, 5.21451078e+01, 4.45773279e+03, 3.73342661e-26
2.37000629e+01, 1.39269806e+00, 4.04857268e-02, 9.46802622e-01, 9.77739817e-03, 2.54325790e+00, 7.24513712e-01, 2.76827158e+05, 1.12075487e+04, 1.12075487e+04, 4.53745754e+02, 5.22110435e+01, 4.63881915e+03, 4.04291339e-26
2.43654001e+01, 1.40424172e+00, 3.94237819e-02, 9.47184764e-01, 9.39525649e-03, 2.55282254e+00, 7.14949070e-01, 2.85353087e+05, 1.12496978e+04, 1.12496978e+04, 4.43505634e+02, 5.22769129e+01, 4.82747966e+03, 4.37845065e-26
2.50494154e+01, 1.41579798e+00, 3.83885774e-02, 9.47552364e-01, 9.02765609e-03, 2.56227120e+00, 7.05500410e-01, 2.94132699e+05, 1.12913359e+04, 1.12913359e+04, 4.33458322e+02, 5.23427165e+01, 5.02403391e+03, 4.74225253e-26
2.57526333e+01, 1.42736654e+00, 3.73794979e-02, 9.47905951e-01, 8.67406913e-03, 2.57160488e+00, 6.96166732e-01, 3.03173341e+05, 1.13324673e+04, 1.13324673e+04, 4.23601936e+02, 5.24084550e+01, 5.22881503e+03, 5.13672258e-26
2.64755927e+01, 1.43894707e+00, 3.63959391e-02, 9.48246035e-01, 8.33398530e-03, 2.58082458e+00, 6.86947026e-01, 3.12482564e+05, 1.13730964e+04, 1.13730964e+04, 4.13934523e+02, 5.24741289e+01, 5.44217027e+03, 5.56446999e-26
2.72188479e+01, 1.45053928e+00, 3.54373078e-02, 9.48573109e-01, 8.00691130e-03, 2.58993133e+00, 6.77840276e-01, 3.22068137e+05, 1.14132277e+04, 1.14132277e+04, 4.04454063e+02, 5.25397388e+01, 5.66446156e+03, 6.02832727e-26
2.79829688e+01, 1.46214287e+00, 3.45030217e-02, 9.48887650e-01, 7.69237043e-03, 2.59892615e+00, 6.68845459e-01, 3.31938051e+05, 1.14528658e+04, 1.14528658e+04, 3.95158477e+02, 5.26052852e+01, 5.89606618e+03, 6.53136949e-26
2.87685409e+01, 1.47375755e+00, 3.35925097e-02, 9.49190118e-01, 7.38990209e-03, 2.60781006e+00, 6.59961547e-01, 3.42100522e+05, 1.14920151e+04, 1.14920151e+04, 3.86045630e+02, 5.26707687e+01, 6.13737737e+03, 7.07693504e-26
2.95761666e+01, 1.48538304e+00, 3.27052117e-02, 9.49480959e-01, 7.09906132e-03, 2.61658410e+00, 6.51187506e-01, 3.52564001e+05, 1.15306803e+04, 1.15306803e+04, 3.77113339e+02, 5.27361898e+01, 6.38880504e+03, 7.66864837e-26
3.04064649e+01, 1.49701906e+00, 3.18405781e-02, 9.49760602e-01, 6.81941839e-03, 2.62524931e+00, 6.42522300e-01, 3.63337180e+05, 1.15688658e+04, 1.15688658e+04, 3.68359377e+02, 5.28015492e+01, 6.65077645e+03, 8.31044451e-26
3.12600724e+01, 1.50866534e+00, 3.09980705e-02, 9.50029462e-01, 6.55055831e-03, 2.63380672e+00, 6.33964887e-01, 3.74428995e+05, 1.16065764e+04, 1.16065764e+04, 3.59781473e+02, 5.28668474e+01, 6.92373695e+03, 9.00659580e-26
3.21376434e+01, 1.52032162e+00, 3.01771610e-02, 9.50287940e-01, 6.29208046e-03, 2.64225739e+00, 6.25514225e-01, 3.85848639e+05, 1.16438165e+04, 1.16438165e+04, 3.51377325e+02, 5.29320849e+01, 7.20815076e+03, 9.76174092e-26
3.30398507e+01, 1.53198765e+00, 2.93773321e-02, 9.50536422e-01, 6.04359807e-03, 2.65060234e+00, 6.17169267e-01, 3.97605567e+05, 1.16805908e+04, 1.16805908e+04, 3.43144595e+02, 5.29972623e+01, 7.50450178e+03, 1.05809164e-25
3.39673858e+01, 1.54366317e+00, 2.85980772e-02, 9.50775283e-01, 5.80473789e-03, 2.65884264e+00, 6.08928967e-01, 4.09709499e+05, 1.17169039e+04, 1.17169039e+04, 3.35080922e+02, 5.30623802e+01, 7.81329438e+03, 1.14695909e-25
3.49209598e+01, 1.55534793e+00, 2.78388997e-02, 9.51004881e-01, 5.57513973e-03, 2.66697933e+00, 6.00792278e-01, 4.22170434e+05, 1.17527604e+04, 1.17527604e+04, 3.27183918e+02, 5.31274391e+01, 8.13505429e+03, 1.24337023e-25
3.59013038e+01, 1.56704171e+00, 2.70993135e-02, 9.51225564e-01, 5.35445610e-03, 2.67501346e+00, 5.92758150e-01, 4.34998655e+05, 1.17881649e+04, 1.17881649e+04, 3.19451177e+02, 5.31924396e+01, 8.47032955e+03, 1.34796982e-25
3.69091691e+01, 1.57874427e+00, 2.63788425e-02, 9.51437669e-01, 5.14235175e-03, 2.68294607e+00, 5.84825537e-01, 4.48204736e+05, 1.18231221e+04, 1.18231221e+04, 3.11880276e+02, 5.32573822e+01, 8.81969136e+03, 1.46145797e-25
3.79453285e+01, 1.59045537e+00, 2.56770206e-02, 9.51641517e-01, 4.93850336e-03, 2.69077822e+00, 5.76993391e-01, 4.61799551e+05, 1.18576366e+04, 1.18576366e+04, 3.04468778e+02, 5.33222675e+01, 9.18373517e+03, 1.58459491e-25
3.90105762e+01, 1.60217481e+00, 2.49933916e-02, 9.51837421e-01, 4.74259911e-03, 2.69851095e+00, 5.69260665e-01, 4.75794285e+05, 1.18917129e+04, 1.18917129e+04, 2.97214238e+02, 5.33870961e+01, 9.56308162e+03, 1.71820619e-25
4.01057288e+01, 1.61390235e+00, 2.43275093e-02, 9.52025682e-01, 4.55433835e-03, 2.70614529e+00, 5.61626316e-01, 4.90200438e+05, 1.19253557e+04, 1.19253557e+04, 2.90114202e+02, 5.34518685e+01, 9.95837765e+03, 1.86318825e-25
4.12316259e+01, 1.62563780e+00, 2.36789368e-02, 9.52206589e-01, 4.37343121e-03, 2.71368231e+00, 5.54089302e-01, 5.05029838e+05, 1.19585696e+04, 1.19585696e+04, 2.83166213e+02, 5.35165852e+01, 1.03702976e+04, 2.02051461e-25
4.23891306e+01, 1.63738095e+00, 2.30472468e-02, 9.52380422e-01, 4.19959828e-03, 2.72112303e+00, 5.46648582e-01, 5.20294647e+05, 1.19913591e+04, 1.19913591e+04, 2.76367813e+02, 5.35812468e+01, 1.07995444e+04, 2.19124241e-25
4.35791301e+01, 1.64913159e+00, 2.24320214e-02, 9.52547450e-01, 4.03257024e-03, 2.72846849e+00, 5.39303119e-01, 5.36007374e+05, 1.20237289e+04, 1.20237289e+04, 2.69716543e+02, 5.36458538e+01, 1.12468508e+04, 2.37651972e-25
4.48025368e+01, 1.66088953e+00, 2.18328518e-02, 9.52707933e-01, 3.87208756e-03, 2.73571973e+00, 5.32051880e-01, 5.52180883e+05, 1.20556834e+04, 1.20556834e+04, 2.63209950e+02, 5.37104068e+01, 1.17129805e+04, 2.57759329e-25
4.60602884e+01, 1.67265458e+00, 2.12493385e-02, 9.52862120e-01, 3.71790016e-03, 2.74287777e+00, 5.24893836e-01, 5.68828401e+05, 1.20872273e+04, 1.20872273e+04, 2.56845584e+02, 5.37749064e+01, 1.21987295e+04, 2.79581711e-25
4.73533492e+01, 1.68442656e+00, 2.06810907e-02, 9.53010253e-01, 3.56976708e-03, 2.74994365e+00, 5.17827959e-01, 5.85963532e+05, 1.21183649e+04, 1.21183649e+04, 2.50621004e+02, 5.38393529e+01, 1.27049278e+04, 3.03266164e-25
4.86827104e+01, 1.69620528e+00, 2.01277264e-02, 9.53152564e-01, 3.42745620e-03, 2.75691838e+00, 5.10853229e-01, 6.03600264e+05, 1.21491010e+04, 1.21491010e+04, 2.44533780e+02, 5.39037471e+01, 1.32324403e+04, 3.28972385e-25
5.00493910e+01, 1.70799057e+00, 1.95888723e-02, 9.53289277e-01, 3.29074393e-03, 2.76380298e+00, 5.03968629e-01, 6.21752985e+05, 1.21794398e+04, 1.21794398e+04, 2.38581490e+02, 5.39680894e+01, 1.37821687e+04, 3.56873811e-25
5.14544388e+01, 1.71978224e+00, 1.90641636e-02, 9.53420606e-01, 3.15941492e-03, 2.77059847e+00, 4.97173145e-01, 6.40436486e+05, 1.22093859e+04, 1.22093859e+04, 2.32761730e+02, 5.40323803e+01, 1.43550528e+04, 3.87158807e-25
5.28989308e+01, 1.73158015e+00, 1.85532437e-02, 9.53546759e-01, 3.03326180e-03, 2.77730584e+00, 4.90465771e-01, 6.59665982e+05, 1.22389438e+04, 1.22389438e+04, 2.27072107e+02, 5.40966204e+01, 1.49520723e+04, 4.20031954e-25
5.43839743e+01, 1.74338412e+00, 1.80557646e-02, 9.53667936e-01, 2.91208486e-03, 2.78392610e+00, 4.83845506e-01, 6.79457117e+05, 1.22681177e+04, 1.22681177e+04, 2.21510245e+02, 5.41608103e+01, 1.55742483e+04, 4.55715442e-25
5.59107078e+01, 1.75519399e+00, 1.75713858e-02, 9.53784329e-01, 2.79569182e-03, 2.79046026e+00, 4.77311353e-01, 6.99825979e+05, 1.22969122e+04, 1.22969122e+04, 2.16073789e+02, 5.42249503e+01, 1.62226454e+04, 4.94450597e-25
5.74803016e+01, 1.76700960e+00, 1.70997750e-02, 9.53896123e-01, 2.68389759e-03, 2.79690929e+00, 4.70862323e-01, 7.20789110e+05, 1.23253316e+04, 1.23253316e+04, 2.10760398e+02, 5.42890411e+01, 1.68983731e+04, 5.36499526e-25
5.90939590e+01, 1.77883082e+00, 1.66406078e-02, 9.54003497e-01, 2.57652396e-03, 2.80327418e+00, 4.64497431e-01, 7.42363524e+05, 1.23533802e+04, 1.23533802e+04, 2.05567755e+02, 5.43530831e+01, 1.76025879e+04, 5.82146912e-25
6.07529169e+01, 1.79065748e+00, 1.61935670e-02, 9.54106621e-01, 2.47339941e-03, 2.80955591e+00, 4.58215700e-01, 7.64566715e+05, 1.23810624e+04, 1.23810624e+04, 2.00493563e+02, 5.44170769e+01, 1.83364955e+04, 6.31701963e-25
6.24584471e+01, 1.80248944e+00, 1.57583434e-02, 9.54205662e-01, 2.37435887e-03, 2.81575545e+00, 4.52016158e-01, 7.87416672e+05, 1.24083823e+04, 1.24083823e+04, 1.95535549e+02, 5.44810230e+01, 1.91013526e+04, 6.85500530e-25
6.42118571e+01, 1.81432657e+00, 1.53346346e-02, 9.54300777e-01, 2.27924347e-03, 2.82187377e+00, 4.45897841e-01, 8.10931896e+05, 1.24353443e+04, 1.24353443e+04, 1.90691461e+02, 5.45449219e+01, 1.98984690e+04, 7.43907400e-25
6.60144909e+01, 1.82616872e+00, 1.49221457e-02, 9.54392120e-01, 2.18790033e-03, 2.82791182e+00, 4.39859791e-01, 8.35131409e+05, 1.24619526e+04, 1.24619526e+04, 1.85959073e+02, 5.46087741e+01, 2.07292103e+04, 8.07318802e-25
6.78677305e+01, 1.83801577e+00, 1.45205889e-02, 9.54479838e-01, 2.10018234e-03, 2.83387055e+00, 4.33901058e-01, 8.60034774e+05, 1.24882114e+04, 1.24882114e+04, 1.81336183e+02, 5.46725801e+01, 2.15949997e+04, 8.76165117e-25
6.97729965e+01, 1.84986758e+00, 1.41296829e-02, 9.54564073e-01, 2.01594799e-03, 2.83975091e+00, 4.28020697e-01, 8.85662107e+05, 1.25141247e+04, 1.25141247e+04, 1.76820615e+02, 5.47363403e+01, 2.24973209e+04, 9.50913825e-25
7.17317494e+01, 1.86172403e+00, 1.37491537e-02, 9.54644959e-01, 1.93506111e-03, 2.84555384e+00, 4.22217772e-01, 9.12034092e+05, 1.25396969e+04, 1.25396969e+04, 1.72410220e+02, 5.48000554e+01, 2.34377205e+04, 1.03207271e-24
7.37454909e+01, 1.87358500e+00, 1.33787335e-02, 9.54722630e-01, 1.85739072e-03, 2.85128026e+00, 4.16491355e-01, 9.39172002e+05, 1.25649319e+04, 1.25649319e+04, 1.68102875e+02, 5.48637257e+01, 2.44178105e+04, 1.12019335e-24
7.58157646e+01, 1.88545036e+00, 1.30181611e-02, 9.54797210e-01, 1.78281083e-03, 2.85693109e+00, 4.10840523e-01, 9.67097709e+05, 1.25898338e+04, 1.25898338e+04, 1.63896485e+02, 5.49273518e+01, 2.54392712e+04, 1.21587488e-24
7.79441575e+01, 1.89731999e+00, 1.26671819e-02, 9.54868820e-01, 1.71120025e-03, 2.86250725e+00, 4.05264362e-01, 9.95833705e+05, 1.26144066e+04, 1.26144066e+04, 1.59788983e+02, 5.49909341e+01, 2.65038543e+04, 1.31976810e-24
8.01323013e+01, 1.90919379e+00, 1.23255471e-02, 9.54937578e-01, 1.64244245e-03, 2.86800964e+00, 3.99761966e-01, 1.02540312e+06, 1.26386544e+04, 1.26386544e+04, 1.55778330e+02, 5.50544732e+01, 2.76133857e+04, 1.43257996e-24
8.23818733e+01, 1.92107165e+00, 1.19930143e-02, 9.55003595e-01, 1.57642533e-03, 2.87343917e+00, 3.94332436e-01, 1.05582973e+06, 1.26625811e+04, 1.26625811e+04, 1.51862516e+02, 5.51179694e+01, 2.87697685e+04, 1.55507839e-24
8.46945981e+01, 1.93295345e+00, 1.16693470e-02, 9.55066979e-01, 1.51304112e-03, 2.87879673e+00, 3.88974882e-01, 1.08713801e+06, 1.26861906e+04, 1.26861906e+04, 1.48039560e+02, 5.51814234e+01, 2.99749866e+04, 1.68809759e-24
8.70722485e+01, 1.94483908e+00, 1.13543144e-02, 9.55127834e-01, 1.45218616e-03, 2.88408319e+00, 3.83688420e-01, 1.11935308e+06, 1.27094868e+04, 1.27094868e+04, 1.44307509e+02, 5.52448355e+01, 3.12311081e+04, 1.83254371e-24
8.95166472e+01, 1.95672846e+00, 1.10476916e-02, 9.55186260e-01, 1.39376081e-03, 2.88929944e+00, 3.78472175e-01, 1.15250082e+06, 1.27324736e+04, 1.27324736e+04, 1.40664441e+02, 5.53082062e+01, 3.25402886e+04, 1.98940110e-24
9.20296681e+01, 1.96862147e+00, 1.07492590e-02, 9.55242351e-01, 1.33766926e-03, 2.89444633e+00, 3.73325281e-01, 1.18660782e+06, 1.27551548e+04, 1.27551548e+04, 1.37108463e+02, 5.53715360e+01, 3.39047750e+04, 2.15973908e-24
9.46132376e+01, 1.98051802e+00, 1.04588028e-02, 9.55296201e-01, 1.28381940e-03, 2.89952473e+00, 3.68246878e-01, 1.22170141e+06, 1.27775341e+04, 1.27775341e+04, 1.33637710e+02, 5.54348254e+01, 3.53269097e+04, 2.34471926e-24
9.72693362e+01, 1.99241802e+00, 1.01761143e-02, 9.55347898e-01, 1.23212268e-03, 2.90453550e+00, 3.63236115e-01, 1.25780971e+06, 1.27996154e+04, 1.27996154e+04, 1.30250350e+02, 5.54980747e+01, 3.68091341e+04, 2.54560348e-24
1.00000000e+02, 2.00432137e+00, 9.90099010e-03, 9.55397527e-01, 1.18249398e-03, 2.90947946e+00, 3.58292149e-01, 1.29496163e+06, 1.28214023e+04, 1.28214023e+04, 1.26944577e+02, 5.55612845e+01, 3.83539933e+04, 2.76376257e-24
