 --- Cosmological Parameters --- 
	 H0: 2.2685e-18 (1/s) = 70.0000 (km/s/Mpc) 
	 OmegaM: 3.0000e-01 
	 OmegaR: 0.0000e+00 
	 OmegaL: 7.0000e-01 
	 OmegaK: 0.0000e+00 
		 w0: -1.0000e+00 
		 wa: 0.0000e+00 
	 rho_crit: 9.2061e-30 (g/cm^3) 
z, log10(1+z), a, H0*t_look, H0*t_age, H0*t_conf, H0*t_conf_age, d_L, d_LOS, d_trans, d_ang, d_mod, H(z), rho_c(z) 
1.00000000e-04, 4.34272769e-05, 9.99900010e-01, 9.99927504e-05, 9.63999389e-01, 9.99977500e-05, 3.30497218e+00, 4.28308130e-01, 4.28265304e-01, 4.28265304e-01, 4.28222481e-01, 2.31587816e+01, 7.00031502e+01, 9.20692748e-30
1.02807322e-04, 4.46463579e-05, 9.99897203e-01, 1.02799660e-04, 9.63996582e-01, 1.02804944e-04, 3.30496937e+00, 4.40333078e-01, 4.40287813e-01, 4.40287813e-01, 4.40242553e-01, 2.32189066e+01, 7.00032387e+01, 9.20695075e-30
1.05693455e-04, 4.58996588e-05, 9.99894318e-01, 1.05685357e-04, 9.63993696e-01, 1.05690942e-04, 3.30496649e+00, 4.52695659e-01, 4.52647818e-01, 4.52647818e-01, 4.52599981e-01, 2.32790317e+01, 7.00033296e+01, 9.20697467e-30
1.08660611e-04, 4.71881402e-05, 9.99891351e-01, 1.08652052e-04, 9.63990730e-01, 1.08657955e-04, 3.30496352e+00, 4.65405356e-01, 4.65354790e-01, 4.65354790e-01, 4.65304230e-01, 2.33391569e+01, 7.00034231e+01, 9.20699926e-30
1.11711065e-04, 4.85127895e-05, 9.99888301e-01, 1.11702018e-04, 9.63987680e-01, 1.11708257e-04, 3.30496047e+00, 4.78471916e-01, 4.78418471e-01, 4.78418471e-01, 4.78365033e-01, 2.33992823e+01, 7.00035192e+01, 9.20702454e-30
1.14847155e-04, 4.98746217e-05, 9.99885166e-01, 1.14837593e-04, 9.63984544e-01, 1.14844187e-04, 3.30495733e+00, 4.91905360e-01, 4.91848873e-01, 4.91848873e-01, 4.91792392e-01, 2.34594078e+01, 7.00036180e+01, 9.20705053e-30
1.18071285e-04, 5.12746804e-05, 9.99881943e-01, 1.18061178e-04, 9.63981320e-01, 1.18068148e-04, 3.30495411e+00, 5.05715993e-01, 5.05656290e-01, 5.05656290e-01, 5.05596593e-01, 2.35195334e+01, 7.00037196e+01, 9.20707725e-30
1.21385926e-04, 5.27140387e-05, 9.99878629e-01, 1.21375245e-04, 9.63978006e-01, 1.21382611e-04, 3.30495079e+00, 5.19914407e-01, 5.19851304e-01, 5.19851304e-01, 5.19788209e-01, 2.35796593e+01, 7.00038240e+01, 9.20710472e-30
1.24793621e-04, 5.41937993e-05, 9.99875222e-01, 1.24782331e-04, 9.63974599e-01, 1.24790116e-04, 3.30494739e+00, 5.34511492e-01, 5.34444796e-01, 5.34444796e-01, 5.34378109e-01, 2.36397852e+01, 7.00039314e+01, 9.20713296e-30
1.28296980e-04, 5.57150964e-05, 9.99871719e-01, 1.28285047e-04, 9.63971097e-01, 1.28293276e-04, 3.30494388e+00, 5.49518444e-01, 5.49447952e-01, 5.49447952e-01, 5.49377468e-01, 2.36999114e+01, 7.00040418e+01, 9.20716199e-30
1.31898690e-04, 5.72790956e-05, 9.99868119e-01, 1.31886078e-04, 9.63967496e-01, 1.31894775e-04, 3.30494028e+00, 5.64946775e-01, 5.64872269e-01, 5.64872269e-01, 5.64797773e-01, 2.37600377e+01, 7.00041552e+01, 9.20719184e-30
1.35601511e-04, 5.88869955e-05, 9.99864417e-01, 1.35588181e-04, 9.63963793e-01, 1.35597374e-04, 3.30493658e+00, 5.80808319e-01, 5.80729571e-01, 5.80729571e-01, 5.80650834e-01, 2.38201641e+01, 7.00042719e+01, 9.20722253e-30
1.39408283e-04, 6.05400281e-05, 9.99860611e-01, 1.39394194e-04, 9.63959987e-01, 1.39403910e-04, 3.30493277e+00, 5.97115242e-01, 5.97032011e-01, 5.97032011e-01, 5.96948791e-01, 2.38802908e+01, 7.00043918e+01, 9.20725408e-30
1.43321923e-04, 6.22394601e-05, 9.99856699e-01, 1.43307031e-04, 9.63956075e-01, 1.43317301e-04, 3.30492886e+00, 6.13880053e-01, 6.13792083e-01, 6.13792083e-01, 6.13704126e-01, 2.39404176e+01, 7.00045151e+01, 9.20728651e-30
1.47345431e-04, 6.39865937e-05, 9.99852676e-01, 1.47329692e-04, 9.63952052e-01, 1.47340546e-04, 3.30492484e+00, 6.31115613e-01, 6.31022635e-01, 6.31022635e-01, 6.30929670e-01, 2.40005446e+01, 7.00046419e+01, 9.20731986e-30
1.51481892e-04, 6.57827676e-05, 9.99848541e-01, 1.51465257e-04, 9.63947916e-01, 1.51476729e-04, 3.30492070e+00, 6.48835142e-01, 6.48736870e-01, 6.48736870e-01, 6.48638613e-01, 2.40606718e+01, 7.00047722e+01, 9.20735414e-30
1.55734477e-04, 6.76293582e-05, 9.99844290e-01, 1.55716895e-04, 9.63943665e-01, 1.55729020e-04, 3.30491645e+00, 6.67052234e-01, 6.66948368e-01, 6.66948368e-01, 6.66844517e-01, 2.41207992e+01, 7.00049062e+01, 9.20738939e-30
1.60106446e-04, 6.95277803e-05, 9.99839919e-01, 1.60087863e-04, 9.63939294e-01, 1.60100678e-04, 3.30491208e+00, 6.85780864e-01, 6.85671084e-01, 6.85671084e-01, 6.85561321e-01, 2.41809268e+01, 7.00050440e+01, 9.20742562e-30
1.64601150e-04, 7.14794886e-05, 9.99835426e-01, 1.64581509e-04, 9.63934800e-01, 1.64595054e-04, 3.30490758e+00, 7.05035399e-01, 7.04919369e-01, 7.04919369e-01, 7.04803357e-01, 2.42410546e+01, 7.00051856e+01, 9.20746288e-30
1.69222035e-04, 7.34859785e-05, 9.99830807e-01, 1.69201276e-04, 9.63930180e-01, 1.69215592e-04, 3.30490296e+00, 7.24830611e-01, 7.24707974e-01, 7.24707974e-01, 7.24585358e-01, 2.43011826e+01, 7.00053312e+01, 9.20750118e-30
1.73972643e-04, 7.55487874e-05, 9.99826058e-01, 1.73950702e-04, 9.63925431e-01, 1.73965833e-04, 3.30489821e+00, 7.45181686e-01, 7.45052067e-01, 7.45052067e-01, 7.44922471e-01, 2.43613109e+01, 7.00054809e+01, 9.20754055e-30
1.78856616e-04, 7.76694958e-05, 9.99821175e-01, 1.78833426e-04, 9.63920548e-01, 1.78849418e-04, 3.30489333e+00, 7.66104237e-01, 7.65967239e-01, 7.65967239e-01, 7.65830265e-01, 2.44214393e+01, 7.00056348e+01, 9.20758103e-30
1.83877698e-04, 7.98497285e-05, 9.99816156e-01, 1.83853188e-04, 9.63915528e-01, 1.83870090e-04, 3.30488831e+00, 7.87614317e-01, 7.87469519e-01, 7.87469519e-01, 7.87324747e-01, 2.44815680e+01, 7.00057930e+01, 9.20762265e-30
1.89039738e-04, 8.20911560e-05, 9.99810996e-01, 1.89013832e-04, 9.63910368e-01, 1.89031697e-04, 3.30488315e+00, 8.09728428e-01, 8.09575386e-01, 8.09575386e-01, 8.09422373e-01, 2.45416969e+01, 7.00059556e+01, 9.20766543e-30
1.94346693e-04, 8.43954955e-05, 9.99805691e-01, 1.94319312e-04, 9.63905062e-01, 1.94338194e-04, 3.30487784e+00, 8.32463538e-01, 8.32301783e-01, 8.32301783e-01, 8.32140060e-01, 2.46018261e+01, 7.00061228e+01, 9.20770942e-30
1.99802631e-04, 8.67645125e-05, 9.99800237e-01, 1.99773692e-04, 9.63899608e-01, 1.99793648e-04, 3.30487238e+00, 8.55837091e-01, 8.55666127e-01, 8.55666127e-01, 8.55495197e-01, 2.46619555e+01, 7.00062948e+01, 9.20775464e-30
2.05411735e-04, 8.92000219e-05, 9.99794630e-01, 2.05381148e-04, 9.63894000e-01, 2.05402241e-04, 3.30486677e+00, 8.79867021e-01, 8.79686323e-01, 8.79686323e-01, 8.79505663e-01, 2.47220852e+01, 7.00064715e+01, 9.20780114e-30
2.11178304e-04, 9.17038897e-05, 9.99788866e-01, 2.11145976e-04, 9.63888236e-01, 2.11168270e-04, 3.30486101e+00, 9.04571766e-01, 9.04380781e-01, 9.04380781e-01, 9.04189836e-01, 2.47822151e+01, 7.00066532e+01, 9.20784894e-30
2.17106760e-04, 9.42780341e-05, 9.99782940e-01, 2.17072592e-04, 9.63882309e-01, 2.17096154e-04, 3.30485508e+00, 9.29970284e-01, 9.29768425e-01, 9.29768425e-01, 9.29566609e-01, 2.48423454e+01, 7.00068400e+01, 9.20789808e-30
2.23201647e-04, 9.69244272e-05, 9.99776848e-01, 2.23165533e-04, 9.63876216e-01, 2.23190437e-04, 3.30484899e+00, 9.56082062e-01, 9.55868711e-01, 9.55868711e-01, 9.55655407e-01, 2.49024759e+01, 7.00070321e+01, 9.20794860e-30
2.29467637e-04, 9.96450962e-05, 9.99770585e-01, 2.29429467e-04, 9.63869952e-01, 2.29455789e-04, 3.30484272e+00, 9.82927139e-01, 9.82701641e-01, 9.82701641e-01, 9.82476195e-01, 2.49626066e+01, 7.00072295e+01, 9.20800054e-30
2.35909533e-04, 1.02442125e-04, 9.99764146e-01, 2.35869190e-04, 9.63863512e-01, 2.35897010e-04, 3.30483628e+00, 1.01052612e+00, 1.01028778e+00, 1.01028778e+00, 1.01004950e+00, 2.50227377e+01, 7.00074325e+01, 9.20805394e-30
2.42532274e-04, 1.05317657e-04, 9.99757527e-01, 2.42489634e-04, 9.63856892e-01, 2.42519039e-04, 3.30482966e+00, 1.03890017e+00, 1.03864827e+00, 1.03864827e+00, 1.03839642e+00, 2.50828691e+01, 7.00076412e+01, 9.20810884e-30
2.49340937e-04, 1.08273895e-04, 9.99750721e-01, 2.49295870e-04, 9.63850086e-01, 2.49326948e-04, 3.30482285e+00, 1.06807108e+00, 1.06780484e+00, 1.06780484e+00, 1.06753865e+00, 2.51430008e+01, 7.00078558e+01, 9.20816528e-30
2.56340741e-04, 1.11313103e-04, 9.99743725e-01, 2.56293108e-04, 9.63843089e-01, 2.56325955e-04, 3.30481585e+00, 1.09806124e+00, 1.09777983e+00, 1.09777983e+00, 1.09749850e+00, 2.52031328e+01, 7.00080763e+01, 9.20822330e-30
2.63537052e-04, 1.14437609e-04, 9.99736532e-01, 2.63486707e-04, 9.63835895e-01, 2.63521424e-04, 3.30480866e+00, 1.12889365e+00, 1.12859622e+00, 1.12859622e+00, 1.12829887e+00, 2.52632651e+01, 7.00083031e+01, 9.20828296e-30
2.70935387e-04, 1.17649806e-04, 9.99729138e-01, 2.70882176e-04, 9.63828499e-01, 2.70918869e-04, 3.30480126e+00, 1.16059199e+00, 1.16027762e+00, 1.16027762e+00, 1.15996335e+00, 2.53233978e+01, 7.00085363e+01, 9.20834429e-30
2.78541416e-04, 1.20952156e-04, 9.99721536e-01, 2.78485176e-04, 9.63820896e-01, 2.78523959e-04, 3.30479365e+00, 1.19318057e+00, 1.19284832e+00, 1.19284832e+00, 1.19251615e+00, 2.53835309e+01, 7.00087759e+01, 9.20840735e-30
2.86360972e-04, 1.24347187e-04, 9.99713721e-01, 2.86301530e-04, 9.63813080e-01, 2.86342520e-04, 3.30478583e+00, 1.22668443e+00, 1.22633326e+00, 1.22633326e+00, 1.22598218e+00, 2.54436643e+01, 7.00090224e+01, 9.20847217e-30
2.94400048e-04, 1.27837499e-04, 9.99705687e-01, 2.94337222e-04, 9.63805044e-01, 2.94380545e-04, 3.30477780e+00, 1.26112927e+00, 1.26075810e+00, 1.26075810e+00, 1.26038705e+00, 2.55037980e+01, 7.00092757e+01, 9.20853882e-30
3.02664806e-04, 1.31425767e-04, 9.99697427e-01, 3.02598404e-04, 9.63796783e-01, 3.02644193e-04, 3.30476953e+00, 1.29654154e+00, 1.29614924e+00, 1.29614924e+00, 1.29575706e+00, 2.55639322e+01, 7.00095362e+01, 9.20860734e-30
3.11161583e-04, 1.35114738e-04, 9.99688935e-01, 3.11091400e-04, 9.63788290e-01, 3.11139796e-04, 3.30476104e+00, 1.33294841e+00, 1.33253378e+00, 1.33253378e+00, 1.33211927e+00, 2.56240667e+01, 7.00098040e+01, 9.20867778e-30
3.19896892e-04, 1.38907238e-04, 9.99680205e-01, 3.19822714e-04, 9.63779559e-01, 3.19873865e-04, 3.30475230e+00, 1.37037784e+00, 1.36993960e+00, 1.36993960e+00, 1.36950150e+00, 2.56842016e+01, 7.00100793e+01, 9.20875020e-30
3.28877429e-04, 1.42806171e-04, 9.99671231e-01, 3.28799028e-04, 9.63770583e-01, 3.28853091e-04, 3.30474332e+00, 1.40885857e+00, 1.40839538e+00, 1.40839538e+00, 1.40793234e+00, 2.57443370e+01, 7.00103623e+01, 9.20882466e-30
3.38110078e-04, 1.46814523e-04, 9.99662004e-01, 3.38027214e-04, 9.63761354e-01, 3.38084355e-04, 3.30473409e+00, 1.44842013e+00, 1.44793057e+00, 1.44793057e+00, 1.44744117e+00, 2.58044728e+01, 7.00106533e+01, 9.20890121e-30
3.47601918e-04, 1.50935364e-04, 9.99652519e-01, 3.47514337e-04, 9.63751867e-01, 3.47574730e-04, 3.30472460e+00, 1.48909290e+00, 1.48857547e+00, 1.48857547e+00, 1.48805821e+00, 2.58646090e+01, 7.00109524e+01, 9.20897990e-30
3.57360225e-04, 1.55171849e-04, 9.99642767e-01, 3.57267657e-04, 9.63742114e-01, 3.57331488e-04, 3.30471485e+00, 1.53090811e+00, 1.53036122e+00, 1.53036122e+00, 1.52981452e+00, 2.59247456e+01, 7.00112600e+01, 9.20906081e-30
3.67392478e-04, 1.59527223e-04, 9.99632742e-01, 3.67294641e-04, 9.63732087e-01, 3.67362106e-04, 3.30470481e+00, 1.57389786e+00, 1.57331984e+00, 1.57331984e+00, 1.57274202e+00, 2.59848827e+01, 7.00115762e+01, 9.20914400e-30
3.77706369e-04, 1.64004821e-04, 9.99622436e-01, 3.77602963e-04, 9.63721779e-01, 3.77674268e-04, 3.30469450e+00, 1.61809518e+00, 1.61748424e+00, 1.61748424e+00, 1.61687354e+00, 2.60450203e+01, 7.00119012e+01, 9.20922952e-30
3.88309805e-04, 1.68608072e-04, 9.99611841e-01, 3.88200512e-04, 9.63711181e-01, 3.88275876e-04, 3.30468390e+00, 1.66353399e+00, 1.66288827e+00, 1.66288827e+00, 1.66224281e+00, 2.61051584e+01, 7.00122354e+01, 9.20931744e-30
3.99210913e-04, 1.73340499e-04, 9.99600948e-01, 3.99095398e-04, 9.63700286e-01, 3.99175052e-04, 3.30467300e+00, 1.71024919e+00, 1.70956671e+00, 1.70956671e+00, 1.70888451e+00, 2.61652970e+01, 7.00125790e+01, 9.20940783e-30
4.10418050e-04, 1.78205728e-04, 9.99589750e-01, 4.10295959e-04, 9.63689086e-01, 4.10380147e-04, 3.30466180e+00, 1.75827666e+00, 1.75755533e+00, 1.75755533e+00, 1.75683429e+00, 2.62254361e+01, 7.00129323e+01, 9.20950076e-30
4.21939808e-04, 1.83207482e-04, 9.99578238e-01, 4.21810767e-04, 9.63677571e-01, 4.21899747e-04, 3.30465028e+00, 1.80765329e+00, 1.80689089e+00, 1.80689089e+00, 1.80612881e+00, 2.62855757e+01, 7.00132955e+01, 9.20959630e-30
4.33785019e-04, 1.88349591e-04, 9.99566403e-01, 4.33648631e-04, 9.63665733e-01, 4.33742677e-04, 3.30463843e+00, 1.85841699e+00, 1.85761119e+00, 1.85761119e+00, 1.85680573e+00, 2.63457158e+01, 7.00136688e+01, 9.20969453e-30
4.45962763e-04, 1.93635993e-04, 9.99554236e-01, 4.45818611e-04, 9.63653563e-01, 4.45918010e-04, 3.30462626e+00, 1.91060677e+00, 1.90975509e+00, 1.90975509e+00, 1.90890379e+00, 2.64058566e+01, 7.00140527e+01, 9.20979552e-30
4.58482375e-04, 1.99070734e-04, 9.99541728e-01, 4.58330018e-04, 9.63641052e-01, 4.58435074e-04, 3.30461374e+00, 1.96426271e+00, 1.96336254e+00, 1.96336254e+00, 1.96246278e+00, 2.64659979e+01, 7.00144473e+01, 9.20989934e-30
4.71353453e-04, 2.04657975e-04, 9.99528869e-01, 4.71192423e-04, 9.63628189e-01, 4.71303459e-04, 3.30460087e+00, 2.01942602e+00, 2.01847461e+00, 2.01847461e+00, 2.01752364e+00, 2.65261397e+01, 7.00148531e+01, 9.21000609e-30
4.84585864e-04, 2.10401992e-04, 9.99515649e-01, 4.84415667e-04, 9.63614966e-01, 4.84533024e-04, 3.30458764e+00, 2.07613910e+00, 2.07513352e+00, 2.07513352e+00, 2.07412842e+00, 2.65862822e+01, 7.00152702e+01, 9.21011583e-30
4.98189752e-04, 2.16307184e-04, 9.99502058e-01, 4.98009866e-04, 9.63601372e-01, 4.98133902e-04, 3.30457404e+00, 2.13444550e+00, 2.13338267e+00, 2.13338267e+00, 2.13232037e+00, 2.66464254e+01, 7.00156990e+01, 9.21022865e-30
5.12175544e-04, 2.22378069e-04, 9.99488087e-01, 5.11985418e-04, 9.63587396e-01, 5.12116515e-04, 3.30456006e+00, 2.19439003e+00, 2.19326670e+00, 2.19326670e+00, 2.19214393e+00, 2.67065691e+01, 7.00161399e+01, 9.21034465e-30
5.26553963e-04, 2.28619296e-04, 9.99473723e-01, 5.26353014e-04, 9.63573029e-01, 5.26491573e-04, 3.30454569e+00, 2.25601876e+00, 2.25483147e+00, 2.25483147e+00, 2.25364480e+00, 2.67667135e+01, 7.00165932e+01, 9.21046391e-30
5.41336030e-04, 2.35035640e-04, 9.99458957e-01, 5.41123642e-04, 9.63558258e-01, 5.41270088e-04, 3.30453091e+00, 2.31937903e+00, 2.31812414e+00, 2.31812414e+00, 2.31686994e+00, 2.68268586e+01, 7.00170592e+01, 9.21058651e-30
5.56533078e-04, 2.41632013e-04, 9.99443776e-01, 5.56308599e-04, 9.63543073e-01, 5.56463380e-04, 3.30451571e+00, 2.38451953e+00, 2.38319321e+00, 2.38319321e+00, 2.38186762e+00, 2.68870044e+01, 7.00175384e+01, 9.21071257e-30
5.72156756e-04, 2.48413463e-04, 9.99428170e-01, 5.71919498e-04, 9.63527462e-01, 5.72083090e-04, 3.30450009e+00, 2.45149034e+00, 2.45008851e+00, 2.45008851e+00, 2.44868748e+00, 2.69471509e+01, 7.00180309e+01, 9.21084216e-30
5.88219040e-04, 2.55385179e-04, 9.99412127e-01, 5.87968277e-04, 9.63511413e-01, 5.88141180e-04, 3.30448404e+00, 2.52034293e+00, 2.51886129e+00, 2.51886129e+00, 2.51738051e+00, 2.70072982e+01, 7.00185373e+01, 9.21097540e-30
6.04732245e-04, 2.62552498e-04, 9.99395633e-01, 6.04467208e-04, 9.63494914e-01, 6.04649951e-04, 3.30446753e+00, 2.59113021e+00, 2.58956422e+00, 2.58956422e+00, 2.58799917e+00, 2.70674462e+01, 7.00190580e+01, 9.21111238e-30
6.21709029e-04, 2.69920903e-04, 9.99378677e-01, 6.21428904e-04, 9.63477953e-01, 6.21622049e-04, 3.30445055e+00, 2.66390661e+00, 2.66225146e+00, 2.66225146e+00, 2.66059734e+00, 2.71275950e+01, 7.00195933e+01, 9.21125322e-30
6.39162405e-04, 2.77496033e-04, 9.99361246e-01, 6.38866336e-04, 9.63460515e-01, 6.39070474e-04, 3.30443311e+00, 2.73872806e+00, 2.73697869e+00, 2.73697869e+00, 2.73523043e+00, 2.71877446e+01, 7.00201436e+01, 9.21139801e-30
6.57105755e-04, 2.85283683e-04, 9.99343326e-01, 6.56792832e-04, 9.63442589e-01, 6.57008588e-04, 3.30441517e+00, 2.81565210e+00, 2.81380314e+00, 2.81380314e+00, 2.81195539e+00, 2.72478950e+01, 7.00207094e+01, 9.21154687e-30
6.75552832e-04, 2.93289812e-04, 9.99324903e-01, 6.75222096e-04, 9.63424160e-01, 6.75450133e-04, 3.30439673e+00, 2.89473788e+00, 2.89278365e+00, 2.89278365e+00, 2.89083074e+00, 2.73080462e+01, 7.00212911e+01, 9.21169992e-30
6.94517777e-04, 3.01520545e-04, 9.99305964e-01, 6.94168216e-04, 9.63405213e-01, 6.94409231e-04, 3.30437777e+00, 2.97604620e+00, 2.97398072e+00, 2.97398072e+00, 2.97191667e+00, 2.73681983e+01, 7.00218891e+01, 9.21185727e-30
7.14015130e-04, 3.09982178e-04, 9.99286494e-01, 7.13645671e-04, 9.63385736e-01, 7.13900404e-04, 3.30435828e+00, 3.05963960e+00, 3.05745653e+00, 3.05745653e+00, 3.05527501e+00, 2.74283514e+01, 7.00225039e+01, 9.21201904e-30
7.34059837e-04, 3.18681185e-04, 9.99266479e-01, 7.33669347e-04, 9.63365712e-01, 7.33938578e-04, 3.30433824e+00, 3.14558236e+00, 3.14327500e+00, 3.14327500e+00, 3.14096934e+00, 2.74885053e+01, 7.00231360e+01, 9.21218536e-30
7.54667263e-04, 3.27624220e-04, 9.99245902e-01, 7.54254546e-04, 9.63345127e-01, 7.54539100e-04, 3.30431764e+00, 3.23394058e+00, 3.23150188e+00, 3.23150188e+00, 3.22906501e+00, 2.75486602e+01, 7.00237859e+01, 9.21235636e-30
7.75853206e-04, 3.36818122e-04, 9.99224748e-01, 7.75416996e-04, 9.63323965e-01, 7.75717745e-04, 3.30429646e+00, 3.32478225e+00, 3.32220471e+00, 3.32220471e+00, 3.31962916e+00, 2.76088160e+01, 7.00244541e+01, 9.21253216e-30
7.97633907e-04, 3.46269924e-04, 9.99203002e-01, 7.97172868e-04, 9.63302209e-01, 7.97490733e-04, 3.30427469e+00, 3.41817724e+00, 3.41545296e+00, 3.41545296e+00, 3.41273085e+00, 2.76689729e+01, 7.00251410e+01, 9.21271291e-30
8.20026062e-04, 3.55986854e-04, 9.99180646e-01, 8.19538781e-04, 9.63279843e-01, 8.19874736e-04, 3.30425230e+00, 3.51419740e+00, 3.51131803e+00, 3.51131803e+00, 3.50844102e+00, 2.77291308e+01, 7.00258472e+01, 9.21289874e-30
8.43046837e-04, 3.65976343e-04, 9.99157663e-01, 8.42531820e-04, 9.63256850e-01, 8.42886894e-04, 3.30422929e+00, 3.61291663e+00, 3.60987334e+00, 3.60987334e+00, 3.60683261e+00, 2.77892897e+01, 7.00265733e+01, 9.21308980e-30
8.66713880e-04, 3.76246030e-04, 9.99134037e-01, 8.66169548e-04, 9.63233212e-01, 8.66544830e-04, 3.30420563e+00, 3.71441089e+00, 3.71119435e+00, 3.71119435e+00, 3.70798059e+00, 2.78494497e+01, 7.00273198e+01, 9.21328623e-30
8.91045332e-04, 3.86803767e-04, 9.99109748e-01, 8.90470017e-04, 9.63208912e-01, 8.90866657e-04, 3.30418131e+00, 3.81875830e+00, 3.81535864e+00, 3.81535864e+00, 3.81196201e+00, 2.79096109e+01, 7.00280873e+01, 9.21348818e-30
9.16059848e-04, 3.97657626e-04, 9.99084779e-01, 9.15451786e-04, 9.63183930e-01, 9.15870998e-04, 3.30415631e+00, 3.92603916e+00, 3.92244597e+00, 3.92244597e+00, 3.91885606e+00, 2.79697731e+01, 7.00288764e+01, 9.21369581e-30
9.41776601e-04, 4.08815904e-04, 9.99059110e-01, 9.41133930e-04, 9.63158248e-01, 9.41576998e-04, 3.30413060e+00, 4.03633607e+00, 4.03253832e+00, 4.03253832e+00, 4.02874415e+00, 2.80299366e+01, 7.00296876e+01, 9.21390928e-30
9.68215306e-04, 4.20287133e-04, 9.99032721e-01, 9.67536056e-04, 9.63131846e-01, 9.68004338e-04, 3.30410417e+00, 4.14973395e+00, 4.14572000e+00, 4.14572000e+00, 4.14170993e+00, 2.80901013e+01, 7.00305217e+01, 9.21412876e-30
9.95396231e-04, 4.32080081e-04, 9.99005594e-01, 9.94678319e-04, 9.63104703e-01, 9.95173250e-04, 3.30407700e+00, 4.26632009e+00, 4.26207764e+00, 4.26207764e+00, 4.25783940e+00, 2.81502672e+01, 7.00313792e+01, 9.21435441e-30
1.02334021e-03, 4.44203760e-04, 9.98977706e-01, 1.02258144e-03, 9.63076800e-01, 1.02310453e-03, 3.30404907e+00, 4.38618430e+00, 4.38170033e+00, 4.38170033e+00, 4.37722094e+00, 2.82104344e+01, 7.00322608e+01, 9.21458640e-30
1.05206867e-03, 4.56667438e-04, 9.98949037e-01, 1.05126671e-03, 9.63048115e-01, 1.05181957e-03, 3.30402036e+00, 4.50941888e+00, 4.50467965e+00, 4.50467965e+00, 4.49994540e+00, 2.82706029e+01, 7.00331672e+01, 9.21482493e-30
1.08160363e-03, 4.69480638e-04, 9.98919565e-01, 1.08075603e-03, 9.63018626e-01, 1.08134035e-03, 3.30399084e+00, 4.63611875e+00, 4.63110973e+00, 4.63110973e+00, 4.62610612e+00, 2.83307728e+01, 7.00340991e+01, 9.21507016e-30
1.11196773e-03, 4.82653152e-04, 9.98889267e-01, 1.11107189e-03, 9.62988310e-01, 1.11168946e-03, 3.30396049e+00, 4.76638153e+00, 4.76108736e+00, 4.76108736e+00, 4.75579906e+00, 2.83909440e+01, 7.00350572e+01, 9.21532230e-30
1.14318425e-03, 4.96195044e-04, 9.98858121e-01, 1.14223742e-03, 9.62957144e-01, 1.14289013e-03, 3.30392929e+00, 4.90030758e+00, 4.89471203e+00, 4.89471203e+00, 4.88912286e+00, 2.84511167e+01, 7.00360422e+01, 9.21558152e-30
1.17527712e-03, 5.10116661e-04, 9.98826103e-01, 1.17427640e-03, 9.62925105e-01, 1.17496625e-03, 3.30389721e+00, 5.03800010e+00, 5.03208601e+00, 5.03208601e+00, 5.02617885e+00, 2.85112909e+01, 7.00370549e+01, 9.21584805e-30
1.20827094e-03, 5.24428638e-04, 9.98793187e-01, 1.20721326e-03, 9.62892168e-01, 1.20794237e-03, 3.30386423e+00, 5.17956522e+00, 5.17331445e+00, 5.17331445e+00, 5.16707123e+00, 2.85714665e+01, 7.00380962e+01, 9.21612207e-30
1.24219100e-03, 5.39141905e-04, 9.98759350e-01, 1.24107312e-03, 9.62858309e-01, 1.24184372e-03, 3.30383033e+00, 5.32511204e+00, 5.31850544e+00, 5.31850544e+00, 5.31190704e+00, 2.86316437e+01, 7.00391667e+01, 9.21640380e-30
1.27706330e-03, 5.54267703e-04, 9.98724566e-01, 1.27588181e-03, 9.62823500e-01, 1.27669625e-03, 3.30379548e+00, 5.47475279e+00, 5.46777010e+00, 5.46777010e+00, 5.46079631e+00, 2.86918226e+01, 7.00402673e+01, 9.21669346e-30
1.31291459e-03, 5.69817580e-04, 9.98688807e-01, 1.31166585e-03, 9.62787716e-01, 1.31252663e-03, 3.30375965e+00, 5.62860283e+00, 5.62122265e+00, 5.62122265e+00, 5.61385214e+00, 2.87520030e+01, 7.00413989e+01, 9.21699128e-30
1.34977233e-03, 5.85803413e-04, 9.98652047e-01, 1.34845253e-03, 9.62750929e-01, 1.34936229e-03, 3.30372281e+00, 5.78678083e+00, 5.77898052e+00, 5.77898052e+00, 5.77119073e+00, 2.88121852e+01, 7.00425623e+01, 9.21729748e-30
1.38766479e-03, 6.02237406e-04, 9.98614258e-01, 1.38626988e-03, 9.62713112e-01, 1.38723140e-03, 3.30368495e+00, 5.94940878e+00, 5.94116444e+00, 5.94116444e+00, 5.93293152e+00, 2.88723691e+01, 7.00437584e+01, 9.21761229e-30
1.42662102e-03, 6.19132106e-04, 9.98575411e-01, 1.42514672e-03, 9.62674235e-01, 1.42616294e-03, 3.30364601e+00, 6.11661215e+00, 6.10789849e+00, 6.10789849e+00, 6.09919725e+00, 2.89325547e+01, 7.00449882e+01, 9.21793597e-30
1.46667087e-03, 6.36500410e-04, 9.98535477e-01, 1.46511267e-03, 9.62634269e-01, 1.46618671e-03, 3.30360599e+00, 6.28851993e+00, 6.27931025e+00, 6.27931025e+00, 6.27011406e+00, 2.89927422e+01, 7.00462526e+01, 9.21826877e-30
1.50784505e-03, 6.54355573e-04, 9.98494425e-01, 1.50619818e-03, 9.62593183e-01, 1.50733332e-03, 3.30356484e+00, 6.46526481e+00, 6.45553087e+00, 6.45553087e+00, 6.44581159e+00, 2.90529316e+01, 7.00475526e+01, 9.21861093e-30
1.55017512e-03, 6.72711224e-04, 9.98452224e-01, 1.54843453e-03, 9.62550947e-01, 1.54963425e-03, 3.30352254e+00, 6.64698320e+00, 6.63669516e+00, 6.63669516e+00, 6.62642304e+00, 2.91131229e+01, 7.00488892e+01, 9.21896273e-30
1.59369353e-03, 6.91581368e-04, 9.98408842e-01, 1.59185389e-03, 9.62507528e-01, 1.59312187e-03, 3.30347906e+00, 6.83381539e+00, 6.82294171e+00, 6.82294171e+00, 6.81208534e+00, 2.91733162e+01, 7.00502633e+01, 9.21932444e-30
1.63843365e-03, 7.10980403e-04, 9.98364246e-01, 1.63648932e-03, 9.62462892e-01, 1.63782943e-03, 3.30343435e+00, 7.02590565e+00, 7.01441300e+00, 7.01441300e+00, 7.00293914e+00, 2.92335116e+01, 7.00516762e+01, 9.21969633e-30
1.68442976e-03, 7.30923128e-04, 9.98318403e-01, 1.68237479e-03, 9.62417007e-01, 1.68379113e-03, 3.30338839e+00, 7.22340232e+00, 7.21125547e+00, 7.21125547e+00, 7.19912904e+00, 2.92937090e+01, 7.00531288e+01, 9.22007870e-30
1.73171713e-03, 7.51424755e-04, 9.98271277e-01, 1.72954523e-03, 9.62369836e-01, 1.73104214e-03, 3.30334113e+00, 7.42645798e+00, 7.41361969e+00, 7.41361969e+00, 7.40080359e+00, 2.93539086e+01, 7.00546223e+01, 9.22047184e-30
1.78033202e-03, 7.72500920e-04, 9.98222832e-01, 1.77803652e-03, 9.62321345e-01, 1.77961859e-03, 3.30329256e+00, 7.63522952e+00, 7.62166043e+00, 7.62166043e+00, 7.60811546e+00, 2.94141105e+01, 7.00561578e+01, 9.22087605e-30
1.83031168e-03, 7.94167695e-04, 9.98173032e-01, 1.82788556e-03, 9.62271496e-01, 1.82955762e-03, 3.30324262e+00, 7.84987827e+00, 7.83553679e+00, 7.83553679e+00, 7.82122152e+00, 2.94743146e+01, 7.00577366e+01, 9.22129165e-30
1.88169442e-03, 8.16441599e-04, 9.98121840e-01, 1.87913026e-03, 9.62220251e-01, 1.88089743e-03, 3.30319128e+00, 8.07057015e+00, 8.05541233e+00, 8.05541233e+00, 8.04028297e+00, 2.95345211e+01, 7.00593598e+01, 9.22171897e-30
1.93451965e-03, 8.39339613e-04, 9.98069215e-01, 1.93180958e-03, 9.62167572e-01, 1.93367727e-03, 3.30313850e+00, 8.29747580e+00, 8.28145516e+00, 8.28145516e+00, 8.26546546e+00, 2.95947300e+01, 7.00610287e+01, 9.22215832e-30
1.98882786e-03, 8.62879189e-04, 9.98015120e-01, 1.98596358e-03, 9.62113418e-01, 1.98793750e-03, 3.30308424e+00, 8.53077070e+00, 8.51383814e+00, 8.51383814e+00, 8.49693919e+00, 2.96549413e+01, 7.00627446e+01, 9.22261006e-30
2.04466067e-03, 8.87078267e-04, 9.97959511e-01, 2.04163341e-03, 9.62057748e-01, 2.04371961e-03, 3.30302846e+00, 8.77063530e+00, 8.75273892e+00, 8.75273892e+00, 8.73487906e+00, 2.97151553e+01, 7.00645089e+01, 9.22307453e-30
2.10206088e-03, 9.11955285e-04, 9.97902349e-01, 2.09886139e-03, 9.62000520e-01, 2.10106623e-03, 3.30297111e+00, 9.01725521e+00, 8.99834015e+00, 8.99834015e+00, 8.97946477e+00, 2.97753718e+01, 7.00663228e+01, 9.22355209e-30
2.16107251e-03, 9.37529196e-04, 9.97843588e-01, 2.15769097e-03, 9.61941691e-01, 2.16002122e-03, 3.30291216e+00, 9.27082128e+00, 9.25082956e+00, 9.25082956e+00, 9.23088096e+00, 2.98355910e+01, 7.00681878e+01, 9.22404312e-30
2.22174078e-03, 9.63819479e-04, 9.97783184e-01, 2.21816684e-03, 9.61881215e-01, 2.22062962e-03, 3.30285155e+00, 9.53152981e+00, 9.51040016e+00, 9.51040016e+00, 9.48931736e+00, 2.98958131e+01, 7.00701053e+01, 9.22454799e-30
2.28411221e-03, 9.90846156e-04, 9.97721093e-01, 2.28033493e-03, 9.61819047e-01, 2.28293777e-03, 3.30278924e+00, 9.79958268e+00, 9.77725034e+00, 9.77725034e+00, 9.75496890e+00, 2.99560379e+01, 7.00720769e+01, 9.22506710e-30
2.34823460e-03, 1.01862981e-03, 9.97657267e-01, 2.34424242e-03, 9.61755139e-01, 2.34699327e-03, 3.30272518e+00, 1.00751875e+01, 1.00515840e+01, 1.00515840e+01, 1.00280359e+01, 3.00162657e+01, 7.00741040e+01, 9.22560085e-30
2.41415712e-03, 1.04719158e-03, 9.97591657e-01, 2.40993781e-03, 9.61689444e-01, 2.41284510e-03, 3.30265933e+00, 1.03585579e+01, 1.03336109e+01, 1.03336109e+01, 1.03087240e+01, 3.00764965e+01, 7.00761882e+01, 9.22614965e-30
2.48193029e-03, 1.07655322e-03, 9.97524214e-01, 2.47747094e-03, 9.61621911e-01, 2.48054355e-03, 3.30259163e+00, 1.06499133e+01, 1.06235464e+01, 1.06235464e+01, 1.05972448e+01, 3.01367304e+01, 7.00783312e+01, 9.22671394e-30
2.55160607e-03, 1.10673706e-03, 9.97454888e-01, 2.54689303e-03, 9.61552489e-01, 2.55014036e-03, 3.30252204e+00, 1.09494797e+01, 1.09216121e+01, 1.09216121e+01, 1.08938154e+01, 3.01969674e+01, 7.00805345e+01, 9.22729415e-30
2.62323788e-03, 1.13776607e-03, 9.97383625e-01, 2.61825672e-03, 9.61481125e-01, 2.62168870e-03, 3.30245049e+00, 1.12574895e+01, 1.12280357e+01, 1.12280357e+01, 1.11986589e+01, 3.02572078e+01, 7.00828000e+01, 9.22789073e-30
2.69688063e-03, 1.16966386e-03, 9.97310373e-01, 2.69161609e-03, 9.61407766e-01, 2.69524321e-03, 3.30237693e+00, 1.15741815e+01, 1.15430512e+01, 1.15430512e+01, 1.15120047e+01, 3.03174514e+01, 7.00851293e+01, 9.22850414e-30
2.77259076e-03, 1.20245468e-03, 9.97235075e-01, 2.76702674e-03, 9.61332355e-01, 2.77086009e-03, 3.30230132e+00, 1.18998014e+01, 1.18668994e+01, 1.18668994e+01, 1.18340883e+01, 3.03776986e+01, 7.00875243e+01, 9.22913487e-30
2.85042632e-03, 1.23616346e-03, 9.97157676e-01, 2.84454579e-03, 9.61254836e-01, 2.84859709e-03, 3.30222358e+00, 1.22346022e+01, 1.21998275e+01, 1.21998275e+01, 1.21651516e+01, 3.04379493e+01, 7.00899868e+01, 9.22978341e-30
2.93044698e-03, 1.27081583e-03, 9.97078115e-01, 2.92423194e-03, 9.61175150e-01, 2.92851356e-03, 3.30214366e+00, 1.25788436e+01, 1.25420897e+01, 1.25420897e+01, 1.25054432e+01, 3.04982036e+01, 7.00925187e+01, 9.23045026e-30
3.01271407e-03, 1.30643812e-03, 9.96996335e-01, 3.00614551e-03, 9.61093236e-01, 3.01067054e-03, 3.30206151e+00, 1.29327932e+01, 1.28939475e+01, 1.28939475e+01, 1.28552184e+01, 3.05584617e+01, 7.00951221e+01, 9.23113594e-30
3.09729067e-03, 1.34305740e-03, 9.96912273e-01, 3.09034848e-03, 9.61009033e-01, 3.09513075e-03, 3.30197705e+00, 1.32967260e+01, 1.32556694e+01, 1.32556694e+01, 1.32147395e+01, 3.06187236e+01, 7.00977988e+01, 9.23184099e-30
3.18424160e-03, 1.38070148e-03, 9.96825866e-01, 3.17690454e-03, 9.60922477e-01, 3.18195867e-03, 3.30189022e+00, 1.36709249e+01, 1.36275316e+01, 1.36275316e+01, 1.35842760e+01, 3.06789895e+01, 7.01005511e+01, 9.23256595e-30
3.27363353e-03, 1.41939895e-03, 9.96737048e-01, 3.26587915e-03, 9.60833502e-01, 3.27122057e-03, 3.30180096e+00, 1.40556810e+01, 1.40098179e+01, 1.40098179e+01, 1.39641046e+01, 3.07392595e+01, 7.01033811e+01, 9.23331140e-30
3.36553498e-03, 1.45917918e-03, 9.96645754e-01, 3.35733956e-03, 9.60742042e-01, 3.36298459e-03, 3.30170919e+00, 1.44512934e+01, 1.44028202e+01, 1.44028202e+01, 1.43545096e+01, 3.07995336e+01, 7.01062908e+01, 9.23407791e-30
3.46001639e-03, 1.50007238e-03, 9.96551914e-01, 3.45135486e-03, 9.60648027e-01, 3.45732075e-03, 3.30161486e+00, 1.48580703e+01, 1.48068383e+01, 1.48068383e+01, 1.47557831e+01, 3.08598120e+01, 7.01092828e+01, 9.23486608e-30
3.55715021e-03, 1.54210957e-03, 9.96455458e-01, 3.54799607e-03, 9.60551386e-01, 3.55430103e-03, 3.30151788e+00, 1.52763282e+01, 1.52221806e+01, 1.52221806e+01, 1.51682249e+01, 3.09200949e+01, 7.01123591e+01, 9.23567654e-30
3.65701088e-03, 1.58532264e-03, 9.96356314e-01, 3.64733613e-03, 9.60452046e-01, 3.65399942e-03, 3.30141818e+00, 1.57063930e+01, 1.56491638e+01, 1.56491638e+01, 1.55921432e+01, 3.09803823e+01, 7.01155223e+01, 9.23650992e-30
3.75967497e-03, 1.62974435e-03, 9.96254407e-01, 3.74945002e-03, 9.60349932e-01, 3.75649198e-03, 3.30131568e+00, 1.61485998e+01, 1.60881138e+01, 1.60881138e+01, 1.60278542e+01, 3.10406744e+01, 7.01187748e+01, 9.23736686e-30
3.86522116e-03, 1.67540839e-03, 9.96149661e-01, 3.85441475e-03, 9.60244967e-01, 3.86185688e-03, 3.30121032e+00, 1.66032935e+01, 1.65393652e+01, 1.65393652e+01, 1.64756831e+01, 3.11009712e+01, 7.01221192e+01, 9.23824804e-30
3.97373038e-03, 1.72234936e-03, 9.96041998e-01, 3.96230945e-03, 9.60137072e-01, 3.97017447e-03, 3.30110200e+00, 1.70708287e+01, 1.70032623e+01, 1.70032623e+01, 1.69359634e+01, 3.11612730e+01, 7.01255580e+01, 9.23915416e-30
4.08528580e-03, 1.77060283e-03, 9.95931336e-01, 4.07321543e-03, 9.60026166e-01, 4.08152735e-03, 3.30099065e+00, 1.75515702e+01, 1.74801588e+01, 1.74801588e+01, 1.74090379e+01, 3.12215799e+01, 7.01290939e+01, 9.24008591e-30
4.19997295e-03, 1.82020534e-03, 9.95817593e-01, 4.18721622e-03, 9.59912165e-01, 4.19600040e-03, 3.30087618e+00, 1.80458935e+01, 1.79704182e+01, 1.79704182e+01, 1.78952586e+01, 3.12818919e+01, 7.01327297e+01, 9.24104404e-30
4.31787973e-03, 1.87119444e-03, 9.95700684e-01, 4.30439766e-03, 9.59794984e-01, 4.31368090e-03, 3.30075850e+00, 1.85541846e+01, 1.84744143e+01, 1.84744143e+01, 1.83949870e+01, 3.13422094e+01, 7.01364683e+01, 9.24202929e-30
4.43909653e-03, 1.92360874e-03, 9.95580522e-01, 4.42484790e-03, 9.59674534e-01, 4.43465853e-03, 3.30063752e+00, 1.90768409e+01, 1.89925312e+01, 1.89925312e+01, 1.89085941e+01, 3.14025323e+01, 7.01403126e+01, 9.24304245e-30
4.56371628e-03, 1.97748788e-03, 9.95457017e-01, 4.54865753e-03, 9.59550724e-01, 4.55902548e-03, 3.30051315e+00, 1.96142710e+01, 1.95251637e+01, 1.95251637e+01, 1.94364612e+01, 3.14628609e+01, 7.01442655e+01, 9.24408430e-30
4.69183451e-03, 2.03287261e-03, 9.95330076e-01, 4.67591962e-03, 9.59423462e-01, 4.68687651e-03, 3.30038530e+00, 2.01668954e+01, 2.00727176e+01, 2.00727176e+01, 1.99789795e+01, 3.15231952e+01, 7.01483301e+01, 9.24515567e-30
4.82354943e-03, 2.08980480e-03, 9.95199606e-01, 4.80672975e-03, 9.59292652e-01, 4.81830900e-03, 3.30025387e+00, 2.07351469e+01, 2.06356100e+01, 2.06356100e+01, 2.05365509e+01, 3.15835356e+01, 7.01525097e+01, 9.24625740e-30
4.95896201e-03, 2.14832749e-03, 9.95065508e-01, 4.94118615e-03, 9.59158195e-01, 4.95342306e-03, 3.30011875e+00, 2.13194704e+01, 2.12142696e+01, 2.12142696e+01, 2.11095880e+01, 3.16438821e+01, 7.01568076e+01, 9.24739036e-30
5.09817606e-03, 2.20848488e-03, 9.94927683e-01, 5.07938971e-03, 9.59019992e-01, 5.09232158e-03, 3.29997986e+00, 2.19203240e+01, 2.18091372e+01, 2.18091372e+01, 2.16985143e+01, 3.17042348e+01, 7.01612270e+01, 9.24855545e-30
5.24129830e-03, 2.27032240e-03, 9.94786030e-01, 5.22144405e-03, 9.58877938e-01, 5.23511030e-03, 3.29983707e+00, 2.25381789e+01, 2.24206655e+01, 2.24206655e+01, 2.23037648e+01, 3.17645941e+01, 7.01657715e+01, 9.24975358e-30
5.38843844e-03, 2.33388671e-03, 9.94640441e-01, 5.36745564e-03, 9.58731926e-01, 5.38189793e-03, 3.29969028e+00, 2.31735200e+01, 2.30493201e+01, 2.30493201e+01, 2.29257859e+01, 3.18249600e+01, 7.01704446e+01, 9.25098570e-30
5.53970928e-03, 2.39922578e-03, 9.94490810e-01, 5.51753384e-03, 9.58581848e-01, 5.53279616e-03, 3.29953938e+00, 2.38268461e+01, 2.36955794e+01, 2.36955794e+01, 2.35650360e+01, 3.18853328e+01, 7.01752499e+01, 9.25225279e-30
5.69522678e-03, 2.46638889e-03, 9.94337025e-01, 5.67179096e-03, 9.58427591e-01, 5.68791982e-03, 3.29938426e+00, 2.44986706e+01, 2.43599352e+01, 2.43599352e+01, 2.42219855e+01, 3.19457126e+01, 7.01801914e+01, 9.25355584e-30
5.85511016e-03, 2.53542665e-03, 9.94178973e-01, 5.83034240e-03, 9.58269039e-01, 5.84738692e-03, 3.29922479e+00, 2.51895217e+01, 2.50428928e+01, 2.50428928e+01, 2.48971174e+01, 3.20060996e+01, 7.01852728e+01, 9.25489590e-30
6.01948197e-03, 2.60639109e-03, 9.94016535e-01, 5.99330664e-03, 9.58106075e-01, 6.01131873e-03, 3.29906086e+00, 2.58999431e+01, 2.57449717e+01, 2.57449717e+01, 2.55909276e+01, 3.20664940e+01, 7.01904981e+01, 9.25627402e-30
6.18846824e-03, 2.67933564e-03, 9.93849593e-01, 6.16080542e-03, 9.57938576e-01, 6.17983991e-03, 3.29889234e+00, 2.66304940e+01, 2.64667057e+01, 2.64667057e+01, 2.63039247e+01, 3.21268961e+01, 7.01958716e+01, 9.25769130e-30
6.36219849e-03, 2.75431521e-03, 9.93678023e-01, 6.33296373e-03, 9.57766418e-01, 6.35307858e-03, 3.29871910e+00, 2.73817503e+01, 2.72086435e+01, 2.72086435e+01, 2.70366311e+01, 3.21873060e+01, 7.02013973e+01, 9.25914886e-30
6.54080591e-03, 2.83138620e-03, 9.93501698e-01, 6.50990998e-03, 9.57589472e-01, 6.53116640e-03, 3.29854101e+00, 2.81543041e+01, 2.79713490e+01, 2.79713490e+01, 2.77895827e+01, 3.22477240e+01, 7.02070797e+01, 9.26064787e-30
6.72442742e-03, 2.91060657e-03, 9.93320488e-01, 6.69177602e-03, 9.57407606e-01, 6.71423868e-03, 3.29835794e+00, 2.89487653e+01, 2.87554017e+01, 2.87554017e+01, 2.85633297e+01, 3.23081502e+01, 7.02129232e+01, 9.26218951e-30
6.91320378e-03, 2.99203585e-03, 9.93134260e-01, 6.87869728e-03, 9.57220684e-01, 6.90243452e-03, 3.29816974e+00, 2.97657612e+01, 2.95613973e+01, 2.95613973e+01, 2.93584364e+01, 3.23685850e+01, 7.02189325e+01, 9.26377502e-30
7.10727970e-03, 3.07573520e-03, 9.92942877e-01, 7.07081280e-03, 9.57028569e-01, 7.09589682e-03, 3.29797628e+00, 3.06059377e+01, 3.03899479e+01, 3.03899479e+01, 3.01754823e+01, 3.24290285e+01, 7.02251123e+01, 9.26540566e-30
7.30680395e-03, 3.16176744e-03, 9.92746198e-01, 7.26826542e-03, 9.56831116e-01, 7.29477249e-03, 3.29777740e+00, 3.14699593e+01, 3.12416825e+01, 3.12416825e+01, 3.10150615e+01, 3.24894809e+01, 7.02314675e+01, 9.26708273e-30
7.51192949e-03, 3.25019713e-03, 9.92544079e-01, 7.47120177e-03, 9.56628180e-01, 7.49921247e-03, 3.29757296e+00, 3.23585102e+01, 3.21172477e+01, 3.21172477e+01, 3.18777840e+01, 3.25499426e+01, 7.02380031e+01, 9.26880757e-30
7.72281357e-03, 3.34109055e-03, 9.92336371e-01, 7.67977245e-03, 9.56419609e-01, 7.70937191e-03, 3.29736281e+00, 3.32722944e+01, 3.30173079e+01, 3.30173079e+01, 3.27642755e+01, 3.26104138e+01, 7.02447244e+01, 9.27058157e-30
7.93961785e-03, 3.43451582e-03, 9.92122923e-01, 7.89413208e-03, 9.56205250e-01, 7.92541023e-03, 3.29714677e+00, 3.42120368e+01, 3.39425459e+01, 3.39425459e+01, 3.36751779e+01, 3.26708946e+01, 7.02516366e+01, 9.27240615e-30
8.16250851e-03, 3.53054289e-03, 9.91903579e-01, 8.11443943e-03, 9.55984942e-01, 8.14749128e-03, 3.29692469e+00, 3.51784832e+01, 3.48936634e+01, 3.48936634e+01, 3.46111496e+01, 3.27313856e+01, 7.02587453e+01, 9.27428276e-30
8.39165644e-03, 3.62924361e-03, 9.91678177e-01, 8.34085751e-03, 9.55758524e-01, 8.37578344e-03, 3.29669639e+00, 3.61724018e+01, 3.58713815e+01, 3.58713815e+01, 3.55728662e+01, 3.27918867e+01, 7.02660560e+01, 9.27621292e-30
8.62723729e-03, 3.73069181e-03, 9.91446555e-01, 8.57355368e-03, 9.55525828e-01, 8.61045973e-03, 3.29646172e+00, 3.71945831e+01, 3.68764413e+01, 3.68764413e+01, 3.65610207e+01, 3.28523985e+01, 7.02735746e+01, 9.27819819e-30
8.86943166e-03, 3.83496328e-03, 9.91208544e-01, 8.81269978e-03, 9.55286682e-01, 8.85169796e-03, 3.29622048e+00, 3.82458408e+01, 3.79096041e+01, 3.79096041e+01, 3.75763235e+01, 3.29129211e+01, 7.02813072e+01, 9.28024015e-30
9.11842520e-03, 3.94213590e-03, 9.90963969e-01, 9.05847222e-03, 9.55040909e-01, 9.09968086e-03, 3.29597250e+00, 3.93270128e+01, 3.89716527e+01, 3.89716527e+01, 3.86195037e+01, 3.29734548e+01, 7.02892598e+01, 9.28234046e-30
9.37440879e-03, 4.05228964e-03, 9.90712655e-01, 9.31105208e-03, 9.54788330e-01, 9.35459617e-03, 3.29571758e+00, 4.04389618e+01, 4.00633911e+01, 4.00633911e+01, 3.96913086e+01, 3.30340000e+01, 7.02974388e+01, 9.28450081e-30
9.63757866e-03, 4.16550662e-03, 9.90454418e-01, 9.57062527e-03, 9.54528756e-01, 9.61663686e-03, 3.29545554e+00, 4.15825757e+01, 4.11856458e+01, 4.11856458e+01, 4.07925048e+01, 3.30945569e+01, 7.03058508e+01, 9.28672296e-30
9.90813657e-03, 4.28187121e-03, 9.90189071e-01, 9.83738262e-03, 9.54261999e-01, 9.88600119e-03, 3.29518618e+00, 4.27587689e+01, 4.23392657e+01, 4.23392657e+01, 4.19238781e+01, 3.31551260e+01, 7.03145024e+01, 9.28900869e-30
1.01862899e-02, 4.40147004e-03, 9.89916424e-01, 1.01115200e-02, 9.53987862e-01, 1.01628929e-02, 3.29490928e+00, 4.39684829e+01, 4.35251234e+01, 4.35251234e+01, 4.30862345e+01, 3.32157074e+01, 7.03234006e+01, 9.29135987e-30
1.04722519e-02, 4.52439206e-03, 9.89636280e-01, 1.03932385e-02, 9.53706143e-01, 1.04475213e-02, 3.29462466e+00, 4.52126872e+01, 4.47441155e+01, 4.47441155e+01, 4.42804000e+01, 3.32763016e+01, 7.03325526e+01, 9.29377840e-30
1.07662418e-02, 4.65072864e-03, 9.89348436e-01, 1.06827444e-02, 9.53416637e-01, 1.07401015e-02, 3.29433208e+00, 4.64923799e+01, 4.59971633e+01, 4.59971633e+01, 4.55072216e+01, 3.33369089e+01, 7.03419657e+01, 9.29626626e-30
1.10684849e-02, 4.78057359e-03, 9.89052685e-01, 1.09802495e-02, 9.53119132e-01, 1.10408546e-02, 3.29403132e+00, 4.78085890e+01, 4.72852134e+01, 4.72852134e+01, 4.67675672e+01, 3.33975296e+01, 7.03516474e+01, 9.29882547e-30
1.13792129e-02, 4.91402325e-03, 9.88748817e-01, 1.12859711e-02, 9.52813411e-01, 1.13500076e-02, 3.29372217e+00, 4.91623732e+01, 4.86092383e+01, 4.86092383e+01, 4.80623268e+01, 3.34581642e+01, 7.03616055e+01, 9.30145812e-30
1.16986641e-02, 5.05117654e-03, 9.88436612e-01, 1.16001324e-02, 9.52499249e-01, 1.16677939e-02, 3.29340438e+00, 5.05548225e+01, 4.99702375e+01, 4.99702375e+01, 4.93924122e+01, 3.35188129e+01, 7.03718481e+01, 9.30416637e-30
1.20270833e-02, 5.19213502e-03, 9.88115848e-01, 1.19229621e-02, 9.52176420e-01, 1.19944533e-02, 3.29307772e+00, 5.19870599e+01, 5.13692378e+01, 5.13692378e+01, 5.07587580e+01, 3.35794763e+01, 7.03823835e+01, 9.30695242e-30
1.23647224e-02, 5.33700299e-03, 9.87786297e-01, 1.22546951e-02, 9.51844687e-01, 1.23302321e-02, 3.29274194e+00, 5.34602417e+01, 5.28072942e+01, 5.28072942e+01, 5.21623215e+01, 3.36401546e+01, 7.03932201e+01, 9.30981858e-30
1.27118400e-02, 5.48588750e-03, 9.87447723e-01, 1.25955723e-02, 9.51503809e-01, 1.26753834e-02, 3.29239679e+00, 5.49755590e+01, 5.42854906e+01, 5.42854906e+01, 5.36040840e+01, 3.37008483e+01, 7.04043667e+01, 9.31276719e-30
1.30687023e-02, 5.63889849e-03, 9.87099885e-01, 1.29458411e-02, 9.51153541e-01, 1.30301672e-02, 3.29204201e+00, 5.65342389e+01, 5.58049407e+01, 5.58049407e+01, 5.50850506e+01, 3.37615577e+01, 7.04158324e+01, 9.31580069e-30
1.34355829e-02, 5.79614881e-03, 9.86742539e-01, 1.33057550e-02, 9.50793627e-01, 1.33948507e-02, 3.29167733e+00, 5.81375450e+01, 5.73667888e+01, 5.73667888e+01, 5.66062508e+01, 3.38222834e+01, 7.04276264e+01, 9.31892158e-30
1.38127630e-02, 5.95775431e-03, 9.86375430e-01, 1.36755741e-02, 9.50423807e-01, 1.37697083e-02, 3.29130247e+00, 5.97867793e+01, 5.89722102e+01, 5.89722102e+01, 5.81687392e+01, 3.38830258e+01, 7.04397583e+01, 9.32213243e-30
1.42005318e-02, 6.12383394e-03, 9.85998300e-01, 1.40555655e-02, 9.50043816e-01, 1.41550222e-02, 3.29091715e+00, 6.14832831e+01, 6.06224126e+01, 6.06224126e+01, 5.97735958e+01, 3.39437853e+01, 7.04522381e+01, 9.32543592e-30
1.45991865e-02, 6.29450978e-03, 9.85610883e-01, 1.44460029e-02, 9.49653379e-01, 1.45510818e-02, 3.29052110e+00, 6.32284382e+01, 6.23186368e+01, 6.23186368e+01, 6.14219266e+01, 3.40045623e+01, 7.04650759e+01, 9.32883478e-30
1.50090328e-02, 6.46990713e-03, 9.85212907e-01, 1.48471671e-02, 9.49252214e-01, 1.49581849e-02, 3.29011399e+00, 6.50236682e+01, 6.40621572e+01, 6.40621572e+01, 6.31148641e+01, 3.40653573e+01, 7.04782821e+01, 9.33233185e-30
1.54303847e-02, 6.65015464e-03, 9.84804094e-01, 1.52593461e-02, 9.48840036e-01, 1.53766371e-02, 3.28969554e+00, 6.68704401e+01, 6.58542832e+01, 6.58542832e+01, 6.48535677e+01, 3.41261709e+01, 7.04918676e+01, 9.33593003e-30
1.58635653e-02, 6.83538432e-03, 9.84384158e-01, 1.56828352e-02, 9.48416546e-01, 1.58067525e-02, 3.28926542e+00, 6.87702654e+01, 6.76963598e+01, 6.76963598e+01, 6.66392241e+01, 3.41870035e+01, 7.05058436e+01, 9.33963234e-30
1.63089068e-02, 7.02573168e-03, 9.83952805e-01, 1.61179373e-02, 9.47981444e-01, 1.62488537e-02, 3.28882332e+00, 7.07247017e+01, 6.95897686e+01, 6.95897686e+01, 6.84730481e+01, 3.42478556e+01, 7.05202214e+01, 9.34344188e-30
1.67667503e-02, 7.22133576e-03, 9.83509738e-01, 1.65649630e-02, 9.47534419e-01, 1.67032722e-02, 3.28836890e+00, 7.27353541e+01, 7.15359291e+01, 7.15359291e+01, 7.03562828e+01, 3.43087278e+01, 7.05350130e+01, 9.34736184e-30
1.72374471e-02, 7.42233928e-03, 9.83054648e-01, 1.70242306e-02, 9.47075151e-01, 1.71703483e-02, 3.28790183e+00, 7.48038770e+01, 7.35362989e+01, 7.35362989e+01, 7.22902004e+01, 3.43696205e+01, 7.05502304e+01, 9.35139554e-30
1.77213578e-02, 7.62888867e-03, 9.82587220e-01, 1.74960666e-02, 9.46603315e-01, 1.76504317e-02, 3.28742175e+00, 7.69319752e+01, 7.55923757e+01, 7.55923757e+01, 7.42761023e+01, 3.44305344e+01, 7.05658863e+01, 9.35554637e-30
1.82188534e-02, 7.84113421e-03, 9.82107134e-01, 1.79808055e-02, 9.46118576e-01, 1.81438815e-02, 3.28692830e+00, 7.91214062e+01, 7.77056975e+01, 7.77056975e+01, 7.63153198e+01, 3.44914700e+01, 7.05819937e+01, 9.35981784e-30
1.87303154e-02, 8.05923009e-03, 9.81614059e-01, 1.84787906e-02, 9.45620591e-01, 1.86510666e-02, 3.28642111e+00, 8.13739813e+01, 7.98778441e+01, 7.98778441e+01, 7.84092148e+01, 3.45524278e+01, 7.05985658e+01, 9.36421358e-30
1.92561357e-02, 8.28333450e-03, 9.81107658e-01, 1.89903733e-02, 9.45109008e-01, 1.91723658e-02, 3.28589981e+00, 8.36915679e+01, 8.21104382e+01, 8.21104382e+01, 8.05591797e+01, 3.46134085e+01, 7.06156164e+01, 9.36873732e-30
1.97967175e-02, 8.51360975e-03, 9.80587585e-01, 1.95159139e-02, 9.44583468e-01, 1.97081684e-02, 3.28536401e+00, 8.60760911e+01, 8.44051462e+01, 8.44051462e+01, 8.27666385e+01, 3.46744127e+01, 7.06331597e+01, 9.37339293e-30
2.03524752e-02, 8.75022235e-03, 9.80053486e-01, 2.00557818e-02, 9.44043600e-01, 2.02588738e-02, 3.28481330e+00, 8.85295355e+01, 8.67636798e+01, 8.67636798e+01, 8.50330468e+01, 3.47354409e+01, 7.06512104e+01, 9.37818439e-30
2.09238348e-02, 8.99334311e-03, 9.79504999e-01, 2.06103553e-02, 9.43489026e-01, 2.08248927e-02, 3.28424728e+00, 9.10539474e+01, 8.91877967e+01, 8.91877967e+01, 8.73598927e+01, 3.47964939e+01, 7.06697835e+01, 9.38311580e-30
2.15112343e-02, 9.24314725e-03, 9.78941755e-01, 2.11800220e-02, 9.42919360e-01, 2.14066464e-02, 3.28366553e+00, 9.36514368e+01, 9.16793019e+01, 9.16793019e+01, 8.97486967e+01, 3.48575722e+01, 7.06888947e+01, 9.38819141e-30
2.21151240e-02, 9.49981449e-03, 9.78363373e-01, 2.17651793e-02, 9.42334202e-01, 2.20045677e-02, 3.28306761e+00, 9.63241797e+01, 9.42400493e+01, 9.42400493e+01, 9.22010125e+01, 3.49186766e+01, 7.07085598e+01, 9.39341560e-30
2.27359668e-02, 9.76352916e-03, 9.77769466e-01, 2.23662339e-02, 9.41733148e-01, 2.26191013e-02, 3.28245308e+00, 9.90744197e+01, 9.68719424e+01, 9.68719424e+01, 9.47184274e+01, 3.49798077e+01, 7.07287956e+01, 9.39879288e-30
2.33742387e-02, 1.00344803e-02, 9.77159637e-01, 2.29836025e-02, 9.41115779e-01, 2.32507034e-02, 3.28182147e+00, 1.01904471e+02, 9.95769360e+01, 9.95769360e+01, 9.73025627e+01, 3.50409662e+01, 7.07496190e+01, 9.40432794e-30
2.40304289e-02, 1.03128618e-02, 9.76533482e-01, 2.36177121e-02, 9.40481670e-01, 2.38998428e-02, 3.28117233e+00, 1.04816721e+02, 1.02357037e+02, 1.02357037e+02, 9.99550740e+01, 3.51021528e+01, 7.07710477e+01, 9.41002558e-30
2.47050406e-02, 1.05988725e-02, 9.75890584e-01, 2.42689995e-02, 9.39830382e-01, 2.45670006e-02, 3.28050518e+00, 1.07813631e+02, 1.05214307e+02, 1.05214307e+02, 1.02677651e+02, 3.51633684e+01, 7.07930999e+01, 9.41589079e-30
2.53985907e-02, 1.08927162e-02, 9.75230519e-01, 2.49379124e-02, 9.39161469e-01, 2.52526710e-02, 3.27981951e+00, 1.10897741e+02, 1.08150861e+02, 1.08150861e+02, 1.05472021e+02, 3.52246135e+01, 7.08157942e+01, 9.42192872e-30
2.61116110e-02, 1.11946019e-02, 9.74552855e-01, 2.56249090e-02, 9.38474473e-01, 2.59573611e-02, 3.27911482e+00, 1.14071671e+02, 1.11168873e+02, 1.11168873e+02, 1.08339942e+02, 3.52858890e+01, 7.08391501e+01, 9.42814467e-30
2.68446481e-02, 1.15047439e-02, 9.73857148e-01, 2.63304582e-02, 9.37768923e-01, 2.66815919e-02, 3.27839059e+00, 1.17338125e+02, 1.14270572e+02, 1.14270572e+02, 1.11283213e+02, 3.53471957e+01, 7.08631875e+01, 9.43454413e-30
2.75982639e-02, 1.18233619e-02, 9.73142944e-01, 2.70550402e-02, 9.37044341e-01, 2.74258980e-02, 3.27764628e+00, 1.20699892e+02, 1.17458248e+02, 1.17458248e+02, 1.14303666e+02, 3.54085344e+01, 7.08879269e+01, 9.44113278e-30
2.83730362e-02, 1.21506810e-02, 9.72409782e-01, 2.77991462e-02, 9.36300235e-01, 2.81908283e-02, 3.27688135e+00, 1.24159850e+02, 1.20734253e+02, 1.20734253e+02, 1.17403169e+02, 3.54699059e+01, 7.09133897e+01, 9.44791647e-30
2.91695588e-02, 1.24869320e-02, 9.71657189e-01, 2.85632791e-02, 9.35536103e-01, 2.89769462e-02, 3.27609523e+00, 1.27720970e+02, 1.24100999e+02, 1.24100999e+02, 1.20583628e+02, 3.55313110e+01, 7.09395979e+01, 9.45490127e-30
2.99884423e-02, 1.28323514e-02, 9.70884681e-01, 2.93479531e-02, 9.34751429e-01, 2.97848300e-02, 3.27528735e+00, 1.31386317e+02, 1.27560963e+02, 1.27560963e+02, 1.23846985e+02, 3.55927507e+01, 7.09665739e+01, 9.46209344e-30
3.08303146e-02, 1.31871818e-02, 9.70091766e-01, 3.01536945e-02, 9.33945687e-01, 3.06150735e-02, 3.27445710e+00, 1.35159056e+02, 1.31116688e+02, 1.31116688e+02, 1.27195219e+02, 3.56542258e+01, 7.09943414e+01, 9.46949944e-30
3.16958209e-02, 1.35516713e-02, 9.69277940e-01, 3.09810416e-02, 9.33118340e-01, 3.14682859e-02, 3.27360389e+00, 1.39042453e+02, 1.34770782e+02, 1.34770782e+02, 1.30630346e+02, 3.57157371e+01, 7.10229243e+01, 9.47712598e-30
3.25856248e-02, 1.39260747e-02, 9.68442690e-01, 3.18305447e-02, 9.32268837e-01, 3.23450926e-02, 3.27272708e+00, 1.43039880e+02, 1.38525926e+02, 1.38525926e+02, 1.34154420e+02, 3.57772857e+01, 7.10523477e+01, 9.48497997e-30
3.35004083e-02, 1.43106525e-02, 9.67585491e-01, 3.27027667e-02, 9.31396615e-01, 3.32461354e-02, 3.27182604e+00, 1.47154817e+02, 1.42384866e+02, 1.42384866e+02, 1.37769531e+02, 3.58388724e+01, 7.10826372e+01, 9.49306857e-30
3.44408728e-02, 1.47056720e-02, 9.66705808e-01, 3.35982831e-02, 9.30501099e-01, 3.41720729e-02, 3.27090010e+00, 1.51390861e+02, 1.46350425e+02, 1.46350425e+02, 1.41477805e+02, 3.59004983e+01, 7.11138195e+01, 9.50139918e-30
3.54077391e-02, 1.51114068e-02, 9.65803096e-01, 3.45176819e-02, 9.29581700e-01, 3.51235810e-02, 3.26994860e+00, 1.55751722e+02, 1.50425495e+02, 1.50425495e+02, 1.45281409e+02, 3.59621643e+01, 7.11459221e+01, 9.50997947e-30
3.64017485e-02, 1.55281370e-02, 9.64876798e-01, 3.54615644e-02, 9.28637817e-01, 3.61013532e-02, 3.26897082e+00, 1.60241234e+02, 1.54613049e+02, 1.54613049e+02, 1.49182543e+02, 3.60238714e+01, 7.11789734e+01, 9.51881735e-30
3.74236629e-02, 1.59561497e-02, 9.63926345e-01, 3.64305446e-02, 9.27668837e-01, 3.71061010e-02, 3.26796608e+00, 1.64863356e+02, 1.58916132e+02, 1.58916132e+02, 1.53183446e+02, 3.60856207e+01, 7.12130026e+01, 9.52792103e-30
3.84742658e-02, 1.63957388e-02, 9.62951161e-01, 3.74252503e-02, 9.26674131e-01, 3.81385546e-02, 3.26693362e+00, 1.69622176e+02, 1.63337872e+02, 1.63337872e+02, 1.57286393e+02, 3.61474132e+01, 7.12480401e+01, 9.53729900e-30
3.95543624e-02, 1.68472053e-02, 9.61950655e-01, 3.84463223e-02, 9.25653059e-01, 3.91994629e-02, 3.26587271e+00, 1.74521921e+02, 1.67881476e+02, 1.67881476e+02, 1.61493696e+02, 3.62092499e+01, 7.12841172e+01, 9.54696004e-30
4.06647809e-02, 1.73108570e-02, 9.60924227e-01, 3.94944153e-02, 9.24604966e-01, 4.02895942e-02, 3.26478258e+00, 1.79566953e+02, 1.72550236e+02, 1.72550236e+02, 1.65807702e+02, 3.62711321e+01, 7.13212662e+01, 9.55691325e-30
4.18063724e-02, 1.77870096e-02, 9.59871264e-01, 4.05701975e-02, 9.23529184e-01, 4.14097368e-02, 3.26366244e+00, 1.84761782e+02, 1.77347526e+02, 1.77347526e+02, 1.70230794e+02, 3.63330607e+01, 7.13595207e+01, 9.56716804e-30
4.29800121e-02, 1.82759856e-02, 9.58791145e-01, 4.16743513e-02, 9.22425030e-01, 4.25606991e-02, 3.26251148e+00, 1.90111068e+02, 1.82276808e+02, 1.82276808e+02, 1.74765390e+02, 3.63950370e+01, 7.13989151e+01, 9.57773418e-30
4.41865996e-02, 1.87781154e-02, 9.57683234e-01, 4.28075730e-02, 9.21291809e-01, 4.37433101e-02, 3.26132887e+00, 1.95619625e+02, 1.87341635e+02, 1.87341635e+02, 1.79413943e+02, 3.64570621e+01, 7.14394853e+01, 9.58862175e-30
4.54270599e-02, 1.92937372e-02, 9.56546887e-01, 4.39705731e-02, 9.20128809e-01, 4.49584203e-02, 3.26011376e+00, 2.01292430e+02, 1.92545647e+02, 1.92545647e+02, 1.84178940e+02, 3.65191372e+01, 7.14812681e+01, 9.59984124e-30
4.67023439e-02, 1.98231967e-02, 9.55381447e-01, 4.51640763e-02, 9.18935305e-01, 4.62069016e-02, 3.25886528e+00, 2.07134627e+02, 1.97892580e+02, 1.97892580e+02, 1.89062900e+02, 3.65812635e+01, 7.15243019e+01, 9.61140349e-30
4.80134292e-02, 2.03668477e-02, 9.54186246e-01, 4.63888218e-02, 9.17710560e-01, 4.74896482e-02, 3.25758253e+00, 2.13151534e+02, 2.03386262e+02, 2.03386262e+02, 1.94068374e+02, 3.66434423e+01, 7.15686262e+01, 9.62331973e-30
4.93613210e-02, 2.09250522e-02, 9.52960606e-01, 4.76455634e-02, 9.16453818e-01, 4.88075770e-02, 3.25626460e+00, 2.19348649e+02, 2.09030621e+02, 2.09030621e+02, 1.99197947e+02, 3.67056748e+01, 7.16142819e+01, 9.63560162e-30
5.07470524e-02, 2.14981804e-02, 9.51703836e-01, 4.89350692e-02, 9.15164312e-01, 5.01616277e-02, 3.25491055e+00, 2.25731654e+02, 2.14829681e+02, 2.14829681e+02, 2.04454232e+02, 3.67679623e+01, 7.16613112e+01, 9.64826125e-30
5.21716858e-02, 2.20866106e-02, 9.50415235e-01, 5.02581224e-02, 9.13841259e-01, 5.15527641e-02, 3.25351941e+00, 2.32306429e+02, 2.20787569e+02, 2.20787569e+02, 2.09839870e+02, 3.68303061e+01, 7.17097580e+01, 9.66131112e-30
5.36363132e-02, 2.26907300e-02, 9.49094092e-01, 5.16155205e-02, 9.12483861e-01, 5.29819736e-02, 3.25209020e+00, 2.39079052e+02, 2.26908516e+02, 2.26908516e+02, 2.15357532e+02, 3.68927076e+01, 7.17596676e+01, 9.67476424e-30
5.51420574e-02, 2.33109341e-02, 9.47739684e-01, 5.30080759e-02, 9.11091306e-01, 5.44502686e-02, 3.25062191e+00, 2.46055810e+02, 2.33196855e+02, 2.33196855e+02, 2.21009914e+02, 3.69551681e+01, 7.18110869e+01, 9.68863407e-30
5.66900727e-02, 2.39476274e-02, 9.46351277e-01, 5.44366160e-02, 9.09662766e-01, 5.59586866e-02, 3.24911349e+00, 2.53243206e+02, 2.39657032e+02, 2.39657032e+02, 2.26799738e+02, 3.70176890e+01, 7.18640643e+01, 9.70293461e-30
5.82815458e-02, 2.46012230e-02, 9.44928128e-01, 5.59019827e-02, 9.08197399e-01, 5.75082907e-02, 3.24756389e+00, 2.60647969e+02, 2.46293597e+02, 2.46293597e+02, 2.32729748e+02, 3.70802717e+01, 7.19186502e+01, 9.71768035e-30
5.99176967e-02, 2.52721433e-02, 9.43469482e-01, 5.74050329e-02, 9.06694349e-01, 5.91001701e-02, 3.24597201e+00, 2.68277059e+02, 2.53111218e+02, 2.53111218e+02, 2.38802710e+02, 3.71429177e+01, 7.19748965e+01, 9.73288636e-30
6.15997796e-02, 2.59608197e-02, 9.41974574e-01, 5.89466381e-02, 9.05152744e-01, 6.07354407e-02, 3.24433674e+00, 2.76137679e+02, 2.60114672e+02, 2.60114672e+02, 2.45021408e+02, 3.72056283e+01, 7.20328572e+01, 9.74856826e-30
6.33290840e-02, 2.66676928e-02, 9.40442630e-01, 6.05276846e-02, 9.03571697e-01, 6.24152459e-02, 3.24265693e+00, 2.84237282e+02, 2.67308857e+02, 2.67308857e+02, 2.51388644e+02, 3.72684052e+01, 7.20925880e+01, 9.76474230e-30
6.51069356e-02, 2.73932126e-02, 9.38872865e-01, 6.21490735e-02, 9.01950308e-01, 6.41407566e-02, 3.24093142e+00, 2.92583583e+02, 2.74698787e+02, 2.74698787e+02, 2.57907237e+02, 3.73312498e+01, 7.21541467e+01, 9.78142533e-30
6.69346971e-02, 2.81378388e-02, 9.37264486e-01, 6.38117202e-02, 9.00287661e-01, 6.59131719e-02, 3.23915901e+00, 3.01184566e+02, 2.82289597e+02, 2.82289597e+02, 2.64580014e+02, 3.73941636e+01, 7.22175932e+01, 9.79863487e-30
6.88137699e-02, 2.89020403e-02, 9.35616689e-01, 6.55165546e-02, 8.98582827e-01, 6.77337199e-02, 3.23733846e+00, 3.10048497e+02, 2.90086548e+02, 2.90086548e+02, 2.71409816e+02, 3.74571482e+01, 7.22829894e+01, 9.81638911e-30
7.07455942e-02, 2.96862961e-02, 9.33928662e-01, 6.72645210e-02, 8.96834861e-01, 6.96036581e-02, 3.23546852e+00, 3.19183934e+02, 2.98095025e+02, 2.98095025e+02, 2.78399488e+02, 3.75202051e+01, 7.23503998e+01, 9.83470696e-30
7.27316511e-02, 3.04910947e-02, 9.32199585e-01, 6.90565776e-02, 8.95042804e-01, 7.15242734e-02, 3.23354790e+00, 3.28599738e+02, 3.06320539e+02, 3.06320539e+02, 2.85551880e+02, 3.75833361e+01, 7.24198908e+01, 9.85360809e-30
7.47734631e-02, 3.13169348e-02, 9.30428629e-01, 7.08936965e-02, 8.93205685e-01, 7.34968837e-02, 3.23157529e+00, 3.38305083e+02, 3.14768735e+02, 3.14768735e+02, 2.92869842e+02, 3.76465426e+01, 7.24915316e+01, 9.87311293e-30
7.68725952e-02, 3.21643250e-02, 9.28614958e-01, 7.27768636e-02, 8.91322518e-01, 7.55228373e-02, 3.22954934e+00, 3.48309472e+02, 3.23445386e+02, 3.23445386e+02, 3.00356224e+02, 3.77098264e+01, 7.25653937e+01, 9.89324274e-30
7.90306568e-02, 3.30337838e-02, 9.26757728e-01, 7.47070782e-02, 8.89392303e-01, 7.76035141e-02, 3.22746866e+00, 3.58622748e+02, 3.32356404e+02, 3.32356404e+02, 3.08013866e+02, 3.77731892e+01, 7.26415514e+01, 9.91401964e-30
8.12493021e-02, 3.39258402e-02, 9.24856088e-01, 7.66853523e-02, 8.87414029e-01, 7.97403260e-02, 3.22533185e+00, 3.69255106e+02, 3.41507833e+02, 3.41507833e+02, 3.15845599e+02, 3.78366325e+01, 7.27200816e+01, 9.93546662e-30
8.35302320e-02, 3.48410332e-02, 9.22909182e-01, 7.87127110e-02, 8.85386671e-01, 8.19347171e-02, 3.22313746e+00, 3.80217108e+02, 3.50905860e+02, 3.50905860e+02, 3.23854240e+02, 3.79001583e+01, 7.28010642e+01, 9.95760764e-30
8.58751948e-02, 3.57799125e-02, 9.20916146e-01, 8.07901915e-02, 8.83309190e-01, 8.41881645e-02, 3.22088401e+00, 3.91519697e+02, 3.60556811e+02, 3.60556811e+02, 3.32042589e+02, 3.79637681e+01, 7.28845821e+01, 9.98046762e-30
8.82859884e-02, 3.67430377e-02, 9.18876114e-01, 8.29188430e-02, 8.81180539e-01, 8.65021787e-02, 3.21857000e+00, 4.03174213e+02, 3.70467154e+02, 3.70467154e+02, 3.40413419e+02, 3.80274637e+01, 7.29707211e+01, 1.00040725e-29
9.07644607e-02, 3.77309793e-02, 9.16788212e-01, 8.50997259e-02, 8.78999656e-01, 8.88783041e-02, 3.21619387e+00, 4.15192406e+02, 3.80643503e+02, 3.80643503e+02, 3.48969477e+02, 3.80912470e+01, 7.30595705e+01, 1.00284493e-29
9.33125118e-02, 3.87443182e-02, 9.14651565e-01, 8.73339117e-02, 8.76765470e-01, 9.13181193e-02, 3.21375406e+00, 4.27586455e+02, 3.91092621e+02, 3.91092621e+02, 3.57713478e+02, 3.81551197e+01, 7.31512228e+01, 1.00536262e-29
9.59320948e-02, 3.97836456e-02, 9.12465293e-01, 8.96224822e-02, 8.74476899e-01, 9.38232377e-02, 3.21124894e+00, 4.40368985e+02, 4.01821415e+02, 4.01821415e+02, 3.66648095e+02, 3.82190836e+01, 7.32457741e+01, 1.00796326e-29
9.86252179e-02, 4.08495636e-02, 9.10228514e-01, 9.19665287e-02, 8.72132853e-01, 9.63953079e-02, 3.20867687e+00, 4.53553081e+02, 4.12836947e+02, 4.12836947e+02, 3.75775961e+02, 3.82831406e+01, 7.33433241e+01, 1.01064989e-29
1.01393946e-01, 4.19426849e-02, 9.07940346e-01, 9.43671516e-02, 8.69732230e-01, 9.90360140e-02, 3.20603616e+00, 4.67152309e+02, 4.24146429e+02, 4.24146429e+02, 3.85099656e+02, 3.83472925e+01, 7.34439764e+01, 1.01342571e-29
1.04240401e-01, 4.30636326e-02, 9.05599903e-01, 9.68254597e-02, 8.67273922e-01, 1.01747076e-01, 3.20332510e+00, 4.81180737e+02, 4.35757229e+02, 4.35757229e+02, 3.94621704e+02, 3.84115412e+01, 7.35478384e+01, 1.01629404e-29
1.07166765e-01, 4.42130406e-02, 9.03206303e-01, 9.93425692e-02, 8.64756812e-01, 1.04530250e-01, 3.20054193e+00, 4.95652949e+02, 4.47676867e+02, 4.47676867e+02, 4.04344568e+02, 3.84758885e+01, 7.36550221e+01, 1.01925836e-29
1.10175281e-01, 4.53915533e-02, 9.00758661e-01, 1.01919603e-01, 8.62179779e-01, 1.07387330e-01, 3.19768485e+00, 5.10584071e+02, 4.59913024e+02, 4.59913024e+02, 4.14270640e+02, 3.85403363e+01, 7.37656432e+01, 1.02232227e-29
1.13268257e-01, 4.65998259e-02, 8.98256098e-01, 1.04557689e-01, 8.59541692e-01, 1.10320145e-01, 3.19475203e+00, 5.25989790e+02, 4.72473537e+02, 4.72473537e+02, 4.24402235e+02, 3.86048866e+01, 7.38798226e+01, 1.02548955e-29
1.16448062e-01, 4.78385241e-02, 8.95697735e-01, 1.07257962e-01, 8.56841420e-01, 1.13330563e-01, 3.19174161e+00, 5.41886377e+02, 4.85366401e+02, 4.85366401e+02, 4.34741586e+02, 3.86695412e+01, 7.39976853e+01, 1.02876415e-29
1.19717134e-01, 4.91083240e-02, 8.93082699e-01, 1.10021557e-01, 8.54077824e-01, 1.16420488e-01, 3.18865169e+00, 5.58290710e+02, 4.98599774e+02, 4.98599774e+02, 4.45290832e+02, 3.87343020e+01, 7.41193616e+01, 1.03215018e-29
1.23077980e-01, 5.04099123e-02, 8.90410121e-01, 1.12849616e-01, 8.51249766e-01, 1.19591862e-01, 3.18548032e+00, 5.75220296e+02, 5.12181974e+02, 5.12181974e+02, 4.56052013e+02, 3.87991710e+01, 7.42449870e+01, 1.03565194e-29
1.26533176e-01, 5.17439860e-02, 8.87679139e-01, 1.15743278e-01, 8.48356104e-01, 1.22846665e-01, 3.18222551e+00, 5.92693302e+02, 5.26121480e+02, 5.26121480e+02, 4.67027062e+02, 3.88641501e+01, 7.43747019e+01, 1.03927392e-29
1.30085370e-01, 5.31112527e-02, 8.84888900e-01, 1.18703684e-01, 8.45395697e-01, 1.26186915e-01, 3.17888526e+00, 6.10728572e+02, 5.40426934e+02, 5.40426934e+02, 4.78217795e+02, 3.89292412e+01, 7.45086529e+01, 1.04302082e-29
1.33737286e-01, 5.45124297e-02, 8.82038557e-01, 1.21731976e-01, 8.42367406e-01, 1.29614668e-01, 3.17545751e+00, 6.29345664e+02, 5.55107141e+02, 5.55107141e+02, 4.89625902e+02, 3.89944462e+01, 7.46469920e+01, 1.04689754e-29
1.37491723e-01, 5.59482450e-02, 8.79127276e-01, 1.24829290e-01, 8.39270092e-01, 1.33132017e-01, 3.17194016e+00, 6.48564870e+02, 5.70171068e+02, 5.70171068e+02, 5.01252938e+02, 3.90597671e+01, 7.47898774e+01, 1.05090920e-29
1.41351558e-01, 5.74194362e-02, 8.76154234e-01, 1.27996759e-01, 8.36102622e-01, 1.36741095e-01, 3.16833108e+00, 6.68407251e+02, 5.85627843e+02, 5.85627843e+02, 5.13100314e+02, 3.91252058e+01, 7.49374737e+01, 1.05506120e-29
1.45319752e-01, 5.89267507e-02, 8.73118619e-01, 1.31235511e-01, 8.32863870e-01, 1.40444070e-01, 3.16462811e+00, 6.88894663e+02, 6.01486757e+02, 6.01486757e+02, 5.25169286e+02, 3.91907641e+01, 7.50899523e+01, 1.05935912e-29
1.49399346e-01, 6.04709458e-02, 8.70019635e-01, 1.34546667e-01, 8.29552715e-01, 1.44243149e-01, 3.16082903e+00, 7.10049792e+02, 6.17757261e+02, 6.17757261e+02, 5.37460947e+02, 3.92564440e+01, 7.52474912e+01, 1.06380886e-29
1.53593468e-01, 6.20527881e-02, 8.66856504e-01, 1.37931336e-01, 8.26168046e-01, 1.48140577e-01, 3.15693160e+00, 7.31896184e+02, 6.34448967e+02, 6.34448967e+02, 5.49976213e+02, 3.93222474e+01, 7.54102759e+01, 1.06841657e-29
1.57905331e-01, 6.36730536e-02, 8.63628462e-01, 1.41390619e-01, 8.22708762e-01, 1.52138634e-01, 3.15293354e+00, 7.54458281e+02, 6.51571644e+02, 6.51571644e+02, 5.62715817e+02, 3.93881761e+01, 7.55784995e+01, 1.07318868e-29
1.62338243e-01, 6.53325272e-02, 8.60334766e-01, 1.44925604e-01, 8.19173778e-01, 1.56239639e-01, 3.14883254e+00, 7.77761455e+02, 6.69135219e+02, 6.69135219e+02, 5.75680292e+02, 3.94542321e+01, 7.57523628e+01, 1.07813196e-29
1.66895601e-01, 6.70320026e-02, 8.56974693e-01, 1.48537362e-01, 8.15562020e-01, 1.60445944e-01, 3.14462623e+00, 8.01832045e+02, 6.87149771e+02, 6.87149771e+02, 5.88869965e+02, 3.95204170e+01, 7.59320749e+01, 1.08325347e-29
1.71580899e-01, 6.87722823e-02, 8.53547545e-01, 1.52226947e-01, 8.11872434e-01, 1.64759940e-01, 3.14031224e+00, 8.26697396e+02, 7.05625533e+02, 7.05625533e+02, 6.02284942e+02, 3.95867328e+01, 7.61178537e+01, 1.08856063e-29
1.76397728e-01, 7.05541769e-02, 8.50052645e-01, 1.55995397e-01, 8.08103985e-01, 1.69184050e-01, 3.13588813e+00, 8.52385897e+02, 7.24572887e+02, 7.24572887e+02, 6.15925099e+02, 3.96531813e+01, 7.63099260e+01, 1.09406120e-29
1.81349780e-01, 7.23785049e-02, 8.46489343e-01, 1.59843725e-01, 8.04255657e-01, 1.73720731e-01, 3.13135145e+00, 8.78927021e+02, 7.44002357e+02, 7.44002357e+02, 6.29790067e+02, 3.97197641e+01, 7.65085278e+01, 1.09976335e-29
1.86440853e-01, 7.42460926e-02, 8.42857018e-01, 1.63772920e-01, 8.00326462e-01, 1.78372475e-01, 3.12669970e+00, 9.06351369e+02, 7.63924612e+02, 7.63924612e+02, 6.43879221e+02, 3.97864830e+01, 7.67139053e+01, 1.10567563e-29
1.91674849e-01, 7.61577735e-02, 8.39155077e-01, 1.67783946e-01, 7.96315435e-01, 1.83141805e-01, 3.12193037e+00, 9.34690713e+02, 7.84350457e+02, 7.84350457e+02, 6.58191668e+02, 3.98533396e+01, 7.69263147e+01, 1.11180701e-29
1.97055780e-01, 7.81143880e-02, 8.35382959e-01, 1.71877738e-01, 7.92221644e-01, 1.88031275e-01, 3.11704090e+00, 9.63978041e+02, 8.05290828e+02, 8.05290828e+02, 6.72726235e+02, 3.99203357e+01, 7.71460230e+01, 1.11816692e-29
2.02587771e-01, 8.01167833e-02, 8.31540137e-01, 1.76055197e-01, 7.88044185e-01, 1.93043466e-01, 3.11202871e+00, 9.94247604e+02, 8.26756789e+02, 8.26756789e+02, 6.87481453e+02, 3.99874728e+01, 7.73733084e+01, 1.12476524e-29
2.08275063e-01, 8.21658124e-02, 8.27626118e-01, 1.80317191e-01, 7.83782191e-01, 1.98180991e-01, 3.10689119e+00, 1.02553497e+03, 8.48759522e+02, 8.48759522e+02, 7.02455549e+02, 4.00547524e+01, 7.76084607e+01, 1.13161239e-29
2.14122015e-01, 8.42623342e-02, 8.23640447e-01, 1.84664549e-01, 7.79434833e-01, 2.03446488e-01, 3.10162569e+00, 1.05787705e+03, 8.71310325e+02, 8.71310325e+02, 7.17646426e+02, 4.01221760e+01, 7.78517821e+01, 1.13871927e-29
2.20133111e-01, 8.64072127e-02, 8.19582709e-01, 1.89098060e-01, 7.75001322e-01, 2.08842619e-01, 3.09622956e+00, 1.09131219e+03, 8.94420601e+02, 8.94420601e+02, 7.33051659e+02, 4.01897450e+01, 7.81035875e+01, 1.14609738e-29
2.26312957e-01, 8.86013169e-02, 8.15452527e-01, 1.93618470e-01, 7.70480912e-01, 2.14372069e-01, 3.09070011e+00, 1.12588020e+03, 9.18101851e+02, 9.18101851e+02, 7.48668475e+02, 4.02574609e+01, 7.83642049e+01, 1.15375877e-29
2.32666291e-01, 9.08455198e-02, 8.11249571e-01, 1.98226477e-01, 7.65872904e-01, 2.20037545e-01, 3.08503463e+00, 1.16162239e+03, 9.42365665e+02, 9.42365665e+02, 7.64493742e+02, 4.03253249e+01, 7.86339766e+01, 1.16171616e-29
2.39197984e-01, 9.31406982e-02, 8.06973553e-01, 2.02922730e-01, 7.61176652e-01, 2.25841772e-01, 3.07923041e+00, 1.19858168e+03, 9.67223713e+02, 9.67223713e+02, 7.80523956e+02, 4.03933382e+01, 7.89132592e+01, 1.16998290e-29
2.45913043e-01, 9.54877322e-02, 8.02624233e-01, 2.07707822e-01, 7.56391560e-01, 2.31787490e-01, 3.07328469e+00, 1.23680260e+03, 9.92687734e+02, 9.92687734e+02, 7.96755231e+02, 4.04615019e+01, 7.92024244e+01, 1.17857305e-29
2.52816614e-01, 9.78875042e-02, 7.98201419e-01, 2.12582291e-01, 7.51517091e-01, 2.37877454e-01, 3.06719472e+00, 1.27633139e+03, 1.01876953e+03, 1.01876953e+03, 8.13183281e+02, 4.05298172e+01, 7.95018600e+01, 1.18750141e-29
2.59913992e-01, 1.00340899e-01, 7.93704972e-01, 2.17546614e-01, 7.46552767e-01, 2.44114430e-01, 3.06095775e+00, 1.31721605e+03, 1.04548093e+03, 1.04548093e+03, 8.29803412e+02, 4.05982851e+01, 7.98119702e+01, 1.19678357e-29
2.67210616e-01, 1.02848802e-01, 7.89134803e-01, 2.22601205e-01, 7.41498177e-01, 2.50501190e-01, 3.05457099e+00, 1.35950641e+03, 1.07283382e+03, 1.07283382e+03, 8.46610507e+02, 4.06669063e+01, 8.01331765e+01, 1.20643595e-29
2.74712079e-01, 1.05412101e-01, 7.84490880e-01, 2.27746408e-01, 7.36352974e-01, 2.57040512e-01, 3.04803167e+00, 1.40325417e+03, 1.10084010e+03, 1.10084010e+03, 8.63599016e+02, 4.07356817e+01, 8.04659183e+01, 1.21647587e-29
2.82424133e-01, 1.08031682e-01, 7.79773224e-01, 2.32982497e-01, 7.31116885e-01, 2.63735174e-01, 3.04133700e+00, 1.44851301e+03, 1.12951166e+03, 1.12951166e+03, 8.80762947e+02, 4.08046120e+01, 8.08106541e+01, 1.22692156e-29
2.90352688e-01, 1.10708431e-01, 7.74981917e-01, 2.38309671e-01, 7.25789710e-01, 2.70587952e-01, 3.03448422e+00, 1.49533862e+03, 1.15886039e+03, 1.15886039e+03, 8.98095846e+02, 4.08736977e+01, 8.11678619e+01, 1.23779227e-29
2.98503825e-01, 1.13443233e-01, 7.70117100e-01, 2.43728051e-01, 7.20371331e-01, 2.77601616e-01, 3.02747056e+00, 1.54378880e+03, 1.18889815e+03, 1.18889815e+03, 9.15590799e+02, 4.09429394e+01, 8.15380401e+01, 1.24910829e-29
3.06883789e-01, 1.16236971e-01, 7.65178976e-01, 2.49237673e-01, 7.14861708e-01, 2.84778924e-01, 3.02029325e+00, 1.59392352e+03, 1.21963677e+03, 1.21963677e+03, 9.33240412e+02, 4.10123374e+01, 8.19217086e+01, 1.26089104e-29
3.15499006e-01, 1.19090524e-01, 7.60167811e-01, 2.54838489e-01, 7.09260892e-01, 2.92122620e-01, 3.01294956e+00, 1.64580499e+03, 1.25108797e+03, 1.25108797e+03, 9.51036807e+02, 4.10818919e+01, 8.23194096e+01, 1.27316311e-29
3.24356081e-01, 1.22004770e-01, 7.55083934e-01, 2.60530360e-01, 7.03569022e-01, 2.99635428e-01, 3.00543675e+00, 1.69949775e+03, 1.28326345e+03, 1.28326345e+03, 9.68971613e+02, 4.11516030e+01, 8.27317085e+01, 1.28594839e-29
3.33461802e-01, 1.24980579e-01, 7.49927744e-01, 2.66313053e-01, 6.97786329e-01, 3.07320047e-01, 2.99775213e+00, 1.75506875e+03, 1.31617475e+03, 1.31617475e+03, 9.87035957e+02, 4.12214707e+01, 8.31591951e+01, 1.29927209e-29
3.42823149e-01, 1.28018820e-01, 7.44699703e-01, 2.72186237e-01, 6.91913145e-01, 3.15179147e-01, 2.98989303e+00, 1.81258741e+03, 1.34983330e+03, 1.34983330e+03, 1.00522046e+03, 4.12914948e+01, 8.36024844e+01, 1.31316083e-29
3.52447300e-01, 1.31120351e-01, 7.39400345e-01, 2.78149480e-01, 6.85949901e-01, 3.23215364e-01, 2.98185681e+00, 1.87212573e+03, 1.38425041e+03, 1.38425041e+03, 1.02351523e+03, 4.13616751e+01, 8.40622176e+01, 1.32764278e-29
3.62341632e-01, 1.34286029e-01, 7.34030273e-01, 2.84202248e-01, 6.79897134e-01, 3.31431292e-01, 2.97364088e+00, 1.93375835e+03, 1.41943717e+03, 1.41943717e+03, 1.04190985e+03, 4.14320110e+01, 8.45390638e+01, 1.34274771e-29
3.72513730e-01, 1.37516698e-01, 7.28590161e-01, 2.90343893e-01, 6.73755488e-01, 3.39829480e-01, 2.96524270e+00, 1.99756266e+03, 1.45540450e+03, 1.45540450e+03, 1.06039340e+03, 4.15025021e+01, 8.50337202e+01, 1.35850710e-29
3.82971391e-01, 1.40813196e-01, 7.23080757e-01, 2.96573661e-01, 6.67525721e-01, 3.48412422e-01, 2.95665976e+00, 2.06361887e+03, 1.49216309e+03, 1.49216309e+03, 1.07895442e+03, 4.15731474e+01, 8.55469144e+01, 1.37495427e-29
3.93722633e-01, 1.44176353e-01, 7.17502878e-01, 3.02890679e-01, 6.61208702e-01, 3.57182556e-01, 2.94788962e+00, 2.13201009e+03, 1.52972338e+03, 1.52972338e+03, 1.09758093e+03, 4.16439463e+01, 8.60794045e+01, 1.39212445e-29
4.04775697e-01, 1.47606985e-01, 7.11857418e-01, 3.09293958e-01, 6.54805423e-01, 3.66142255e-01, 2.93892992e+00, 2.20282248e+03, 1.56809552e+03, 1.56809552e+03, 1.11626043e+03, 4.17148975e+01, 8.66319813e+01, 1.41005498e-29
4.16139055e-01, 1.51105900e-01, 7.06145344e-01, 3.15782387e-01, 6.48316994e-01, 3.75293817e-01, 2.92977836e+00, 2.27614525e+03, 1.60728937e+03, 1.60728937e+03, 1.13497991e+03, 4.17859999e+01, 8.72054692e+01, 1.42878539e-29
4.27821420e-01, 1.54673893e-01, 7.00367697e-01, 3.22354732e-01, 6.41744650e-01, 3.84639465e-01, 2.92043271e+00, 2.35207084e+03, 1.64731444e+03, 1.64731444e+03, 1.15372582e+03, 4.18572520e+01, 8.78007275e+01, 1.44835753e-29
4.39831747e-01, 1.58311745e-01, 6.94525595e-01, 3.29009631e-01, 6.35089751e-01, 3.94181334e-01, 2.91089084e+00, 2.43069497e+03, 1.68817987e+03, 1.68817987e+03, 1.17248413e+03, 4.19286523e+01, 8.84186522e+01, 1.46881580e-29
4.52179242e-01, 1.62020224e-01, 6.88620228e-01, 3.35745595e-01, 6.28353787e-01, 4.03921465e-01, 2.90115071e+00, 2.51211676e+03, 1.72989441e+03, 1.72989441e+03, 1.19124028e+03, 4.20001991e+01, 8.90601769e+01, 1.49020721e-29
4.64873371e-01, 1.65800084e-01, 6.82652863e-01, 3.42561003e-01, 6.21538379e-01, 4.13861801e-01, 2.89121038e+00, 2.59643880e+03, 1.77246638e+03, 1.77246638e+03, 1.20997925e+03, 4.20718904e+01, 8.97262750e+01, 1.51258166e-29
4.77923865e-01, 1.69652062e-01, 6.76624841e-01, 3.49454102e-01, 6.14645280e-01, 4.24004173e-01, 2.88106800e+00, 2.68376729e+03, 1.81590362e+03, 1.81590362e+03, 1.22868550e+03, 4.21437243e+01, 9.04179606e+01, 1.53599205e-29
4.91340729e-01, 1.73576879e-01, 6.70537578e-01, 3.56423005e-01, 6.07676377e-01, 4.34350300e-01, 2.87072188e+00, 2.77421213e+03, 1.86021349e+03, 1.86021349e+03, 1.24734304e+03, 4.22156983e+01, 9.11362905e+01, 1.56049452e-29
5.05134247e-01, 1.77575238e-01, 6.64392563e-01, 3.63465690e-01, 6.00633691e-01, 4.44901774e-01, 2.86017040e+00, 2.86788702e+03, 1.90540281e+03, 1.90540281e+03, 1.26593545e+03, 4.22878102e+01, 9.18823658e+01, 1.58614867e-29
5.19314994e-01, 1.81647824e-01, 6.58191359e-01, 3.70580000e-01, 5.93519382e-01, 4.55660059e-01, 2.84941212e+00, 2.96490955e+03, 1.95147784e+03, 1.95147784e+03, 1.28444585e+03, 4.23600572e+01, 9.26573336e+01, 1.61301776e-29
5.33893840e-01, 1.85795303e-01, 6.51935600e-01, 3.77763640e-01, 5.86335742e-01, 4.66626476e-01, 2.83844570e+00, 3.06540134e+03, 1.99844426e+03, 1.99844426e+03, 1.30285696e+03, 4.24324367e+01, 9.34623888e+01, 1.64116901e-29
5.48881961e-01, 1.90018322e-01, 6.45626991e-01, 3.85014179e-01, 5.79085202e-01, 4.77802202e-01, 2.82726997e+00, 3.16948814e+03, 2.04630709e+03, 2.04630709e+03, 1.32115109e+03, 4.25049457e+01, 9.42987759e+01, 1.67067381e-29
5.64290847e-01, 1.94317504e-01, 6.39267309e-01, 3.92329054e-01, 5.71770328e-01, 4.89188257e-01, 2.81588392e+00, 3.27729994e+03, 2.09507071e+03, 2.09507071e+03, 1.33931022e+03, 4.25775810e+01, 9.51677909e+01, 1.70160805e-29
5.80132310e-01, 1.98693454e-01, 6.32858396e-01, 3.99705562e-01, 5.64393819e-01, 5.00785499e-01, 2.80428668e+00, 3.38897107e+03, 2.14473879e+03, 2.14473879e+03, 1.35731595e+03, 4.26503393e+01, 9.60707832e+01, 1.73405240e-29
5.96418495e-01, 2.03146750e-01, 6.26402164e-01, 4.07140872e-01, 5.56958510e-01, 5.12594616e-01, 2.79247756e+00, 3.50464033e+03, 2.19531428e+03, 2.19531428e+03, 1.37514962e+03, 4.27232173e+01, 9.70091577e+01, 1.76809266e-29
6.13161884e-01, 2.07677952e-01, 6.19900588e-01, 4.14632017e-01, 5.49467365e-01, 5.24616119e-01, 2.78045606e+00, 3.62445110e+03, 2.24679937e+03, 2.24679937e+03, 1.39279225e+03, 4.27962112e+01, 9.79843769e+01, 1.80382011e-29
6.30375315e-01, 2.12287591e-01, 6.13355704e-01, 4.22175905e-01, 5.41923477e-01, 5.36850334e-01, 2.76822184e+00, 3.74855150e+03, 2.29919544e+03, 2.29919544e+03, 1.41022464e+03, 4.28693174e+01, 9.89979628e+01, 1.84133187e-29
6.48071983e-01, 2.16976176e-01, 6.06769614e-01, 4.29769316e-01, 5.34330065e-01, 5.49297394e-01, 2.75577478e+00, 3.87709442e+03, 2.35250308e+03, 2.35250308e+03, 1.42742739e+03, 4.29425319e+01, 1.00051500e+02, 1.88073133e-29
6.66265452e-01, 2.21744190e-01, 6.00144472e-01, 4.37408909e-01, 5.26690472e-01, 5.61957235e-01, 2.74311494e+00, 4.01023774e+03, 2.40672201e+03, 2.40672201e+03, 1.44438091e+03, 4.30158506e+01, 1.01146635e+02, 1.92212858e-29
6.84969672e-01, 2.26592088e-01, 5.93482492e-01, 4.45091225e-01, 5.19008157e-01, 5.74829590e-01, 2.73024259e+00, 4.14814441e+03, 2.46185108e+03, 2.46185108e+03, 1.46106551e+03, 4.30892693e+01, 1.02285085e+02, 1.96564088e-29
7.04198979e-01, 2.31520301e-01, 5.86785940e-01, 4.52812688e-01, 5.11286694e-01, 5.87913978e-01, 2.71715820e+00, 4.29098256e+03, 2.51788824e+03, 2.51788824e+03, 1.47746142e+03, 4.31627837e+01, 1.03468632e+02, 2.01139316e-29
7.23968114e-01, 2.36529229e-01, 5.80057132e-01, 4.60569618e-01, 5.03529764e-01, 6.01209706e-01, 2.70386247e+00, 4.43892569e+03, 2.57483051e+03, 2.57483051e+03, 1.49354880e+03, 4.32363894e+01, 1.04699132e+02, 2.05951859e-29
7.44292233e-01, 2.41619247e-01, 5.73298431e-01, 4.68358229e-01, 4.95741152e-01, 6.14715857e-01, 2.69035632e+00, 4.59215275e+03, 2.63267397e+03, 2.63267397e+03, 1.50930785e+03, 4.33100816e+01, 1.05978514e+02, 2.11015912e-29
7.65186915e-01, 2.46790700e-01, 5.66512244e-01, 4.76174641e-01, 4.87924741e-01, 6.28431291e-01, 2.67664089e+00, 4.75084831e+03, 2.69141374e+03, 2.69141374e+03, 1.52471883e+03, 4.33838558e+01, 1.07308784e+02, 2.16346614e-29
7.86668179e-01, 2.52043903e-01, 5.59701019e-01, 4.84014881e-01, 4.80084501e-01, 6.42354640e-01, 2.66271754e+00, 4.91520268e+03, 2.75104395e+03, 2.75104395e+03, 1.53976210e+03, 4.34577072e+01, 1.08692028e+02, 2.21960114e-29
8.08752491e-01, 2.57379142e-01, 5.52867241e-01, 4.91874895e-01, 4.72224487e-01, 6.56484300e-01, 2.64858788e+00, 5.08541207e+03, 2.81155774e+03, 2.81155774e+03, 1.55441817e+03, 4.35316307e+01, 1.10130414e+02, 2.27873646e-29
8.31456781e-01, 2.62796674e-01, 5.46013431e-01, 4.99750554e-01, 4.64348827e-01, 6.70818438e-01, 2.63425374e+00, 5.26167874e+03, 2.87294726e+03, 2.87294726e+03, 1.56866779e+03, 4.36056216e+01, 1.11626196e+02, 2.34105602e-29
8.54798453e-01, 2.68296725e-01, 5.39142136e-01, 5.07637663e-01, 4.56461719e-01, 6.85354979e-01, 2.61971720e+00, 5.44421114e+03, 2.93520363e+03, 2.93520363e+03, 1.58249195e+03, 4.36796748e+01, 1.13181716e+02, 2.40675623e-29
8.78795401e-01, 2.73879488e-01, 5.32255933e-01, 5.15531968e-01, 4.48567414e-01, 7.00091616e-01, 2.60498056e+00, 5.63322409e+03, 2.99831695e+03, 2.99831695e+03, 1.59587199e+03, 4.37537851e+01, 1.14799408e+02, 2.47604682e-29
9.03466021e-01, 2.79545129e-01, 5.25357421e-01, 5.23429164e-01, 4.40670217e-01, 7.15025799e-01, 2.59004638e+00, 5.82893891e+03, 3.06227631e+03, 3.06227631e+03, 1.60878959e+03, 4.38279475e+01, 1.16481802e+02, 2.54915189e-29
9.28829225e-01, 2.85293778e-01, 5.18449216e-01, 5.31324911e-01, 4.32774471e-01, 7.30154746e-01, 2.57491743e+00, 6.03158362e+03, 3.12706980e+03, 3.12706980e+03, 1.62122689e+03, 4.39021568e+01, 1.18231524e+02, 2.62631087e-29
9.54904456e-01, 2.91125536e-01, 5.11533951e-01, 5.39214835e-01, 4.24884547e-01, 7.45475434e-01, 2.55959674e+00, 6.24139309e+03, 3.19268447e+03, 3.19268447e+03, 1.63316650e+03, 4.39764077e+01, 1.20051307e+02, 2.70777975e-29
9.81711702e-01, 2.97040474e-01, 5.04614268e-01, 5.47094542e-01, 4.17004840e-01, 7.60984611e-01, 2.54408757e+00, 6.45860927e+03, 3.25910639e+03, 3.25910639e+03, 1.64459158e+03, 4.40506951e+01, 1.21943985e+02, 2.79383219e-29
1.00927151e+00, 3.03038627e-01, 4.97692817e-01, 5.54959631e-01, 4.09139751e-01, 7.76678791e-01, 2.52839339e+00, 6.68348128e+03, 3.32632063e+03, 3.32632063e+03, 1.65548588e+03, 4.41250137e+01, 1.23912505e+02, 2.88476092e-29
1.03760502e+00, 3.09120002e-01, 4.90772250e-01, 5.62805698e-01, 4.01293683e-01, 7.92554262e-01, 2.51251792e+00, 6.91626572e+03, 3.39431129e+03, 3.39431129e+03, 1.66583379e+03, 4.41993584e+01, 1.25959928e+02, 2.98087909e-29
1.06673394e+00, 3.15284571e-01, 4.83855218e-01, 5.70628354e-01, 3.93471028e-01, 8.08607088e-01, 2.49646509e+00, 7.15722677e+03, 3.46306152e+03, 3.46306152e+03, 1.67562039e+03, 4.42737239e+01, 1.28089432e+02, 3.08252180e-29
1.09668060e+00, 3.21532276e-01, 4.76944367e-01, 5.78423226e-01, 3.85676155e-01, 8.24833118e-01, 2.48023906e+00, 7.40663647e+03, 3.53255354e+03, 3.53255354e+03, 1.68483151e+03, 4.43481051e+01, 1.30304320e+02, 3.19004776e-29
1.12746796e+00, 3.27863028e-01, 4.70042332e-01, 5.86185979e-01, 3.77913402e-01, 8.41227989e-01, 2.46384419e+00, 7.66477490e+03, 3.60276866e+03, 3.60276866e+03, 1.69345378e+03, 4.44224970e+01, 1.32608022e+02, 3.30384105e-29
1.15911962e+00, 3.34276704e-01, 4.63151736e-01, 5.93912316e-01, 3.70187065e-01, 8.57787133e-01, 2.44728504e+00, 7.93193039e+03, 3.67368733e+03, 3.67368733e+03, 1.70147467e+03, 4.44968945e+01, 1.35004098e+02, 3.42431300e-29
1.19165984e+00, 3.40773150e-01, 4.56275185e-01, 6.01597996e-01, 3.62501386e-01, 8.74505788e-01, 2.43056639e+00, 8.20839981e+03, 3.74528914e+03, 3.74528914e+03, 1.70888249e+03, 4.45712925e+01, 1.37496249e+02, 3.55190427e-29
1.22511358e+00, 3.47352184e-01, 4.49415262e-01, 6.09238837e-01, 3.54860544e-01, 8.91379001e-01, 2.41369318e+00, 8.49448875e+03, 3.81755288e+03, 3.81755288e+03, 1.71566653e+03, 4.46456862e+01, 1.40088317e+02, 3.68708702e-29
1.25950646e+00, 3.54013588e-01, 4.42574525e-01, 6.16830736e-01, 3.47268646e-01, 9.08401642e-01, 2.39667053e+00, 8.79051181e+03, 3.89045659e+03, 3.89045659e+03, 1.72181698e+03, 4.47200708e+01, 1.42784294e+02, 3.83036736e-29
1.29486487e+00, 3.60757118e-01, 4.35755505e-01, 6.24369667e-01, 3.39729715e-01, 9.25568411e-01, 2.37950377e+00, 9.09679285e+03, 3.96397756e+03, 3.96397756e+03, 1.72732504e+03, 4.47944415e+01, 1.45588325e+02, 3.98228788e-29
1.33121590e+00, 3.67582497e-01, 4.28960698e-01, 6.31851699e-01, 3.32247682e-01, 9.42873849e-01, 2.36219833e+00, 9.41366524e+03, 4.03809241e+03, 4.03809241e+03, 1.73218294e+03, 4.48687938e+01, 1.48504717e+02, 4.14343044e-29
1.36858742e+00, 3.74489419e-01, 4.22192565e-01, 6.39273003e-01, 3.24826379e-01, 9.60312347e-01, 2.34475983e+00, 9.74147219e+03, 4.11277713e+03, 4.11277713e+03, 1.73638393e+03, 4.49431230e+01, 1.51537944e+02, 4.31441916e-29
1.40700809e+00, 3.81477549e-01, 4.15453528e-01, 6.46629856e-01, 3.17469525e-01, 9.77878161e-01, 2.32719402e+00, 1.00805670e+04, 4.18800711e+03, 4.18800711e+03, 1.73992233e+03, 4.50174248e+01, 1.54692653e+02, 4.49592367e-29
1.44650734e+00, 3.88546523e-01, 4.08745964e-01, 6.53918657e-01, 3.10180725e-01, 9.95565420e-01, 2.30950676e+00, 1.04313133e+04, 4.26375721e+03, 4.26375721e+03, 1.74279355e+03, 4.50916949e+01, 1.57973672e+02, 4.68866261e-29
1.48711546e+00, 3.95695948e-01, 4.02072206e-01, 6.61135926e-01, 3.02963455e-01, 1.01336814e+00, 2.29170404e+00, 1.07940856e+04, 4.34000179e+03, 4.34000179e+03, 1.74499409e+03, 4.51659293e+01, 1.61386019e+02, 4.89340735e-29
1.52886359e+00, 4.02925403e-01, 3.95434536e-01, 6.68278319e-01, 2.95821063e-01, 1.03128023e+00, 2.27379195e+00, 1.11692692e+04, 4.41671479e+03, 4.41671479e+03, 1.74652156e+03, 4.52401238e+01, 1.64934905e+02, 5.11098616e-29
1.57178372e+00, 4.10234442e-01, 3.88835186e-01, 6.75342627e-01, 2.88756755e-01, 1.04929552e+00, 2.25577666e+00, 1.15572611e+04, 4.49386975e+03, 4.49386975e+03, 1.74737468e+03, 4.53142746e+01, 1.68625749e+02, 5.34228849e-29
1.61590875e+00, 4.17622591e-01, 3.82276331e-01, 6.82325788e-01, 2.81773594e-01, 1.06740775e+00, 2.23766443e+00, 1.19584696e+04, 4.57143989e+03, 4.57143989e+03, 1.74755327e+03, 4.53883780e+01, 1.72464180e+02, 5.58826982e-29
1.66127252e+00, 4.25089350e-01, 3.75760089e-01, 6.89224887e-01, 2.74874495e-01, 1.08561060e+00, 2.21946157e+00, 1.23733156e+04, 4.64939816e+03, 4.64939816e+03, 1.74705827e+03, 4.54624304e+01, 1.76456049e+02, 5.84995673e-29
1.70790980e+00, 4.32634194e-01, 3.69288519e-01, 6.96037166e-01, 2.68062216e-01, 1.10389771e+00, 2.20117447e+00, 1.28022319e+04, 4.72771725e+03, 4.72771725e+03, 1.74589170e+03, 4.55364284e+01, 1.80607439e+02, 6.12845247e-29
1.75585633e+00, 4.40256573e-01, 3.62863618e-01, 7.02760021e-01, 2.61339361e-01, 1.12226266e+00, 2.18280952e+00, 1.32456644e+04, 4.80636973e+03, 4.80636973e+03, 1.74405671e+03, 4.56103687e+01, 1.84924673e+02, 6.42494292e-29
1.80514888e+00, 4.47955916e-01, 3.56487318e-01, 7.09391012e-01, 2.54708369e-01, 1.14069901e+00, 2.16437317e+00, 1.37040724e+04, 4.88532801e+03, 4.88532801e+03, 1.74155748e+03, 4.56842482e+01, 1.89414326e+02, 6.74070313e-29
1.85582523e+00, 4.55731626e-01, 3.50161484e-01, 7.15927862e-01, 2.48171519e-01, 1.15920031e+00, 2.14587186e+00, 1.41779284e+04, 4.96456445e+03, 4.96456445e+03, 1.73839925e+03, 4.57580639e+01, 1.94083233e+02, 7.07710423e-29
1.90792422e+00, 4.63583085e-01, 3.43887915e-01, 7.22368458e-01, 2.41730923e-01, 1.17776011e+00, 2.12731207e+00, 1.46677192e+04, 5.04405140e+03, 5.04405140e+03, 1.73458832e+03, 4.58318129e+01, 1.98938504e+02, 7.43562104e-29
1.96148581e+00, 4.71509656e-01, 3.37668341e-01, 7.28710855e-01, 2.35388527e-01, 1.19637194e+00, 2.10870023e+00, 1.51739462e+04, 5.12376123e+03, 5.12376123e+03, 1.73013195e+03, 4.59054927e+01, 2.03987530e+02, 7.81784026e-29
2.01655104e+00, 4.79510678e-01, 3.31504419e-01, 7.34953273e-01, 2.29146109e-01, 1.21502939e+00, 2.09004278e+00, 1.56971253e+04, 5.20366640e+03, 5.20366640e+03, 1.72503841e+03, 4.59791006e+01, 2.09238002e+02, 8.22546926e-29
2.07316213e+00, 4.87585472e-01, 3.25397736e-01, 7.41094102e-01, 2.23005280e-01, 1.23372605e+00, 2.07134613e+00, 1.62377881e+04, 5.28373950e+03, 5.28373950e+03, 1.71931687e+03, 4.60526344e+01, 2.14697920e+02, 8.66034566e-29
2.13136247e+00, 4.95733342e-01, 3.19349807e-01, 7.47131896e-01, 2.16967485e-01, 1.25245556e+00, 2.05261662e+00, 1.67964820e+04, 5.36395329e+03, 5.36395329e+03, 1.71297745e+03, 4.61260916e+01, 2.20375604e+02, 9.12444769e-29
2.19119669e+00, 5.03953573e-01, 3.13362070e-01, 7.53065377e-01, 2.11034005e-01, 1.27121161e+00, 2.03386057e+00, 1.73737707e+04, 5.44428075e+03, 5.44428075e+03, 1.70603109e+03, 4.61994704e+01, 2.26279714e+02, 9.61990532e-29
2.25271064e+00, 5.12245431e-01, 3.07435893e-01, 7.58893427e-01, 2.05205954e-01, 1.28998795e+00, 2.01508423e+00, 1.79702346e+04, 5.52469510e+03, 5.52469510e+03, 1.69848957e+03, 4.62727687e+01, 2.32419260e+02, 1.01490124e-28
2.31595149e+00, 5.20608169e-01, 3.01572566e-01, 7.64615094e-01, 1.99484288e-01, 1.30877839e+00, 1.99629378e+00, 1.85864714e+04, 5.60516988e+03, 5.60516988e+03, 1.69036546e+03, 4.63459847e+01, 2.38803618e+02, 1.07142397e-28
2.38096772e+00, 5.29041024e-01, 2.95773306e-01, 7.70229579e-01, 1.93869802e-01, 1.32757685e+00, 1.97749533e+00, 1.92230970e+04, 5.68567895e+03, 5.68567895e+03, 1.68167206e+03, 4.64191168e+01, 2.45442545e+02, 1.13182490e-28
2.44780916e+00, 5.37543219e-01, 2.90039255e-01, 7.75736244e-01, 1.88363137e-01, 1.34637729e+00, 1.95869489e+00, 1.98807452e+04, 5.76619653e+03, 5.76619653e+03, 1.67242335e+03, 4.64921633e+01, 2.52346199e+02, 1.19639087e-28
2.51652705e+00, 5.46113963e-01, 2.84371479e-01, 7.81134600e-01, 1.82964781e-01, 1.36517380e+00, 1.93989838e+00, 2.05600691e+04, 5.84669726e+03, 5.84669726e+03, 1.66263395e+03, 4.65651228e+01, 2.59525153e+02, 1.26543099e-28
2.58717408e+00, 5.54752453e-01, 2.78770971e-01, 7.86424307e-01, 1.77675075e-01, 1.38396054e+00, 1.92111164e+00, 2.12617410e+04, 5.92715618e+03, 5.92715618e+03, 1.65231908e+03, 4.66379941e+01, 2.66990414e+02, 1.33927848e-28
2.65980440e+00, 5.63457874e-01, 2.73238647e-01, 7.91605168e-01, 1.72494214e-01, 1.40273181e+00, 1.90234037e+00, 2.19864535e+04, 6.00754881e+03, 6.00754881e+03, 1.64149451e+03, 4.67107759e+01, 2.74753439e+02, 1.41829258e-28
2.73447368e+00, 5.72229403e-01, 2.67775351e-01, 7.96677126e-01, 1.67422256e-01, 1.42148199e+00, 1.88359019e+00, 2.27349198e+04, 6.08785114e+03, 6.08785114e+03, 1.63017647e+03, 4.67834671e+01, 2.82826162e+02, 1.50286065e-28
2.81123917e+00, 5.81066203e-01, 2.62381854e-01, 8.01640257e-01, 1.62459124e-01, 1.44020560e+00, 1.86486658e+00, 2.35078744e+04, 6.16803966e+03, 6.16803966e+03, 1.61838168e+03, 4.68560668e+01, 2.91221005e+02, 1.59340049e-28
2.89015972e+00, 5.89967432e-01, 2.57058854e-01, 8.06494770e-01, 1.57604612e-01, 1.45889727e+00, 1.84617491e+00, 2.43060735e+04, 6.24809141e+03, 6.24809141e+03, 1.60612722e+03, 4.69285740e+01, 2.99950906e+02, 1.69036274e-28
2.97129582e+00, 5.98932239e-01, 2.51806978e-01, 8.11240994e-01, 1.52858387e-01, 1.47755177e+00, 1.82752041e+00, 2.51302962e+04, 6.32798394e+03, 6.32798394e+03, 1.59343051e+03, 4.70009880e+01, 3.09029339e+02, 1.79423358e-28
3.05470967e+00, 6.07959763e-01, 2.46626782e-01, 8.15879379e-01, 1.48220002e-01, 1.49616398e+00, 1.80890820e+00, 2.59813444e+04, 6.40769538e+03, 6.40769538e+03, 1.58030929e+03, 4.70733081e+01, 3.18470335e+02, 1.90553760e-28
3.14046522e+00, 6.17049141e-01, 2.41518754e-01, 8.20410488e-01, 1.43688893e-01, 1.51472893e+00, 1.79034325e+00, 2.68600443e+04, 6.48720442e+03, 6.48720442e+03, 1.56678153e+03, 4.71455336e+01, 3.28288510e+02, 2.02484096e-28
3.22862820e+00, 6.26199502e-01, 2.36483311e-01, 8.24834991e-01, 1.39264390e-01, 1.53324179e+00, 1.77183039e+00, 2.77672463e+04, 6.56649036e+03, 6.56649036e+03, 1.55286539e+03, 4.72176641e+01, 3.38499086e+02, 2.15275474e-28
3.31926620e+00, 6.35409971e-01, 2.31520808e-01, 8.29153661e-01, 1.34945720e-01, 1.55169786e+00, 1.75337432e+00, 2.87038264e+04, 6.64553307e+03, 6.64553307e+03, 1.53857918e+03, 4.72896990e+01, 3.49117921e+02, 2.28993861e-28
3.41244871e+00, 6.44679670e-01, 2.26631530e-01, 8.33367366e-01, 1.30732015e-01, 1.57009258e+00, 1.73497960e+00, 2.96706864e+04, 6.72431304e+03, 6.72431304e+03, 1.52394135e+03, 4.73616380e+01, 3.60161534e+02, 2.43710482e-28
3.50824714e+00, 6.54007716e-01, 2.21815701e-01, 8.37477066e-01, 1.26622316e-01, 1.58842153e+00, 1.71665064e+00, 3.06687549e+04, 6.80281136e+03, 6.80281136e+03, 1.50897037e+03, 4.74334807e+01, 3.71647133e+02, 2.59502249e-28
3.60673495e+00, 6.63393226e-01, 2.17073483e-01, 8.41483804e-01, 1.22615578e-01, 1.60668045e+00, 1.69839172e+00, 3.16989881e+04, 6.88100975e+03, 6.88100975e+03, 1.49368475e+03, 4.75052270e+01, 3.83592644e+02, 2.76452228e-28
3.70798763e+00, 6.72835313e-01, 2.12404976e-01, 8.45388704e-01, 1.18710678e-01, 1.62486522e+00, 1.68020696e+00, 3.27623705e+04, 6.95889053e+03, 6.95889053e+03, 1.47810298e+03, 4.75768766e+01, 3.96016746e+02, 2.94650143e-28
3.81208280e+00, 6.82333091e-01, 2.07810223e-01, 8.49192962e-01, 1.14906419e-01, 1.64297184e+00, 1.66210034e+00, 3.38599158e+04, 7.03643667e+03, 7.03643667e+03, 1.46224347e+03, 4.76484294e+01, 4.08938898e+02, 3.14192923e-28
3.91910025e+00, 6.91885673e-01, 2.03289209e-01, 8.52897845e-01, 1.11201537e-01, 1.66099649e+00, 1.64407569e+00, 3.49926676e+04, 7.11363172e+03, 7.11363172e+03, 1.44612457e+03, 4.77198853e+01, 4.22379375e+02, 3.35185297e-28
4.02912203e+00, 7.01492174e-01, 1.98841864e-01, 8.56504678e-01, 1.07594703e-01, 1.67893547e+00, 1.62613670e+00, 3.61617002e+04, 7.19045989e+03, 7.19045989e+03, 1.42976445e+03, 4.77912442e+01, 4.36359302e+02, 3.57740435e-28
4.14223247e+00, 7.11151707e-01, 1.94468065e-01, 8.60014848e-01, 1.04084534e-01, 1.69678524e+00, 1.60828694e+00, 3.73681199e+04, 7.26690598e+03, 7.26690598e+03, 1.41318115e+03, 4.78625062e+01, 4.50900691e+02, 3.81980643e-28
4.25851829e+00, 7.20863389e-01, 1.90167637e-01, 8.63429791e-01, 1.00669591e-01, 1.71454240e+00, 1.59052978e+00, 3.86130654e+04, 7.34295542e+03, 7.34295542e+03, 1.39639248e+03, 4.79336714e+01, 4.66026478e+02, 4.08038121e-28
4.37806863e+00, 7.30626340e-01, 1.85940357e-01, 8.66750991e-01, 9.73483902e-02, 1.73220367e+00, 1.57286850e+00, 3.98977089e+04, 7.41859424e+03, 7.41859424e+03, 1.37941606e+03, 4.80047398e+01, 4.81760564e+02, 4.36055779e-28
4.50097513e+00, 7.40439681e-01, 1.81785952e-01, 8.69979976e-01, 9.41194055e-02, 1.74976595e+00, 1.55530622e+00, 4.12232574e+04, 7.49380908e+03, 7.49380908e+03, 1.36226922e+03, 4.80757115e+01, 4.98127853e+02, 4.66188124e-28
4.62733201e+00, 7.50302539e-01, 1.77704105e-01, 8.73118309e-01, 9.09810729e-02, 1.76722626e+00, 1.53784592e+00, 4.25909530e+04, 7.56858719e+03, 7.56858719e+03, 1.34496901e+03, 4.81465868e+01, 5.15154298e+02, 4.98602221e-28
4.75723614e+00, 7.60214043e-01, 1.73694456e-01, 8.76167586e-01, 8.79317954e-02, 1.78458174e+00, 1.52049044e+00, 4.40020744e+04, 7.64291638e+03, 7.64291638e+03, 1.32753220e+03, 4.82173658e+01, 5.32866943e+02, 5.33478735e-28
4.89078709e+00, 7.70173327e-01, 1.69756602e-01, 8.79129434e-01, 8.49699477e-02, 1.80182970e+00, 1.50324248e+00, 4.54579379e+04, 7.71678507e+03, 7.71678507e+03, 1.30997521e+03, 4.82880487e+01, 5.51293973e+02, 5.71013062e-28
5.02808725e+00, 7.80179530e-01, 1.65890100e-01, 8.82005502e-01, 8.20938801e-02, 1.81896756e+00, 1.48610462e+00, 4.69598982e+04, 7.79018223e+03, 7.79018223e+03, 1.29231411e+03, 4.83586357e+01, 5.70464757e+02, 6.11416553e-28
5.16924187e+00, 7.90231798e-01, 1.62094471e-01, 8.84797459e-01, 7.93019226e-02, 1.83599288e+00, 1.46907929e+00, 4.85093499e+04, 7.86309743e+03, 7.86309743e+03, 1.27456462e+03, 4.84291273e+01, 5.90409904e+02, 6.54917842e-28
5.31435916e+00, 8.00329281e-01, 1.58369199e-01, 8.87506993e-01, 7.65923890e-02, 1.85290336e+00, 1.45216882e+00, 5.01077281e+04, 7.93552075e+03, 7.93552075e+03, 1.25674206e+03, 4.84995236e+01, 6.11161311e+02, 7.01764284e-28
5.46355035e+00, 8.10471136e-01, 1.54713732e-01, 8.90135801e-01, 7.39635803e-02, 1.86969680e+00, 1.43537538e+00, 5.17565101e+04, 8.00744285e+03, 8.00744285e+03, 1.23886137e+03, 4.85698249e+01, 6.32752221e+02, 7.52223523e-28
5.61692982e+00, 8.20656529e-01, 1.51127491e-01, 8.92685593e-01, 7.14137884e-02, 1.88637115e+00, 1.41870103e+00, 5.34572160e+04, 8.07885492e+03, 8.07885492e+03, 1.22093707e+03, 4.86400317e+01, 6.55217278e+02, 8.06585177e-28
5.77461515e+00, 8.30884629e-01, 1.47609861e-01, 8.95158082e-01, 6.89412992e-02, 1.90292447e+00, 1.40214770e+00, 5.52114106e+04, 8.14974864e+03, 8.14974864e+03, 1.20298326e+03, 4.87101442e+01, 6.78592589e+02, 8.65162684e-28
5.93672722e+00, 8.41154616e-01, 1.44160202e-01, 8.97554986e-01, 6.65443958e-02, 1.91935495e+00, 1.38571723e+00, 5.70207041e+04, 8.22011625e+03, 8.22011625e+03, 1.18501362e+03, 4.87801629e+01, 7.02915783e+02, 9.28295283e-28
6.10339029e+00, 8.51465677e-01, 1.40777848e-01, 8.99878020e-01, 6.42213618e-02, 1.93566088e+00, 1.36941130e+00, 5.88867535e+04, 8.28995045e+03, 8.28995045e+03, 1.16704139e+03, 4.88500881e+01, 7.28226076e+02, 9.96350186e-28
6.27473213e+00, 8.61817006e-01, 1.37462106e-01, 9.02128898e-01, 6.19704835e-02, 1.95184067e+00, 1.35323151e+00, 6.08112642e+04, 8.35924446e+03, 8.35924446e+03, 1.14907935e+03, 4.89199202e+01, 7.54564342e+02, 1.06972491e-27
6.45088409e+00, 8.72207807e-01, 1.34212261e-01, 9.04309329e-01, 5.97900529e-02, 1.96789285e+00, 1.33717932e+00, 6.27959910e+04, 8.42799194e+03, 8.42799194e+03, 1.13113985e+03, 4.89896596e+01, 7.81973177e+02, 1.14884984e-27
6.63198120e+00, 8.82637292e-01, 1.31027576e-01, 9.06421012e-01, 5.76783701e-02, 1.98381606e+00, 1.32125612e+00, 6.48427398e+04, 8.49618704e+03, 8.49618704e+03, 1.11323480e+03, 4.90593068e+01, 8.10496978e+02, 1.23419094e-27
6.81816229e+00, 8.93104682e-01, 1.27907296e-01, 9.08465636e-01, 5.56337454e-02, 1.99960903e+00, 1.30546315e+00, 6.69533687e+04, 8.56382436e+03, 8.56382436e+03, 1.09537562e+03, 4.91288622e+01, 8.40182016e+02, 1.32625281e-27
7.00957009e+00, 9.03609206e-01, 1.24850646e-01, 9.10444880e-01, 5.36545014e-02, 2.01527060e+00, 1.28980158e+00, 6.91297900e+04, 8.63089894e+03, 8.63089894e+03, 1.07757331e+03, 4.91983262e+01, 8.71076515e+02, 1.42558187e-27
7.20635132e+00, 9.14150106e-01, 1.21856835e-01, 9.12360406e-01, 5.17389753e-02, 2.03079971e+00, 1.27427247e+00, 7.13739710e+04, 8.69740622e+03, 8.69740622e+03, 1.05983840e+03, 4.92676993e+01, 9.03230738e+02, 1.53276993e-27
7.40865683e+00, 9.24726629e-01, 1.18925058e-01, 9.14213861e-01, 4.98855202e-02, 2.04619539e+00, 1.25887678e+00, 7.36879364e+04, 8.76334210e+03, 8.76334210e+03, 1.04218097e+03, 4.93369820e+01, 9.36697070e+02, 1.64845797e-27
7.61664172e+00, 9.35338035e-01, 1.16054495e-01, 9.16006875e-01, 4.80925071e-02, 2.06145679e+00, 1.24361539e+00, 7.60737692e+04, 8.82870284e+03, 8.82870284e+03, 1.02461065e+03, 4.94061747e+01, 9.71530109e+02, 1.77334030e-27
7.83046540e+00, 9.45983593e-01, 1.13244314e-01, 9.17741055e-01, 4.63583264e-02, 2.07658312e+00, 1.22848906e+00, 7.85336126e+04, 8.89348511e+03, 8.89348511e+03, 1.00713662e+03, 4.94752779e+01, 1.00778676e+03, 1.90816906e-27
8.05029181e+00, 9.56662583e-01, 1.10493675e-01, 9.19417993e-01, 4.46813891e-02, 2.09157369e+00, 1.21349849e+00, 8.10696720e+04, 8.95768597e+03, 8.95768597e+03, 9.89767640e+02, 4.95442921e+01, 1.04552633e+03, 2.05375912e-27
8.27628946e+00, 9.67374292e-01, 1.07801724e-01, 9.21039254e-01, 4.30601280e-02, 2.10642790e+00, 1.19864428e+00, 8.36842162e+04, 9.02130281e+03, 9.02130281e+03, 9.72512000e+02, 4.96132178e+01, 1.08481064e+03, 2.21099331e-27
8.50863158e+00, 9.78118021e-01, 1.05167604e-01, 9.22606383e-01, 4.14929990e-02, 2.12114522e+00, 1.18392696e+00, 8.63795797e+04, 9.08433342e+03, 9.08433342e+03, 9.55377579e+02, 4.96820554e+01, 1.12570412e+03, 2.38082823e-27
8.74749630e+00, 9.88893079e-01, 1.02590447e-01, 9.24120899e-01, 3.99784823e-02, 2.13572522e+00, 1.16934696e+00, 8.91581642e+04, 9.14677590e+03, 9.14677590e+03, 9.38371825e+02, 4.97508056e+01, 1.16827391e+03, 2.56430047e-27
8.99306672e+00, 9.99698787e-01, 1.00069381e-01, 9.25584299e-01, 3.85150826e-02, 2.15016752e+00, 1.15490465e+00, 9.20224408e+04, 9.20862868e+03, 9.20862868e+03, 9.21501770e+02, 4.98194687e+01, 1.21259001e+03, 2.76253335e-27
9.24553110e+00, 1.01053448e+00, 9.76035298e-02, 9.26998051e-01, 3.71013306e-02, 2.16447185e+00, 1.14060033e+00, 9.49749516e+04, 9.26989052e+03, 9.26989052e+03, 9.04774036e+02, 4.98880454e+01, 1.25872537e+03, 2.97674428e-27
9.50508296e+00, 1.02139949e+00, 9.51920136e-02, 9.28363598e-01, 3.57357834e-02, 2.17863798e+00, 1.12643420e+00, 9.80183120e+04, 9.33056049e+03, 9.33056049e+03, 8.88194841e+02, 4.99565361e+01, 1.30675602e+03, 3.20825273e-27
9.77192128e+00, 1.03229317e+00, 9.28339498e-02, 9.29682357e-01, 3.44170249e-02, 2.19266576e+00, 1.11240642e+00, 1.01155213e+05, 9.39063795e+03, 9.39063795e+03, 8.71770012e+02, 5.00249413e+01, 1.35676120e+03, 3.45848890e-27
1.00462506e+01, 1.04321489e+00, 9.05284548e-02, 9.30955715e-01, 3.31436665e-02, 2.20655510e+00, 1.09851707e+00, 1.04388422e+05, 9.45012255e+03, 9.45012255e+03, 8.55504992e+02, 5.00932617e+01, 1.40882352e+03, 3.72900306e-27
1.03282813e+01, 1.05416402e+00, 8.82746444e-02, 9.32185034e-01, 3.19143476e-02, 2.22030600e+00, 1.08476617e+00, 1.07720787e+05, 9.50901420e+03, 9.50901420e+03, 8.39404847e+02, 5.01614976e+01, 1.46302906e+03, 4.02147578e-27
1.06182294e+01, 1.06513995e+00, 8.60716349e-02, 9.33371646e-01, 3.07277356e-02, 2.23391850e+00, 1.07115368e+00, 1.11155238e+05, 9.56731310e+03, 9.56731310e+03, 8.23474280e+02, 5.02296497e+01, 1.51946755e+03, 4.33772897e-27
1.09163173e+01, 1.07614206e+00, 8.39185439e-02, 9.34516855e-01, 2.95825264e-02, 2.24739268e+00, 1.05767949e+00, 1.14694789e+05, 9.62501967e+03, 9.62501967e+03, 8.07717636e+02, 5.02977184e+01, 1.57823252e+03, 4.67973790e-27
1.12227736e+01, 1.08716977e+00, 8.18144912e-02, 9.35621937e-01, 2.84774447e-02, 2.26072873e+00, 1.04434345e+00, 1.18342539e+05, 9.68213461e+03, 9.68213461e+03, 7.92138917e+02, 5.03657044e+01, 1.63942145e+03, 5.04964422e-27
1.15378330e+01, 1.09822248e+00, 7.97585995e-02, 9.36688138e-01, 2.74112435e-02, 2.27392684e+00, 1.03114533e+00, 1.22101678e+05, 9.73865882e+03, 9.73865882e+03, 7.76741788e+02, 5.04336082e+01, 1.70313594e+03, 5.44977009e-27
1.18617372e+01, 1.10929963e+00, 7.77499950e-02, 9.37716677e-01, 2.63827049e-02, 2.28698729e+00, 1.01808488e+00, 1.25975487e+05, 9.79459346e+03, 9.79459346e+03, 7.61529592e+02, 5.05014302e+01, 1.76948189e+03, 5.88263359e-27
1.21947344e+01, 1.12040065e+00, 7.57878084e-02, 9.38708742e-01, 2.53906397e-02, 2.29991039e+00, 1.00516178e+00, 1.29967340e+05, 9.84993986e+03, 9.84993986e+03, 7.46505355e+02, 5.05691712e+01, 1.83856968e+03, 6.35096533e-27
1.25370799e+01, 1.13152499e+00, 7.38711753e-02, 9.39665494e-01, 2.44338874e-02, 2.31269651e+00, 9.92375666e-01, 1.34080710e+05, 9.90469959e+03, 9.90469959e+03, 7.31671800e+02, 5.06368315e+01, 1.91051436e+03, 6.85772657e-27
1.28890361e+01, 1.14267211e+00, 7.19992367e-02, 9.40588066e-01, 2.35113158e-02, 2.32534605e+00, 9.79726125e-01, 1.38319166e+05, 9.95887441e+03, 9.95887441e+03, 7.17031356e+02, 5.07044118e+01, 1.98543584e+03, 7.40612890e-27
1.32508729e+01, 1.15384147e+00, 7.01711401e-02, 9.41477560e-01, 2.26218216e-02, 2.33785947e+00, 9.67212705e-01, 1.42686384e+05, 1.00124662e+04, 1.00124662e+04, 7.02586172e+02, 5.07719127e+01, 2.06345910e+03, 7.99965551e-27
1.36228676e+01, 1.16503255e+00, 6.83860392e-02, 9.42335052e-01, 2.17643294e-02, 2.35023726e+00, 9.54834913e-01, 1.47186141e+05, 1.00654772e+04, 1.00654772e+04, 6.88338121e+02, 5.08393346e+01, 2.14471443e+03, 8.64208439e-27
1.40053055e+01, 1.17624484e+00, 6.66430952e-02, 9.43161590e-01, 2.09377918e-02, 2.36247996e+00, 9.42592212e-01, 1.51822325e+05, 1.01179097e+04, 1.01179097e+04, 6.74288816e+02, 5.09066782e+01, 2.22933761e+03, 9.33751347e-27
1.43984795e+01, 1.18747784e+00, 6.49414767e-02, 9.43958193e-01, 2.01411891e-02, 2.37458815e+00, 9.30484031e-01, 1.56598933e+05, 1.01697660e+04, 1.01697660e+04, 6.60439619e+02, 5.09739440e+01, 2.31747018e+03, 1.00903879e-26
1.48026913e+01, 1.19873106e+00, 6.32803605e-02, 9.44725852e-01, 1.93735292e-02, 2.38656242e+00, 9.18509762e-01, 1.61520078e+05, 1.02210488e+04, 1.02210488e+04, 6.46791649e+02, 5.10411326e+01, 2.40925964e+03, 1.09055297e-26
1.52182505e+01, 1.21000400e+00, 6.16589316e-02, 9.45465535e-01, 1.86338469e-02, 2.39840342e+00, 9.06668761e-01, 1.66589990e+05, 1.02717608e+04, 1.02717608e+04, 6.33345796e+02, 5.11082445e+01, 2.50485976e+03, 1.17881699e-26
1.56454759e+01, 1.22129622e+00, 6.00763839e-02, 9.46178178e-01, 1.79212037e-02, 2.41011182e+00, 8.94960354e-01, 1.71813020e+05, 1.03219050e+04, 1.03219050e+04, 6.20102725e+02, 5.11752804e+01, 2.60443081e+03, 1.27439836e-26
1.60846948e+01, 1.23260723e+00, 5.85319205e-02, 9.46864694e-01, 1.72346875e-02, 2.42168834e+00, 8.83383835e-01, 1.77193644e+05, 1.03714843e+04, 1.03714843e+04, 6.07062894e+02, 5.12422407e+01, 2.70813984e+03, 1.37791277e-26
1.65362441e+01, 1.24393658e+00, 5.70247538e-02, 9.47525970e-01, 1.65734121e-02, 2.43313371e+00, 8.71938469e-01, 1.82736465e+05, 1.04205019e+04, 1.04205019e+04, 5.94226556e+02, 5.13091261e+01, 2.81616097e+03, 1.49002825e-26
1.70004698e+01, 1.25528384e+00, 5.55541057e-02, 9.48162865e-01, 1.59365167e-02, 2.44444868e+00, 8.60623494e-01, 1.88446218e+05, 1.04689611e+04, 1.04689611e+04, 5.81593774e+02, 5.13759371e+01, 2.92867568e+03, 1.61146959e-26
1.74777277e+01, 1.26664856e+00, 5.41192085e-02, 9.48776216e-01, 1.53231658e-02, 2.45563406e+00, 8.49438122e-01, 1.94327773e+05, 1.05168653e+04, 1.05168653e+04, 5.69164424e+02, 5.14426744e+01, 3.04587314e+03, 1.74302323e-26
1.79683839e+01, 1.27803033e+00, 5.27193041e-02, 9.49366833e-01, 1.47325483e-02, 2.46669064e+00, 8.38381539e-01, 2.00386140e+05, 1.05642178e+04, 1.05642178e+04, 5.56938214e+02, 5.15093384e+01, 3.16795053e+03, 1.88554255e-26
1.84728144e+01, 1.28942872e+00, 5.13536452e-02, 9.49935504e-01, 1.41638774e-02, 2.47761927e+00, 8.27452911e-01, 2.06626470e+05, 1.06110224e+04, 1.06110224e+04, 5.44914681e+02, 5.15759298e+01, 3.29511337e+03, 2.03995354e-26
1.89914058e+01, 1.30084334e+00, 5.00214947e-02, 9.50482992e-01, 1.36163898e-02, 2.48842080e+00, 8.16651380e-01, 2.13054063e+05, 1.06572827e+04, 1.06572827e+04, 5.33093209e+02, 5.16424491e+01, 3.42757588e+03, 2.20726110e-26
1.95245558e+01, 1.31227377e+00, 4.87221263e-02, 9.51010036e-01, 1.30893455e-02, 2.49909611e+00, 8.05976068e-01, 2.19674369e+05, 1.07030024e+04, 1.07030024e+04, 5.21473033e+02, 5.17088969e+01, 3.56556133e+03, 2.38855572e-26
2.00726730e+01, 1.32371963e+00, 4.74548245e-02, 9.51517354e-01, 1.25820273e-02, 2.50964610e+00, 7.95426079e-01, 2.26492995e+05, 1.07481853e+04, 1.07481853e+04, 5.10053248e+02, 5.17752739e+01, 3.70930248e+03, 2.58502088e-26
2.06361777e+01, 1.33518054e+00, 4.62188846e-02, 9.52005642e-01, 1.20937401e-02, 2.52007168e+00, 7.85000499e-01, 2.33515706e+05, 1.07928355e+04, 1.07928355e+04, 4.98832817e+02, 5.18415805e+01, 3.85904192e+03, 2.79794096e-26
2.12155017e+01, 1.34665613e+00, 4.50136131e-02, 9.52475571e-01, 1.16238105e-02, 2.53037378e+00, 7.74698397e-01, 2.40748432e+05, 1.08369568e+04, 1.08369568e+04, 4.87810581e+02, 5.19078173e+01, 4.01503249e+03, 3.02870993e-26
2.18110892e+01, 1.35814602e+00, 4.38383275e-02, 9.52927795e-01, 1.11715864e-02, 2.54055335e+00, 7.64518827e-01, 2.48197273e+05, 1.08805533e+04, 1.08805533e+04, 4.76985260e+02, 5.19739850e+01, 4.17753777e+03, 3.27884075e-26
2.24233968e+01, 1.36964988e+00, 4.26923562e-02, 9.53362945e-01, 1.07364365e-02, 2.55061135e+00, 7.54460829e-01, 2.55868502e+05, 1.09236292e+04, 1.09236292e+04, 4.66355469e+02, 5.20400841e+01, 4.34683248e+03, 3.54997555e-26
2.30528939e+01, 1.38116734e+00, 4.15750390e-02, 9.53781632e-01, 1.03177494e-02, 2.56054875e+00, 7.44523430e-01, 2.63768571e+05, 1.09661886e+04, 1.09661886e+04, 4.55919719e+02, 5.21061152e+01, 4.52320298e+03, 3.84389671e-26
2.37000629e+01, 1.39269806e+00, 4.04857268e-02, 9.54184448e-01, 9.91493376e-03, 2.57036653e+00, 7.34705646e-01, 2.71904115e+05, 1.10082357e+04, 1.10082357e+04, 4.45676424e+02, 5.21720789e+01, 4.70694775e+03, 4.16253893e-26
2.43654001e+01, 1.40424172e+00, 3.94237819e-02, 9.54571964e-01, 9.52741735e-03, 2.58006570e+00, 7.25006479e-01, 2.80281959e+05, 1.10497748e+04, 1.10497748e+04, 4.35623912e+02, 5.22379757e+01, 4.89837789e+03, 4.50800228e-26
2.50494154e+01, 1.41579798e+00, 3.83885774e-02, 9.54944735e-01, 9.15464667e-03, 2.58964725e+00, 7.15424924e-01, 2.88909123e+05, 1.10908102e+04, 1.10908102e+04, 4.25760426e+02, 5.23038063e+01, 5.09781771e+03, 4.88256640e-26
2.57526333e+01, 1.42736654e+00, 3.73794979e-02, 9.55303295e-01, 8.79608645e-03, 2.59911221e+00, 7.05959966e-01, 2.97792824e+05, 1.11313463e+04, 1.11313463e+04, 4.16084135e+02, 5.23695711e+01, 5.30560523e+03, 5.28870592e-26
2.64755927e+01, 1.43894707e+00, 3.63959391e-02, 9.55648162e-01, 8.45121921e-03, 2.60846160e+00, 6.96610582e-01, 3.06940488e+05, 1.11713873e+04, 1.11713873e+04, 4.06593133e+02, 5.24352709e+01, 5.52209278e+03, 5.72910724e-26
2.72188479e+01, 1.45053928e+00, 3.54373078e-02, 9.55979837e-01, 8.11954473e-03, 2.61769644e+00, 6.87375740e-01, 3.16359750e+05, 1.12109378e+04, 1.12109378e+04, 3.97285455e+02, 5.25009061e+01, 5.74764761e+03, 6.20668666e-26
2.79829688e+01, 1.46214287e+00, 3.45030217e-02, 9.56298802e-01, 7.80057961e-03, 2.62681777e+00, 6.78254405e-01, 3.26058463e+05, 1.12500022e+04, 1.12500022e+04, 3.88159071e+02, 5.25664774e+01, 5.98265254e+03, 6.72461021e-26
2.87685409e+01, 1.47375755e+00, 3.35925097e-02, 9.56605525e-01, 7.49385678e-03, 2.63582664e+00, 6.69245533e-01, 3.36044704e+05, 1.12885850e+04, 1.12885850e+04, 3.79211901e+02, 5.26319853e+01, 6.22750659e+03, 7.28631505e-26
2.95761666e+01, 1.48538304e+00, 3.27052117e-02, 9.56900457e-01, 7.19892504e-03, 2.64472410e+00, 6.60348076e-01, 3.46326777e+05, 1.13266906e+04, 1.13266906e+04, 3.70441812e+02, 5.26974304e+01, 6.48262568e+03, 7.89553284e-26
3.04064649e+01, 1.49701906e+00, 3.18405781e-02, 9.57184033e-01, 6.91534861e-03, 2.65351119e+00, 6.51560983e-01, 3.56913227e+05, 1.13643235e+04, 1.13643235e+04, 3.61846629e+02, 5.27628132e+01, 6.74844334e+03, 8.55631502e-26
3.12600724e+01, 1.50866534e+00, 3.09980705e-02, 9.57456675e-01, 6.64270668e-03, 2.66218898e+00, 6.42883200e-01, 3.67812837e+05, 1.14014882e+04, 1.14014882e+04, 3.53424137e+02, 5.28281344e+01, 7.02541147e+03, 9.27306033e-26
3.21376434e+01, 1.52032162e+00, 3.01771610e-02, 9.57718789e-01, 6.38059297e-03, 2.67075851e+00, 6.34313667e-01, 3.79034642e+05, 1.14381894e+04, 1.14381894e+04, 3.45172083e+02, 5.28933945e+01, 7.31400111e+03, 1.00505447e-25
3.30398507e+01, 1.53198765e+00, 2.93773321e-02, 9.57970766e-01, 6.12861531e-03, 2.67922085e+00, 6.25851325e-01, 3.90587935e+05, 1.14744315e+04, 1.14744315e+04, 3.37088185e+02, 5.29585941e+01, 7.61470324e+03, 1.08939536e-25
3.39673858e+01, 1.54366317e+00, 2.85980772e-02, 9.58212986e-01, 5.88639519e-03, 2.68757706e+00, 6.17495113e-01, 4.02482271e+05, 1.15102191e+04, 1.15102191e+04, 3.29170134e+02, 5.30237338e+01, 7.92802965e+03, 1.18089174e-25
3.49209598e+01, 1.55534793e+00, 2.78388997e-02, 9.58445814e-01, 5.65356735e-03, 2.69582821e+00, 6.09243967e-01, 4.14727477e+05, 1.15455566e+04, 1.15455566e+04, 3.21415594e+02, 5.30888140e+01, 8.25451381e+03, 1.28015498e-25
3.59013038e+01, 1.56704171e+00, 2.70993135e-02, 9.58669602e-01, 5.42977941e-03, 2.70397535e+00, 6.01096825e-01, 4.27333659e+05, 1.15804488e+04, 1.15804488e+04, 3.13822213e+02, 5.31538355e+01, 8.59471176e+03, 1.38784890e-25
3.69091691e+01, 1.57874427e+00, 2.63788425e-02, 9.58884690e-01, 5.21469143e-03, 2.71201955e+00, 5.93052625e-01, 4.40311212e+05, 1.16149001e+04, 1.16149001e+04, 3.06387620e+02, 5.32187987e+01, 8.94920313e+03, 1.50469433e-25
3.79453285e+01, 1.59045537e+00, 2.56770206e-02, 9.59091406e-01, 5.00797553e-03, 2.71996187e+00, 5.85110305e-01, 4.53670824e+05, 1.16489151e+04, 1.16489151e+04, 2.99109432e+02, 5.32837043e+01, 9.31859209e+03, 1.63147400e-25
3.90105762e+01, 1.60217481e+00, 2.49933916e-02, 9.59290066e-01, 4.80931550e-03, 2.72780337e+00, 5.77268804e-01, 4.67423487e+05, 1.16824983e+04, 1.16824983e+04, 2.91985254e+02, 5.33485527e+01, 9.70350840e+03, 1.76903785e-25
4.01057288e+01, 1.61390235e+00, 2.43275093e-02, 9.59480975e-01, 4.61840647e-03, 2.73554511e+00, 5.69527062e-01, 4.81580504e+05, 1.17156542e+04, 1.17156542e+04, 2.85012686e+02, 5.34133445e+01, 1.01046085e+04, 1.91830888e-25
4.12316259e+01, 1.62563780e+00, 2.36789368e-02, 9.59664427e-01, 4.43495450e-03, 2.74318815e+00, 5.61884024e-01, 4.96153502e+05, 1.17483874e+04, 1.17483874e+04, 2.78189323e+02, 5.34780803e+01, 1.05225766e+04, 2.08028936e-25
4.23891306e+01, 1.63738095e+00, 2.30472468e-02, 9.59840705e-01, 4.25867624e-03, 2.75073354e+00, 5.54338634e-01, 5.11154436e+05, 1.17807024e+04, 1.17807024e+04, 2.71512756e+02, 5.35427607e+01, 1.09581261e+04, 2.25606775e-25
4.35791301e+01, 1.64913159e+00, 2.24320214e-02, 9.60010083e-01, 4.08929859e-03, 2.75818234e+00, 5.46889842e-01, 5.26595599e+05, 1.18126037e+04, 1.18126037e+04, 2.64980580e+02, 5.36073861e+01, 1.14120002e+04, 2.44682605e-25
4.48025368e+01, 1.66088953e+00, 2.18328518e-02, 9.60172823e-01, 3.92655837e-03, 2.76553558e+00, 5.39536599e-01, 5.42489636e+05, 1.18440958e+04, 1.18440958e+04, 2.58590390e+02, 5.36719572e+01, 1.18849741e+04, 2.65384792e-25
4.60602884e+01, 1.67265458e+00, 2.12493385e-02, 9.60329180e-01, 3.77020197e-03, 2.77279432e+00, 5.32277860e-01, 5.58849547e+05, 1.18751832e+04, 1.18751832e+04, 2.52339788e+02, 5.37364745e+01, 1.23778554e+04, 2.87852739e-25
4.73533492e+01, 1.68442656e+00, 2.06810907e-02, 9.60479397e-01, 3.61998506e-03, 2.77995959e+00, 5.25112586e-01, 5.75688703e+05, 1.19058703e+04, 1.19058703e+04, 2.46226383e+02, 5.38009385e+01, 1.28914863e+04, 3.12237841e-25
4.86827104e+01, 1.69620528e+00, 2.01277264e-02, 9.60623709e-01, 3.47567224e-03, 2.78703244e+00, 5.18039740e-01, 5.93020855e+05, 1.19361615e+04, 1.19361615e+04, 2.40247792e+02, 5.38653498e+01, 1.34267443e+04, 3.38704520e-25
5.00493910e+01, 1.70799057e+00, 1.95888723e-02, 9.60762345e-01, 3.33703680e-03, 2.79401389e+00, 5.11058291e-01, 6.10860142e+05, 1.19660613e+04, 1.19660613e+04, 2.34401646e+02, 5.39297089e+01, 1.39845445e+04, 3.67431345e-25
5.14544388e+01, 1.71978224e+00, 1.90641636e-02, 9.60895521e-01, 3.20386034e-03, 2.80090496e+00, 5.04167213e-01, 6.29221105e+05, 1.19955741e+04, 1.19955741e+04, 2.28685586e+02, 5.39940164e+01, 1.45658403e+04, 3.98612253e-25
5.28989308e+01, 1.73158015e+00, 1.85532437e-02, 9.61023449e-01, 3.07593257e-03, 2.80770669e+00, 4.97365484e-01, 6.48118697e+05, 1.20247042e+04, 1.20247042e+04, 2.23097267e+02, 5.40582728e+01, 1.51716260e+04, 4.32457875e-25
5.43839743e+01, 1.74338412e+00, 1.80557646e-02, 9.61146331e-01, 2.95305098e-03, 2.81442009e+00, 4.90652088e-01, 6.67568294e+05, 1.20534559e+04, 1.20534559e+04, 2.17634363e+02, 5.41224785e+01, 1.58029376e+04, 4.69196976e-25
5.59107078e+01, 1.75519399e+00, 1.75713858e-02, 9.61264361e-01, 2.83502059e-03, 2.82104616e+00, 4.84026017e-01, 6.87585710e+05, 1.20818337e+04, 1.20818337e+04, 2.12294561e+02, 5.41866342e+01, 1.64608553e+04, 5.09078020e-25
5.74803016e+01, 1.76700960e+00, 1.70997750e-02, 9.61377728e-01, 2.72165369e-03, 2.82758591e+00, 4.77486265e-01, 7.08187205e+05, 1.21098419e+04, 1.21098419e+04, 2.07075571e+02, 5.42507404e+01, 1.71465048e+04, 5.52370868e-25
5.90939590e+01, 1.77883082e+00, 1.66406078e-02, 9.61486612e-01, 2.61276958e-03, 2.83404034e+00, 4.71031835e-01, 7.29389500e+05, 1.21374846e+04, 1.21374846e+04, 2.01975120e+02, 5.43147975e+01, 1.78610599e+04, 5.99368626e-25
6.07529169e+01, 1.79065748e+00, 1.61935670e-02, 9.61591187e-01, 2.50819433e-03, 2.84041044e+00, 4.64661735e-01, 7.51209791e+05, 1.21647661e+04, 1.21647661e+04, 1.96990956e+02, 5.43788062e+01, 1.86057437e+04, 6.50389649e-25
6.24584471e+01, 1.80248944e+00, 1.57583434e-02, 9.61691621e-01, 2.40776054e-03, 2.84669720e+00, 4.58374981e-01, 7.73665760e+05, 1.21916907e+04, 1.21916907e+04, 1.92120849e+02, 5.44427669e+01, 1.93818314e+04, 7.05779720e-25
6.42118571e+01, 1.81432657e+00, 1.53346346e-02, 9.61788075e-01, 2.31130709e-03, 2.85290158e+00, 4.52170595e-01, 7.96775591e+05, 1.22182625e+04, 1.22182625e+04, 1.87362591e+02, 5.45066801e+01, 2.01906521e+04, 7.65914422e-25
6.60144909e+01, 1.82616872e+00, 1.49221457e-02, 9.61880703e-01, 2.21867898e-03, 2.85902457e+00, 4.46047604e-01, 8.20557981e+05, 1.22444858e+04, 1.22444858e+04, 1.82714001e+02, 5.45705464e+01, 2.10335915e+04, 8.31201703e-25
6.78677305e+01, 1.83801577e+00, 1.45205889e-02, 9.61969655e-01, 2.12972701e-03, 2.86506713e+00, 4.40005046e-01, 8.45032158e+05, 1.22703645e+04, 1.22703645e+04, 1.78172919e+02, 5.46343662e+01, 2.19120937e+04, 9.02084675e-25
6.97729965e+01, 1.84986758e+00, 1.41296829e-02, 9.62055074e-01, 2.04430769e-03, 2.87103021e+00, 4.34041963e-01, 8.70217895e+05, 1.22959029e+04, 1.22959029e+04, 1.73737210e+02, 5.46981400e+01, 2.28276640e+04, 9.79044650e-25
7.17317494e+01, 1.86172403e+00, 1.37491537e-02, 9.62137099e-01, 1.96228292e-03, 2.87691477e+00, 4.28157405e-01, 8.96135523e+05, 1.23211050e+04, 1.23211050e+04, 1.69404766e+02, 5.47618685e+01, 2.37818719e+04, 1.06260444e-24
7.37454909e+01, 1.87358500e+00, 1.33787335e-02, 9.62215862e-01, 1.88351989e-03, 2.88272175e+00, 4.22350430e-01, 9.22805949e+05, 1.23459748e+04, 1.23459748e+04, 1.65173507e+02, 5.48255519e+01, 2.47763529e+04, 1.15333192e-24
7.58157646e+01, 1.88545036e+00, 1.30181611e-02, 9.62291491e-01, 1.80789084e-03, 2.88845207e+00, 4.16620104e-01, 9.50250674e+05, 1.23705164e+04, 1.23705164e+04, 1.61041375e+02, 5.48891909e+01, 2.58128122e+04, 1.25184396e-24
7.79441575e+01, 1.89731999e+00, 1.26671819e-02, 9.62364109e-01, 1.73527288e-03, 2.89410668e+00, 4.10965500e-01, 9.78491804e+05, 1.23947336e+04, 1.23947336e+04, 1.57006345e+02, 5.49527860e+01, 2.68930270e+04, 1.35881062e-24
8.01323013e+01, 1.90919379e+00, 1.23255471e-02, 9.62433834e-01, 1.66554782e-03, 2.89968648e+00, 4.05385699e-01, 1.00755207e+06, 1.24186305e+04, 1.24186305e+04, 1.53066415e+02, 5.50163375e+01, 2.80188501e+04, 1.47495975e-24
8.23818733e+01, 1.92107165e+00, 1.19930143e-02, 9.62500780e-01, 1.59860199e-03, 2.90519239e+00, 3.99879788e-01, 1.03745486e+06, 1.24422110e+04, 1.24422110e+04, 1.49219614e+02, 5.50798460e+01, 2.91922126e+04, 1.60108202e-24
8.46945981e+01, 1.93295345e+00, 1.16693470e-02, 9.62565056e-01, 1.53432611e-03, 2.91062531e+00, 3.94446866e-01, 1.06822420e+06, 1.24654788e+04, 1.24654788e+04, 1.45463998e+02, 5.51433121e+01, 3.04151275e+04, 1.73803628e-24
8.70722485e+01, 1.94483908e+00, 1.13543144e-02, 9.62626767e-01, 1.47261507e-03, 2.91598614e+00, 3.89086036e-01, 1.09988481e+06, 1.24884379e+04, 1.24884379e+04, 1.41797650e+02, 5.52067360e+01, 3.16896932e+04, 1.88675550e-24
8.95166472e+01, 1.95672846e+00, 1.10476916e-02, 9.62686014e-01, 1.41336781e-03, 2.92127577e+00, 3.83796411e-01, 1.13246210e+06, 1.25110920e+04, 1.25110920e+04, 1.38218686e+02, 5.52701184e+01, 3.30180970e+04, 2.04825315e-24
9.20296681e+01, 1.96862147e+00, 1.07492590e-02, 9.62742894e-01, 1.35648719e-03, 2.92649507e+00, 3.78577112e-01, 1.16598223e+06, 1.25334450e+04, 1.25334450e+04, 1.34725247e+02, 5.53334597e+01, 3.44026189e+04, 2.22363019e-24
9.46132376e+01, 1.98051802e+00, 1.04588028e-02, 9.62797502e-01, 1.30187979e-03, 2.93164491e+00, 3.73427268e-01, 1.20047205e+06, 1.25555005e+04, 1.25555005e+04, 1.31315504e+02, 5.53967603e+01, 3.58456354e+04, 2.41408257e-24
9.72693362e+01, 1.99241802e+00, 1.01761143e-02, 9.62849926e-01, 1.24945581e-03, 2.93672616e+00, 3.68346015e-01, 1.23595921e+06, 1.25772622e+04, 1.25772622e+04, 1.27987658e+02, 5.54600207e+01, 3.73496240e+04, 2.62090949e-24
1.00000000e+02, 2.00432137e+00, 9.90099010e-03, 9.62900253e-01, 1.19912895e-03, 2.94173968e+00, 3.63332499e-01, 1.27247212e+06, 1.25987338e+04, 1.25987338e+04, 1.24739939e+02, 5.55232414e+01, 3.89171672e+04, 2.84552230e-24
