 --- Cosmological Parameters --- 
	 H0: 2.2027e-18 (1/s) = 67.9700 (km/s/Mpc) 
	 OmegaM: 3.0690e-01 
	 OmegaR: 0.0000e+00 
	 OmegaL: 6.9310e-01 
	 OmegaK: 0.0000e+00 
		 w0: -1.0000e+00 
		 wa: 0.0000e+00 
	 rho_crit: 8.6799e-30 (g/cm^3) 
z, log10(1+z), a, H0*t_look, H0*t_age, H0*t_conf, H0*t_conf_age, d_L, d_LOS, d_trans, d_ang, d_mod, H(z), rho_c(z) 
1.00000000e-04, 4.34272769e-05, 9.99900010e-01, 9.99926987e-05, 9.57877501e-01, 9.99976982e-05, 3.27458524e+00, 4.41099803e-01, 4.41055697e-01, 4.41055697e-01, 4.41011596e-01, 2.32226843e+01, 6.79731292e+01, 8.68068668e-30
1.02807322e-04, 4.46463579e-05, 9.99897203e-01, 1.02799605e-04, 9.57874694e-01, 1.02804890e-04, 3.27458243e+00, 4.53483876e-01, 4.53437259e-01, 4.53437259e-01, 4.53390648e-01, 2.32828093e+01, 6.79732171e+01, 8.68070912e-30
1.05693455e-04, 4.58996588e-05, 9.99894318e-01, 1.05685299e-04, 9.57871808e-01, 1.05690884e-04, 3.27457955e+00, 4.66215666e-01, 4.66166395e-01, 4.66166395e-01, 4.66117130e-01, 2.33429343e+01, 6.79733074e+01, 8.68073219e-30
1.08660611e-04, 4.71881402e-05, 9.99891351e-01, 1.08651991e-04, 9.57868841e-01, 1.08657894e-04, 3.27457658e+00, 4.79304938e-01, 4.79252862e-01, 4.79252862e-01, 4.79200791e-01, 2.34030595e+01, 6.79734003e+01, 8.68075591e-30
1.11711065e-04, 4.85127895e-05, 9.99888301e-01, 1.11701954e-04, 9.57865791e-01, 1.11708193e-04, 3.27457353e+00, 4.92761729e-01, 4.92706689e-01, 4.92706689e-01, 4.92651654e-01, 2.34631849e+01, 6.79734957e+01, 8.68078029e-30
1.14847155e-04, 4.98746217e-05, 9.99885166e-01, 1.14837525e-04, 9.57862656e-01, 1.14844119e-04, 3.27457039e+00, 5.06596363e-01, 5.06538188e-01, 5.06538188e-01, 5.06480020e-01, 2.35233103e+01, 6.79735939e+01, 8.68080536e-30
1.18071285e-04, 5.12746804e-05, 9.99881943e-01, 1.18061106e-04, 9.57859432e-01, 1.18068076e-04, 3.27456717e+00, 5.20819448e-01, 5.20757961e-01, 5.20757961e-01, 5.20696482e-01, 2.35834360e+01, 6.79736948e+01, 8.68083113e-30
1.21385926e-04, 5.27140387e-05, 9.99878629e-01, 1.21375168e-04, 9.57856118e-01, 1.21382535e-04, 3.27456385e+00, 5.35441895e-01, 5.35376908e-01, 5.35376908e-01, 5.35311928e-01, 2.36435617e+01, 6.79737985e+01, 8.68085763e-30
1.24793621e-04, 5.41937993e-05, 9.99875222e-01, 1.24782250e-04, 9.57852711e-01, 1.24790036e-04, 3.27456045e+00, 5.50474919e-01, 5.50406232e-01, 5.50406232e-01, 5.50337553e-01, 2.37036877e+01, 6.79739052e+01, 8.68088487e-30
1.28296980e-04, 5.57150964e-05, 9.99871719e-01, 1.28284962e-04, 9.57849208e-01, 1.28293191e-04, 3.27455694e+00, 5.65930051e-01, 5.65857453e-01, 5.65857453e-01, 5.65784864e-01, 2.37638138e+01, 6.79740148e+01, 8.68091287e-30
1.31898690e-04, 5.72790956e-05, 9.99868119e-01, 1.31885988e-04, 9.57845607e-01, 1.31894685e-04, 3.27455334e+00, 5.81819145e-01, 5.81742413e-01, 5.81742413e-01, 5.81665693e-01, 2.38239400e+01, 6.79741275e+01, 8.68094166e-30
1.35601511e-04, 5.88869955e-05, 9.99864417e-01, 1.35588086e-04, 9.57841905e-01, 1.35597279e-04, 3.27454964e+00, 5.98154388e-01, 5.98073289e-01, 5.98073289e-01, 5.97992200e-01, 2.38840665e+01, 6.79742434e+01, 8.68097126e-30
1.39408283e-04, 6.05400281e-05, 9.99860611e-01, 1.39394093e-04, 9.57838099e-01, 1.39403809e-04, 3.27454583e+00, 6.14948312e-01, 6.14862595e-01, 6.14862595e-01, 6.14776890e-01, 2.39441931e+01, 6.79743626e+01, 8.68100169e-30
1.43321923e-04, 6.22394601e-05, 9.99856699e-01, 1.43306925e-04, 9.57834186e-01, 1.43317194e-04, 3.27454192e+00, 6.32213798e-01, 6.32123201e-01, 6.32123201e-01, 6.32032617e-01, 2.40043199e+01, 6.79744850e+01, 8.68103298e-30
1.47345431e-04, 6.39865937e-05, 9.99852676e-01, 1.47329580e-04, 9.57830164e-01, 1.47340434e-04, 3.27453790e+00, 6.49964090e-01, 6.49868335e-01, 6.49868335e-01, 6.49772594e-01, 2.40644468e+01, 6.79746110e+01, 8.68106514e-30
1.51481892e-04, 6.57827676e-05, 9.99848541e-01, 1.51465139e-04, 9.57826028e-01, 1.51476610e-04, 3.27453376e+00, 6.68212805e-01, 6.68111598e-01, 6.68111598e-01, 6.68010407e-01, 2.41245740e+01, 6.79747404e+01, 8.68109821e-30
1.55734477e-04, 6.76293582e-05, 9.99844290e-01, 1.55716770e-04, 9.57821776e-01, 1.55728895e-04, 3.27452951e+00, 6.86973941e-01, 6.86866972e-01, 6.86866972e-01, 6.86760020e-01, 2.41847013e+01, 6.79748735e+01, 8.68113220e-30
1.60106446e-04, 6.95277803e-05, 9.99839919e-01, 1.60087731e-04, 9.57817405e-01, 1.60100546e-04, 3.27452514e+00, 7.06261891e-01, 7.06148832e-01, 7.06148832e-01, 7.06035791e-01, 2.42448289e+01, 6.79750103e+01, 8.68116715e-30
1.64601150e-04, 7.14794886e-05, 9.99835426e-01, 1.64581369e-04, 9.57812912e-01, 1.64594914e-04, 3.27452064e+00, 7.26091451e-01, 7.25971955e-01, 7.25971955e-01, 7.25852479e-01, 2.43049566e+01, 6.79751510e+01, 8.68120309e-30
1.69222035e-04, 7.34859785e-05, 9.99830807e-01, 1.69201128e-04, 9.57808292e-01, 1.69215444e-04, 3.27451602e+00, 7.46477833e-01, 7.46351534e-01, 7.46351534e-01, 7.46225256e-01, 2.43650846e+01, 6.79752956e+01, 8.68124003e-30
1.73972643e-04, 7.55487874e-05, 9.99826058e-01, 1.73950546e-04, 9.57803543e-01, 1.73965676e-04, 3.27451127e+00, 7.67436678e-01, 7.67303189e-01, 7.67303189e-01, 7.67169722e-01, 2.44252128e+01, 6.79754443e+01, 8.68127800e-30
1.78856616e-04, 7.76694958e-05, 9.99821175e-01, 1.78833261e-04, 9.57798660e-01, 1.78849253e-04, 3.27450639e+00, 7.88984066e-01, 7.88842976e-01, 7.88842976e-01, 7.88701911e-01, 2.44853412e+01, 6.79755972e+01, 8.68131705e-30
1.83877698e-04, 7.98497285e-05, 9.99816156e-01, 1.83853013e-04, 9.57793640e-01, 1.83869915e-04, 3.27450137e+00, 8.11136526e-01, 8.10987404e-01, 8.10987404e-01, 8.10838309e-01, 2.45454698e+01, 6.79757543e+01, 8.68135719e-30
1.89039738e-04, 8.20911560e-05, 9.99810996e-01, 1.89013647e-04, 9.57788480e-01, 1.89031512e-04, 3.27449620e+00, 8.33911057e-01, 8.33753444e-01, 8.33753444e-01, 8.33595861e-01, 2.46055987e+01, 6.79759159e+01, 8.68139846e-30
1.94346693e-04, 8.43954955e-05, 9.99805691e-01, 1.94319117e-04, 9.57783174e-01, 1.94337998e-04, 3.27449090e+00, 8.57325130e-01, 8.57158544e-01, 8.57158544e-01, 8.56991990e-01, 2.46657278e+01, 6.79760820e+01, 8.68144088e-30
1.99802631e-04, 8.67645125e-05, 9.99800237e-01, 1.99773485e-04, 9.57777720e-01, 1.99793442e-04, 3.27448544e+00, 8.81396711e-01, 8.81220641e-01, 8.81220641e-01, 8.81044606e-01, 2.47258571e+01, 6.79762528e+01, 8.68148450e-30
2.05411735e-04, 8.92000219e-05, 9.99794630e-01, 2.05380930e-04, 9.57772112e-01, 2.05402022e-04, 3.27447983e+00, 9.06144270e-01, 9.05958175e-01, 9.05958175e-01, 9.05772119e-01, 2.47859867e+01, 6.79764283e+01, 8.68152935e-30
2.11178304e-04, 9.17038897e-05, 9.99788866e-01, 2.11145745e-04, 9.57766347e-01, 2.11168039e-04, 3.27447407e+00, 9.31586795e-01, 9.31390106e-01, 9.31390106e-01, 9.31193458e-01, 2.48461166e+01, 6.79766088e+01, 8.68157545e-30
2.17106760e-04, 9.42780341e-05, 9.99782940e-01, 2.17072348e-04, 9.57760421e-01, 2.17095910e-04, 3.27446814e+00, 9.57743809e-01, 9.57535922e-01, 9.57535922e-01, 9.57328079e-01, 2.49062468e+01, 6.79767944e+01, 8.68162285e-30
2.23201647e-04, 9.69244272e-05, 9.99776848e-01, 2.23165275e-04, 9.57754328e-01, 2.23190179e-04, 3.27446205e+00, 9.84635384e-01, 9.84415661e-01, 9.84415661e-01, 9.84195987e-01, 2.49663772e+01, 6.79769852e+01, 8.68167158e-30
2.29467637e-04, 9.96450962e-05, 9.99770585e-01, 2.29429194e-04, 9.57748064e-01, 2.29455516e-04, 3.27445578e+00, 1.01228215e+00, 1.01204992e+00, 1.01204992e+00, 1.01181774e+00, 2.50265079e+01, 6.79771813e+01, 8.68172168e-30
2.35909533e-04, 1.02442125e-04, 9.99764146e-01, 2.35868902e-04, 9.57741624e-01, 2.35896722e-04, 3.27444934e+00, 1.04070534e+00, 1.04045988e+00, 1.04045988e+00, 1.04021449e+00, 2.50866389e+01, 6.79773829e+01, 8.68177318e-30
2.42532274e-04, 1.05317657e-04, 9.99757527e-01, 2.42489330e-04, 9.57735004e-01, 2.42518734e-04, 3.27444272e+00, 1.06992674e+00, 1.06966732e+00, 1.06966732e+00, 1.06940795e+00, 2.51467702e+01, 6.79775902e+01, 8.68182613e-30
2.49340937e-04, 1.08273895e-04, 9.99750721e-01, 2.49295548e-04, 9.57728198e-01, 2.49326626e-04, 3.27443591e+00, 1.09996880e+00, 1.09969460e+00, 1.09969460e+00, 1.09942047e+00, 2.52069018e+01, 6.79778034e+01, 8.68188057e-30
2.56340741e-04, 1.11313103e-04, 9.99743725e-01, 2.56292768e-04, 9.57721200e-01, 2.56325615e-04, 3.27442891e+00, 1.13085456e+00, 1.13056475e+00, 1.13056475e+00, 1.13027502e+00, 2.52670338e+01, 6.79780225e+01, 8.68193654e-30
2.63537052e-04, 1.14437609e-04, 9.99736532e-01, 2.63486348e-04, 9.57714007e-01, 2.63521065e-04, 3.27442172e+00, 1.16260773e+00, 1.16230142e+00, 1.16230142e+00, 1.16199520e+00, 2.53271660e+01, 6.79782477e+01, 8.68199408e-30
2.70935387e-04, 1.17649806e-04, 9.99729138e-01, 2.70881796e-04, 9.57706611e-01, 2.70918489e-04, 3.27441432e+00, 1.19525269e+00, 1.19492894e+00, 1.19492894e+00, 1.19460528e+00, 2.53872986e+01, 6.79784793e+01, 8.68205323e-30
2.78541416e-04, 1.20952156e-04, 9.99721536e-01, 2.78484775e-04, 9.57699008e-01, 2.78523557e-04, 3.27440671e+00, 1.22881447e+00, 1.22847229e+00, 1.22847229e+00, 1.22813021e+00, 2.54474316e+01, 6.79787174e+01, 8.68211405e-30
2.86360972e-04, 1.24347187e-04, 9.99713721e-01, 2.86301106e-04, 9.57691192e-01, 2.86342096e-04, 3.27439889e+00, 1.26331886e+00, 1.26295720e+00, 1.26295720e+00, 1.26259564e+00, 2.55075649e+01, 6.79789622e+01, 8.68217658e-30
2.94400048e-04, 1.27837499e-04, 9.99705687e-01, 2.94336773e-04, 9.57683156e-01, 2.94380097e-04, 3.27439086e+00, 1.29879233e+00, 1.29841007e+00, 1.29841007e+00, 1.29802794e+00, 2.55676986e+01, 6.79792139e+01, 8.68224086e-30
3.02664806e-04, 1.31425767e-04, 9.99697427e-01, 3.02597930e-04, 9.57674895e-01, 3.02643719e-04, 3.27438259e+00, 1.33526211e+00, 1.33485809e+00, 1.33485809e+00, 1.33445420e+00, 2.56278326e+01, 6.79794726e+01, 8.68230695e-30
3.11161583e-04, 1.35114738e-04, 9.99688935e-01, 3.11090899e-04, 9.57666402e-01, 3.11139295e-04, 3.27437410e+00, 1.37275619e+00, 1.37232918e+00, 1.37232918e+00, 1.37190229e+00, 2.56879671e+01, 6.79797386e+01, 8.68237489e-30
3.19896892e-04, 1.38907238e-04, 9.99680205e-01, 3.19822184e-04, 9.57657671e-01, 3.19873335e-04, 3.27436536e+00, 1.41130337e+00, 1.41085204e+00, 1.41085204e+00, 1.41040086e+00, 2.57481019e+01, 6.79800120e+01, 8.68244474e-30
3.28877429e-04, 1.42806171e-04, 9.99671231e-01, 3.28798468e-04, 9.57648695e-01, 3.28852531e-04, 3.27435638e+00, 1.45093323e+00, 1.45045621e+00, 1.45045621e+00, 1.44997934e+00, 2.58082371e+01, 6.79802932e+01, 8.68251656e-30
3.38110078e-04, 1.46814523e-04, 9.99662004e-01, 3.38026623e-04, 9.57639467e-01, 3.38083763e-04, 3.27434715e+00, 1.49167620e+00, 1.49117202e+00, 1.49117202e+00, 1.49066801e+00, 2.58683728e+01, 6.79805822e+01, 8.68259039e-30
3.47601918e-04, 1.50935364e-04, 9.99652519e-01, 3.47513712e-04, 9.57629979e-01, 3.47574105e-04, 3.27433766e+00, 1.53356356e+00, 1.53303068e+00, 1.53303068e+00, 1.53249798e+00, 2.59285089e+01, 6.79808794e+01, 8.68266630e-30
3.57360225e-04, 1.55171849e-04, 9.99642767e-01, 3.57266997e-04, 9.57620226e-01, 3.57330828e-04, 3.27432791e+00, 1.57662747e+00, 1.57606425e+00, 1.57606425e+00, 1.57550123e+00, 2.59886455e+01, 6.79811849e+01, 8.68274434e-30
3.67392478e-04, 1.59527223e-04, 9.99632742e-01, 3.67293943e-04, 9.57610199e-01, 3.67361407e-04, 3.27431787e+00, 1.62090100e+00, 1.62030571e+00, 1.62030571e+00, 1.61971064e+00, 2.60487825e+01, 6.79814990e+01, 8.68282457e-30
3.77706369e-04, 1.64004821e-04, 9.99622436e-01, 3.77602225e-04, 9.57599891e-01, 3.77673530e-04, 3.27430756e+00, 1.66641814e+00, 1.66578896e+00, 1.66578896e+00, 1.66516002e+00, 2.61089199e+01, 6.79818219e+01, 8.68290706e-30
3.88309805e-04, 1.68608072e-04, 9.99611841e-01, 3.88199732e-04, 9.57589293e-01, 3.88275095e-04, 3.27429696e+00, 1.71321385e+00, 1.71254885e+00, 1.71254885e+00, 1.71188411e+00, 2.61690579e+01, 6.79821538e+01, 8.68299186e-30
3.99210913e-04, 1.73340499e-04, 9.99600948e-01, 3.99094573e-04, 9.57578399e-01, 3.99174227e-04, 3.27428606e+00, 1.76132406e+00, 1.76062120e+00, 1.76062120e+00, 1.75991862e+00, 2.62291963e+01, 6.79824951e+01, 8.68307904e-30
4.10418050e-04, 1.78205728e-04, 9.99589750e-01, 4.10295088e-04, 9.57567198e-01, 4.10379276e-04, 3.27427486e+00, 1.81078571e+00, 1.81004284e+00, 1.81004284e+00, 1.80930027e+00, 2.62893353e+01, 6.79828460e+01, 8.68316868e-30
4.21939808e-04, 1.83207482e-04, 9.99578238e-01, 4.21809846e-04, 9.57555683e-01, 4.21898826e-04, 3.27426334e+00, 1.86163681e+00, 1.86085164e+00, 1.86085164e+00, 1.86006680e+00, 2.63494748e+01, 6.79832068e+01, 8.68326083e-30
4.33785019e-04, 1.88349591e-04, 9.99566403e-01, 4.33647658e-04, 9.57543846e-01, 4.33741703e-04, 3.27425149e+00, 1.91391640e+00, 1.91308653e+00, 1.91308653e+00, 1.91225702e+00, 2.64096148e+01, 6.79835777e+01, 8.68335558e-30
4.45962763e-04, 1.93635993e-04, 9.99554236e-01, 4.45817582e-04, 9.57531676e-01, 4.45916981e-04, 3.27423932e+00, 1.96766463e+00, 1.96678752e+00, 1.96678752e+00, 1.96591080e+00, 2.64697554e+01, 6.79839590e+01, 8.68345298e-30
4.58482375e-04, 1.99070734e-04, 9.99541728e-01, 4.58328930e-04, 9.57519164e-01, 4.58433986e-04, 3.27422680e+00, 2.02292281e+00, 2.02199576e+00, 2.02199576e+00, 2.02106913e+00, 2.65298966e+01, 6.79843510e+01, 8.68355312e-30
4.71353453e-04, 2.04657975e-04, 9.99528869e-01, 4.71191274e-04, 9.57506302e-01, 4.71302310e-04, 3.27421393e+00, 2.07973336e+00, 2.07875354e+00, 2.07875354e+00, 2.07777417e+00, 2.65900383e+01, 6.79847540e+01, 8.68365608e-30
4.84585864e-04, 2.10401992e-04, 9.99515649e-01, 4.84414452e-04, 9.57493079e-01, 4.84531809e-04, 3.27420070e+00, 2.13813995e+00, 2.13710434e+00, 2.13710434e+00, 2.13606923e+00, 2.66501806e+01, 6.79851683e+01, 8.68376193e-30
4.98189752e-04, 2.16307184e-04, 9.99502058e-01, 4.98008582e-04, 9.57479485e-01, 4.98132618e-04, 3.27418710e+00, 2.19818743e+00, 2.19709286e+00, 2.19709286e+00, 2.19599884e+00, 2.67103236e+01, 6.79855943e+01, 8.68387075e-30
5.12175544e-04, 2.22378069e-04, 9.99488087e-01, 5.11984061e-04, 9.57465509e-01, 5.12115158e-04, 3.27417312e+00, 2.25992196e+00, 2.25876507e+00, 2.25876507e+00, 2.25760878e+00, 2.67704672e+01, 6.79860323e+01, 8.68398263e-30
5.26553963e-04, 2.28619296e-04, 9.99473723e-01, 5.26351580e-04, 9.57451142e-01, 5.26490138e-04, 3.27415875e+00, 2.32339095e+00, 2.32216820e+00, 2.32216820e+00, 2.32094610e+00, 2.68306115e+01, 6.79864825e+01, 8.68409766e-30
5.41336030e-04, 2.35035640e-04, 9.99458957e-01, 5.41122126e-04, 9.57436371e-01, 5.41268571e-04, 3.27414397e+00, 2.38864318e+00, 2.38735082e+00, 2.38735082e+00, 2.38605916e+00, 2.68907564e+01, 6.79869455e+01, 8.68421592e-30
5.56533078e-04, 2.41632013e-04, 9.99443776e-01, 5.56306997e-04, 9.57421186e-01, 5.56461778e-04, 3.27412877e+00, 2.45572880e+00, 2.45436287e+00, 2.45436287e+00, 2.45299769e+00, 2.69509020e+01, 6.79874214e+01, 8.68433750e-30
5.72156756e-04, 2.48413463e-04, 9.99428170e-01, 5.71917805e-04, 9.57405575e-01, 5.72081396e-04, 3.27411315e+00, 2.52469937e+00, 2.52325567e+00, 2.52325567e+00, 2.52181280e+00, 2.70110484e+01, 6.79879107e+01, 8.68446250e-30
5.88219040e-04, 2.55385179e-04, 9.99412127e-01, 5.87966488e-04, 9.57389527e-01, 5.88139390e-04, 3.27409710e+00, 2.59560788e+00, 2.59408200e+00, 2.59408200e+00, 2.59255700e+00, 2.70711954e+01, 6.79884137e+01, 8.68459101e-30
6.04732245e-04, 2.62552498e-04, 9.99395633e-01, 6.04465316e-04, 9.57373028e-01, 6.04648059e-04, 3.27408059e+00, 2.66850886e+00, 2.66689610e+00, 2.66689610e+00, 2.66528432e+00, 2.71313432e+01, 6.79889309e+01, 8.68472313e-30
6.21709029e-04, 2.69920903e-04, 9.99378677e-01, 6.21426905e-04, 9.57356066e-01, 6.21620049e-04, 3.27406362e+00, 2.74345833e+00, 2.74175375e+00, 2.74175375e+00, 2.74005024e+00, 2.71914918e+01, 6.79894626e+01, 8.68485897e-30
6.39162405e-04, 2.77496033e-04, 9.99361246e-01, 6.38864223e-04, 9.57338629e-01, 6.39068360e-04, 3.27404617e+00, 2.82051391e+00, 2.81871229e+00, 2.81871229e+00, 2.81691183e+00, 2.72516412e+01, 6.79900092e+01, 8.68499863e-30
6.57105755e-04, 2.85283683e-04, 9.99343326e-01, 6.56790598e-04, 9.57320703e-01, 6.57006354e-04, 3.27402823e+00, 2.89973484e+00, 2.89783066e+00, 2.89783066e+00, 2.89592773e+00, 2.73117914e+01, 6.79905712e+01, 8.68514221e-30
6.75552832e-04, 2.93289812e-04, 9.99324903e-01, 6.75219736e-04, 9.57302273e-01, 6.75447772e-04, 3.27400979e+00, 2.98118204e+00, 2.97916945e+00, 2.97916945e+00, 2.97715822e+00, 2.73719425e+01, 6.79911490e+01, 8.68528982e-30
6.94517777e-04, 3.01520545e-04, 9.99305964e-01, 6.94165721e-04, 9.57283327e-01, 6.94406735e-04, 3.27399083e+00, 3.06491813e+00, 3.06279097e+00, 3.06279097e+00, 3.06066528e+00, 2.74320944e+01, 6.79917431e+01, 8.68544159e-30
7.14015130e-04, 3.09982178e-04, 9.99286494e-01, 7.13643034e-04, 9.57263850e-01, 7.13897766e-04, 3.27397134e+00, 3.15100751e+00, 3.14875925e+00, 3.14875925e+00, 3.14651259e+00, 2.74922472e+01, 6.79923538e+01, 8.68559763e-30
7.34059837e-04, 3.18681185e-04, 9.99266479e-01, 7.33666560e-04, 9.57243827e-01, 7.33935790e-04, 3.27395130e+00, 3.23951638e+00, 3.23714013e+00, 3.23714013e+00, 3.23476562e+00, 2.75524009e+01, 6.79929817e+01, 8.68575805e-30
7.54667263e-04, 3.27624220e-04, 9.99245902e-01, 7.54251601e-04, 9.57223242e-01, 7.54536153e-04, 3.27393070e+00, 3.33051283e+00, 3.32800129e+00, 3.32800129e+00, 3.32549165e+00, 2.76125556e+01, 6.79936272e+01, 8.68592298e-30
7.75853206e-04, 3.36818122e-04, 9.99224748e-01, 7.75413884e-04, 9.57202079e-01, 7.75714630e-04, 3.27390952e+00, 3.42406684e+00, 3.42141233e+00, 3.42141233e+00, 3.41875987e+00, 2.76727112e+01, 6.79942909e+01, 8.68609255e-30
7.97633907e-04, 3.46269924e-04, 9.99203002e-01, 7.97169578e-04, 9.57180324e-01, 7.97487441e-04, 3.27388775e+00, 3.52025039e+00, 3.51744476e+00, 3.51744476e+00, 3.51464136e+00, 2.77328678e+01, 6.79949733e+01, 8.68626688e-30
8.20026062e-04, 3.55986854e-04, 9.99180646e-01, 8.19535303e-04, 9.57157958e-01, 8.19871256e-04, 3.27386537e+00, 3.61913748e+00, 3.61617212e+00, 3.61617212e+00, 3.61320920e+00, 2.77930254e+01, 6.79956748e+01, 8.68644612e-30
8.43046837e-04, 3.65976343e-04, 9.99157663e-01, 8.42528144e-04, 9.57134965e-01, 8.42883217e-04, 3.27384235e+00, 3.72080419e+00, 3.71767002e+00, 3.71767002e+00, 3.71453849e+00, 2.78531841e+01, 6.79963960e+01, 8.68663040e-30
8.66713880e-04, 3.76246030e-04, 9.99134037e-01, 8.66165663e-04, 9.57111328e-01, 8.66540943e-04, 3.27381870e+00, 3.82532877e+00, 3.82201617e+00, 3.82201617e+00, 3.81870645e+00, 2.79133438e+01, 6.79971376e+01, 8.68681986e-30
8.91045332e-04, 3.86803767e-04, 9.99109748e-01, 8.90465912e-04, 9.57087027e-01, 8.90862549e-04, 3.27379437e+00, 3.93279165e+00, 3.92929047e+00, 3.92929047e+00, 3.92579241e+00, 2.79735047e+01, 6.79978999e+01, 8.68701465e-30
9.16059848e-04, 3.97657626e-04, 9.99084779e-01, 9.15447447e-04, 9.57062046e-01, 9.15866656e-04, 3.27376937e+00, 4.04327554e+00, 4.03957505e+00, 4.03957505e+00, 4.03587794e+00, 2.80336667e+01, 6.79986837e+01, 8.68721491e-30
9.41776601e-04, 4.08815904e-04, 9.99059110e-01, 9.41129344e-04, 9.57036364e-01, 9.41572409e-04, 3.27374366e+00, 4.15686550e+00, 4.15295435e+00, 4.15295435e+00, 4.14904687e+00, 2.80938299e+01, 6.79994895e+01, 8.68742081e-30
9.68215306e-04, 4.20287133e-04, 9.99032721e-01, 9.67531209e-04, 9.57009962e-01, 9.67999487e-04, 3.27371724e+00, 4.27364897e+00, 4.26951516e+00, 4.26951516e+00, 4.26538535e+00, 2.81539942e+01, 6.80003180e+01, 8.68763250e-30
9.95396231e-04, 4.32080081e-04, 9.99005594e-01, 9.94673197e-04, 9.56982820e-01, 9.95168124e-04, 3.27369007e+00, 4.39371588e+00, 4.38934674e+00, 4.38934674e+00, 4.38498195e+00, 2.82141598e+01, 6.80011698e+01, 8.68785015e-30
1.02334021e-03, 4.44203760e-04, 9.98977706e-01, 1.02257603e-03, 9.56954917e-01, 1.02309912e-03, 3.27366214e+00, 4.51715867e+00, 4.51254081e+00, 4.51254081e+00, 4.50792767e+00, 2.82743267e+01, 6.80020455e+01, 8.68807392e-30
1.05206867e-03, 4.56667438e-04, 9.98949037e-01, 1.05126099e-03, 9.56926232e-01, 1.05181385e-03, 3.27363342e+00, 4.64407243e+00, 4.63919168e+00, 4.63919168e+00, 4.63431606e+00, 2.83344949e+01, 6.80029459e+01, 8.68830398e-30
1.08160363e-03, 4.69480638e-04, 9.98919565e-01, 1.08074998e-03, 9.56896743e-01, 1.08133430e-03, 3.27360390e+00, 4.77455490e+00, 4.76939630e+00, 4.76939630e+00, 4.76424328e+00, 2.83946645e+01, 6.80038715e+01, 8.68854051e-30
1.11196773e-03, 4.82653152e-04, 9.98889267e-01, 1.11106549e-03, 9.56866428e-01, 1.11168306e-03, 3.27357355e+00, 4.90870660e+00, 4.90325434e+00, 4.90325434e+00, 4.89780813e+00, 2.84548354e+01, 6.80048232e+01, 8.68878370e-30
1.14318425e-03, 4.96195044e-04, 9.98858121e-01, 1.14223066e-03, 9.56835263e-01, 1.14288337e-03, 3.27354235e+00, 5.04663089e+00, 5.04086825e+00, 5.04086825e+00, 5.03511219e+00, 2.85150077e+01, 6.80058017e+01, 8.68903373e-30
1.17527712e-03, 5.10116661e-04, 9.98826103e-01, 1.17426926e-03, 9.56803224e-01, 1.17495911e-03, 3.27351028e+00, 5.18843405e+00, 5.18234336e+00, 5.18234336e+00, 5.17625982e+00, 2.85751815e+01, 6.80068077e+01, 8.68929080e-30
1.20827094e-03, 5.24428638e-04, 9.98793187e-01, 1.20720571e-03, 9.56770287e-01, 1.20793481e-03, 3.27347730e+00, 5.33422536e+00, 5.32778795e+00, 5.32778795e+00, 5.32135831e+00, 2.86353568e+01, 6.80078419e+01, 8.68955510e-30
1.24219100e-03, 5.39141905e-04, 9.98759350e-01, 1.24106515e-03, 9.56736428e-01, 1.24183574e-03, 3.27344340e+00, 5.48411721e+00, 5.47731334e+00, 5.47731334e+00, 5.47051791e+00, 2.86955336e+01, 6.80089053e+01, 8.68982684e-30
1.27706330e-03, 5.54267703e-04, 9.98724566e-01, 1.27587338e-03, 9.56701620e-01, 1.27668781e-03, 3.27340855e+00, 5.63822513e+00, 5.63103395e+00, 5.63103395e+00, 5.62385193e+00, 2.87557121e+01, 6.80099986e+01, 8.69010623e-30
1.31291459e-03, 5.69817580e-04, 9.98688807e-01, 1.31165694e-03, 9.56665836e-01, 1.31251771e-03, 3.27337272e+00, 5.79666796e+00, 5.78906741e+00, 5.78906741e+00, 5.78147683e+00, 2.88158921e+01, 6.80111226e+01, 8.69039348e-30
1.34977233e-03, 5.85803413e-04, 9.98652047e-01, 1.34844311e-03, 9.56629050e-01, 1.34935286e-03, 3.27333588e+00, 5.95956788e+00, 5.95153466e+00, 5.95153466e+00, 5.94351227e+00, 2.88760739e+01, 6.80122782e+01, 8.69068882e-30
1.38766479e-03, 6.02237406e-04, 9.98614258e-01, 1.38625993e-03, 9.56591233e-01, 1.38722144e-03, 3.27329801e+00, 6.12705052e+00, 6.11856001e+00, 6.11856001e+00, 6.11008127e+00, 2.89362573e+01, 6.80134664e+01, 8.69099247e-30
1.42662102e-03, 6.19132106e-04, 9.98575411e-01, 1.42513620e-03, 9.56552357e-01, 1.42615241e-03, 3.27325908e+00, 6.29924510e+00, 6.29027126e+00, 6.29027126e+00, 6.28131022e+00, 2.89964425e+01, 6.80146880e+01, 8.69130466e-30
1.46667087e-03, 6.36500410e-04, 9.98535477e-01, 1.46510155e-03, 9.56512392e-01, 1.46617558e-03, 3.27321906e+00, 6.47628445e+00, 6.46679979e+00, 6.46679979e+00, 6.45732901e+00, 2.90566296e+01, 6.80159439e+01, 8.69162565e-30
1.50784505e-03, 6.54355573e-04, 9.98494425e-01, 1.50618643e-03, 9.56471307e-01, 1.50732156e-03, 3.27317791e+00, 6.65830521e+00, 6.64828064e+00, 6.64828064e+00, 6.63827115e+00, 2.91168185e+01, 6.80172352e+01, 8.69195568e-30
1.55017512e-03, 6.72711224e-04, 9.98452224e-01, 1.54842211e-03, 9.56429071e-01, 1.54962182e-03, 3.27313561e+00, 6.84544787e+00, 6.83485265e+00, 6.83485265e+00, 6.82427383e+00, 2.91770093e+01, 6.80185628e+01, 8.69229500e-30
1.59369353e-03, 6.91581368e-04, 9.98408842e-01, 1.59184077e-03, 9.56385652e-01, 1.59310873e-03, 3.27309213e+00, 7.03785688e+00, 7.02665854e+00, 7.02665854e+00, 7.01547802e+00, 2.92372022e+01, 6.80199278e+01, 8.69264387e-30
1.63843365e-03, 7.10980403e-04, 9.98364246e-01, 1.63647545e-03, 9.56341018e-01, 1.63781554e-03, 3.27304742e+00, 7.23568082e+00, 7.22384503e+00, 7.22384503e+00, 7.21202860e+00, 2.92973970e+01, 6.80213312e+01, 8.69300257e-30
1.68442976e-03, 7.30923128e-04, 9.98318403e-01, 1.68236013e-03, 9.56295133e-01, 1.68377646e-03, 3.27300146e+00, 7.43907246e+00, 7.42656294e+00, 7.42656294e+00, 7.41407445e+00, 2.93575939e+01, 6.80227741e+01, 8.69337138e-30
1.73171713e-03, 7.51424755e-04, 9.98271277e-01, 1.72952973e-03, 9.56247963e-01, 1.73102663e-03, 3.27295421e+00, 7.64818891e+00, 7.63496731e+00, 7.63496731e+00, 7.62176856e+00, 2.94177930e+01, 6.80242576e+01, 8.69375057e-30
1.78033202e-03, 7.72500920e-04, 9.98222832e-01, 1.77802014e-03, 9.56199473e-01, 1.77960219e-03, 3.27290563e+00, 7.86319173e+00, 7.84921752e+00, 7.84921752e+00, 7.83526814e+00, 2.94779943e+01, 6.80257829e+01, 8.69414044e-30
1.83031168e-03, 7.94167695e-04, 9.98173032e-01, 1.82786825e-03, 9.56149625e-01, 1.82954029e-03, 3.27285570e+00, 8.08424708e+00, 8.06947742e+00, 8.06947742e+00, 8.05473475e+00, 2.95381979e+01, 6.80273511e+01, 8.69454130e-30
1.88169442e-03, 8.16441599e-04, 9.98121840e-01, 1.87911196e-03, 9.56098381e-01, 1.88087911e-03, 3.27280436e+00, 8.31152581e+00, 8.29591543e+00, 8.29591543e+00, 8.28033438e+00, 2.95984038e+01, 6.80289635e+01, 8.69495346e-30
1.93451965e-03, 8.39339613e-04, 9.98069215e-01, 1.93179025e-03, 9.56045703e-01, 1.93365791e-03, 3.27275158e+00, 8.54520364e+00, 8.52870470e+00, 8.52870470e+00, 8.51223761e+00, 2.96586121e+01, 6.80306212e+01, 8.69537723e-30
1.98882786e-03, 8.62879189e-04, 9.98015120e-01, 1.98594315e-03, 9.55991550e-01, 1.98791704e-03, 3.27269732e+00, 8.78546128e+00, 8.76802319e+00, 8.76802319e+00, 8.75061971e+00, 2.97188228e+01, 6.80323257e+01, 8.69581294e-30
2.04466067e-03, 8.87078267e-04, 9.97959511e-01, 2.04161182e-03, 9.55935881e-01, 2.04369798e-03, 3.27264154e+00, 9.03248456e+00, 9.01405388e+00, 9.01405388e+00, 8.99566080e+00, 2.97790361e+01, 6.80340781e+01, 8.69626093e-30
2.10206088e-03, 9.11955285e-04, 9.97902349e-01, 2.09883856e-03, 9.55878655e-01, 2.10104338e-03, 3.27258419e+00, 9.28646459e+00, 9.26698483e+00, 9.26698483e+00, 9.24754592e+00, 2.98392520e+01, 6.80358799e+01, 8.69672156e-30
2.16107251e-03, 9.37529196e-04, 9.97843588e-01, 2.15766685e-03, 9.55819826e-01, 2.15999706e-03, 3.27252524e+00, 9.54759794e+00, 9.52700938e+00, 9.52700938e+00, 9.50646522e+00, 2.98994706e+01, 6.80377324e+01, 8.69719516e-30
2.22174078e-03, 9.63819479e-04, 9.97783184e-01, 2.21814135e-03, 9.55759352e-01, 2.22060409e-03, 3.27246463e+00, 9.81608674e+00, 9.79432629e+00, 9.79432629e+00, 9.77261407e+00, 2.99596919e+01, 6.80396371e+01, 8.69768213e-30
2.28411221e-03, 9.90846156e-04, 9.97721093e-01, 2.28030799e-03, 9.55697185e-01, 2.28291078e-03, 3.27240233e+00, 1.00921389e+01, 1.00691398e+01, 1.00691398e+01, 1.00461932e+01, 3.00199161e+01, 6.80415955e+01, 8.69818282e-30
2.34823460e-03, 1.01862981e-03, 9.97657267e-01, 2.34421395e-03, 9.55633279e-01, 2.34696476e-03, 3.27233827e+00, 1.03759682e+01, 1.03516600e+01, 1.03516600e+01, 1.03274089e+01, 3.00801432e+01, 6.80436091e+01, 8.69869764e-30
2.41415712e-03, 1.04719158e-03, 9.97591657e-01, 2.40990772e-03, 9.55567585e-01, 2.41281495e-03, 3.27227242e+00, 1.06677945e+01, 1.06421028e+01, 1.06421028e+01, 1.06164729e+01, 3.01403732e+01, 6.80456793e+01, 8.69922697e-30
2.48193029e-03, 1.07655322e-03, 9.97524214e-01, 2.47743913e-03, 9.55500054e-01, 2.48051169e-03, 3.27220472e+00, 1.09678440e+01, 1.09406900e+01, 1.09406900e+01, 1.09136032e+01, 3.02006063e+01, 6.80478079e+01, 8.69977124e-30
2.55160607e-03, 1.10673706e-03, 9.97454888e-01, 2.54685941e-03, 9.55430634e-01, 2.55010669e-03, 3.27213513e+00, 1.12763493e+01, 1.12476497e+01, 1.12476497e+01, 1.12190232e+01, 3.02608426e+01, 6.80499965e+01, 8.70033087e-30
2.62323788e-03, 1.13776607e-03, 9.97383625e-01, 2.61822119e-03, 9.55359272e-01, 2.62165311e-03, 3.27206358e+00, 1.15935496e+01, 1.15632166e+01, 1.15632166e+01, 1.15329628e+01, 3.03210821e+01, 6.80522468e+01, 8.70090628e-30
2.69688063e-03, 1.16966386e-03, 9.97310373e-01, 2.69157855e-03, 9.55285915e-01, 2.69520560e-03, 3.27199003e+00, 1.19196910e+01, 1.18876315e+01, 1.18876315e+01, 1.18556582e+01, 3.03813250e+01, 6.80545605e+01, 8.70149794e-30
2.77259076e-03, 1.20245468e-03, 9.97235075e-01, 2.76698706e-03, 9.55210506e-01, 2.77082034e-03, 3.27191442e+00, 1.22550265e+01, 1.22211423e+01, 1.22211423e+01, 1.21873517e+01, 3.04415713e+01, 6.80569395e+01, 8.70210630e-30
2.85042632e-03, 1.23616346e-03, 9.97157676e-01, 2.84450386e-03, 9.55132989e-01, 2.84855507e-03, 3.27183668e+00, 1.25998164e+01, 1.25640036e+01, 1.25640036e+01, 1.25282926e+01, 3.05018211e+01, 6.80593855e+01, 8.70273183e-30
2.93044698e-03, 1.27081583e-03, 9.97078115e-01, 2.92418762e-03, 9.55053306e-01, 2.92846915e-03, 3.27175677e+00, 1.29543284e+01, 1.29164774e+01, 1.29164774e+01, 1.28787369e+01, 3.05620745e+01, 6.80619005e+01, 8.70337502e-30
3.01271407e-03, 1.30643812e-03, 9.96996335e-01, 3.00609867e-03, 9.54971395e-01, 3.01062361e-03, 3.27167461e+00, 1.33188379e+01, 1.32788326e+01, 1.32788326e+01, 1.32389474e+01, 3.06223317e+01, 6.80644864e+01, 8.70403638e-30
3.09729067e-03, 1.34305740e-03, 9.96912273e-01, 3.09029897e-03, 9.54887194e-01, 3.09508114e-03, 3.27159016e+00, 1.36936281e+01, 1.36513459e+01, 1.36513459e+01, 1.36091943e+01, 3.06825926e+01, 6.80671453e+01, 8.70471641e-30
3.18424160e-03, 1.38070148e-03, 9.96825866e-01, 3.17685222e-03, 9.54800641e-01, 3.18190624e-03, 3.27150333e+00, 1.40789904e+01, 1.40343018e+01, 1.40343018e+01, 1.39897550e+01, 3.07428576e+01, 6.80698791e+01, 8.70541566e-30
3.27363353e-03, 1.41939895e-03, 9.96737048e-01, 3.26582386e-03, 9.54711669e-01, 3.27116516e-03, 3.27141407e+00, 1.44752244e+01, 1.44279924e+01, 1.44279924e+01, 1.43809146e+01, 3.08031265e+01, 6.80726901e+01, 8.70613466e-30
3.36553498e-03, 1.45917918e-03, 9.96645754e-01, 3.35728112e-03, 9.54620212e-01, 3.36292602e-03, 3.27132231e+00, 1.48826383e+01, 1.48327182e+01, 1.48327182e+01, 1.47829656e+01, 3.08633996e+01, 6.80755804e+01, 8.70687398e-30
3.46001639e-03, 1.50007238e-03, 9.96551914e-01, 3.45129310e-03, 9.54526200e-01, 3.45725884e-03, 3.27122798e+00, 1.53015492e+01, 1.52487881e+01, 1.52487881e+01, 1.51962090e+01, 3.09236770e+01, 6.80785522e+01, 8.70763420e-30
3.55715021e-03, 1.54210957e-03, 9.96455458e-01, 3.54793080e-03, 9.54429562e-01, 3.55423560e-03, 3.27113100e+00, 1.57322832e+01, 1.56765195e+01, 1.56765195e+01, 1.56209534e+01, 3.09839588e+01, 6.80816080e+01, 8.70841591e-30
3.65701088e-03, 1.58532264e-03, 9.96356314e-01, 3.64726716e-03, 9.54330226e-01, 3.65393027e-03, 3.27103131e+00, 1.61751759e+01, 1.61162386e+01, 1.61162386e+01, 1.60575161e+01, 3.10442451e+01, 6.80847499e+01, 8.70921972e-30
3.75967497e-03, 1.62974435e-03, 9.96254407e-01, 3.74937712e-03, 9.54228116e-01, 3.75641889e-03, 3.27092882e+00, 1.66305723e+01, 1.65682809e+01, 1.65682809e+01, 1.65062229e+01, 3.11045360e+01, 6.80879806e+01, 8.71004627e-30
3.86522116e-03, 1.67540839e-03, 9.96149661e-01, 3.85433770e-03, 9.54123155e-01, 3.86177963e-03, 3.27082346e+00, 1.70988274e+01, 1.70329912e+01, 1.70329912e+01, 1.69674084e+01, 3.11648316e+01, 6.80913026e+01, 8.71089619e-30
3.97373038e-03, 1.72234936e-03, 9.96041998e-01, 3.96222803e-03, 9.54015265e-01, 3.97009283e-03, 3.27071514e+00, 1.75803066e+01, 1.75107237e+01, 1.75107237e+01, 1.74414162e+01, 3.12251322e+01, 6.80947183e+01, 8.71177016e-30
4.08528580e-03, 1.77060283e-03, 9.95931336e-01, 4.07312938e-03, 9.53904364e-01, 4.08144106e-03, 3.27060380e+00, 1.80753854e+01, 1.80018427e+01, 1.80018427e+01, 1.79285993e+01, 3.12854378e+01, 6.80982305e+01, 8.71266886e-30
4.19997295e-03, 1.82020534e-03, 9.95817593e-01, 4.18712529e-03, 9.53790368e-01, 4.19590921e-03, 3.27048933e+00, 1.85844504e+01, 1.85067226e+01, 1.85067226e+01, 1.84293200e+01, 3.13457486e+01, 6.81018420e+01, 8.71359300e-30
4.31787973e-03, 1.87119444e-03, 9.95700684e-01, 4.30430155e-03, 9.53673192e-01, 4.31358452e-03, 3.27037165e+00, 1.91078991e+01, 1.90257482e+01, 1.90257482e+01, 1.89439505e+01, 3.14060647e+01, 6.81055555e+01, 8.71454331e-30
4.43909653e-03, 1.92360874e-03, 9.95580522e-01, 4.42474633e-03, 9.53552747e-01, 4.43455667e-03, 3.27025068e+00, 1.96461407e+01, 1.95593150e+01, 1.95593150e+01, 1.94728731e+01, 3.14663863e+01, 6.81093739e+01, 8.71552052e-30
4.56371628e-03, 1.97748788e-03, 9.95457017e-01, 4.54855020e-03, 9.53428943e-01, 4.55891782e-03, 3.27012632e+00, 2.01995961e+01, 2.01078296e+01, 2.01078296e+01, 2.00164801e+01, 3.15267134e+01, 6.81133003e+01, 8.71652541e-30
4.69183451e-03, 2.03287261e-03, 9.95330076e-01, 4.67580618e-03, 9.53301687e-01, 4.68676272e-03, 3.26999847e+00, 2.07686981e+01, 2.06717098e+01, 2.06717098e+01, 2.05751745e+01, 3.15870464e+01, 6.81173376e+01, 8.71755878e-30
4.82354943e-03, 2.08980480e-03, 9.95199606e-01, 4.80660988e-03, 9.53170883e-01, 4.81818874e-03, 3.26986705e+00, 2.13538922e+01, 2.12513851e+01, 2.12513851e+01, 2.11493701e+01, 3.16473852e+01, 6.81214892e+01, 8.71862143e-30
4.95896201e-03, 2.14832749e-03, 9.95065508e-01, 4.94105947e-03, 9.53036434e-01, 4.95329596e-03, 3.26973194e+00, 2.19556368e+01, 2.18472969e+01, 2.18472969e+01, 2.17394916e+01, 3.17077302e+01, 6.81257581e+01, 8.71971420e-30
5.09817606e-03, 2.20848488e-03, 9.94927683e-01, 5.07925582e-03, 9.52898237e-01, 5.09218724e-03, 3.26959305e+00, 2.25744034e+01, 2.24598989e+01, 2.24598989e+01, 2.23459752e+01, 3.17680814e+01, 6.81301479e+01, 8.72083796e-30
5.24129830e-03, 2.27032240e-03, 9.94786030e-01, 5.22130256e-03, 9.52756191e-01, 5.23496832e-03, 3.26945027e+00, 2.32106773e+01, 2.30896575e+01, 2.30896575e+01, 2.29692687e+01, 3.18284391e+01, 6.81346618e+01, 8.72199358e-30
5.38843844e-03, 2.33388671e-03, 9.94640441e-01, 5.36730612e-03, 9.52610187e-01, 5.38174787e-03, 3.26930349e+00, 2.38649576e+01, 2.37370520e+01, 2.37370520e+01, 2.36098318e+01, 3.18888033e+01, 6.81393035e+01, 8.72318200e-30
5.53970928e-03, 2.39922578e-03, 9.94490810e-01, 5.51737582e-03, 9.52460117e-01, 5.53263757e-03, 3.26915260e+00, 2.45377581e+01, 2.44025749e+01, 2.44025749e+01, 2.42681365e+01, 3.19491744e+01, 6.81440765e+01, 8.72440414e-30
5.69522678e-03, 2.46638889e-03, 9.94337025e-01, 5.67162398e-03, 9.52305869e-01, 5.68775220e-03, 3.26899748e+00, 2.52296072e+01, 2.50867326e+01, 2.50867326e+01, 2.49446670e+01, 3.20095524e+01, 6.81489848e+01, 8.72566097e-30
5.85511016e-03, 2.53542665e-03, 9.94178973e-01, 5.83016593e-03, 9.52147327e-01, 5.84720976e-03, 3.26883803e+00, 2.59410490e+01, 2.57900454e+01, 2.57900454e+01, 2.56399209e+01, 3.20699377e+01, 6.81540320e+01, 8.72695349e-30
6.01948197e-03, 2.60639109e-03, 9.94016535e-01, 5.99312016e-03, 9.51984373e-01, 6.01113150e-03, 3.26867410e+00, 2.66726430e+01, 2.65130482e+01, 2.65130482e+01, 2.63544083e+01, 3.21303303e+01, 6.81592222e+01, 8.72828272e-30
6.18846824e-03, 2.67933564e-03, 9.93849593e-01, 6.16060834e-03, 9.51816885e-01, 6.17964203e-03, 3.26850559e+00, 2.74249653e+01, 2.72562906e+01, 2.72562906e+01, 2.70886533e+01, 3.21907304e+01, 6.81645594e+01, 8.72964972e-30
6.36219849e-03, 2.75431521e-03, 9.93678023e-01, 6.33275547e-03, 9.51644738e-01, 6.35286944e-03, 3.26833237e+00, 2.81986085e+01, 2.80203376e+01, 2.80203376e+01, 2.78431936e+01, 3.22511384e+01, 6.81700480e+01, 8.73105558e-30
6.54080591e-03, 2.83138620e-03, 9.93501698e-01, 6.50968990e-03, 9.51467803e-01, 6.53094536e-03, 3.26815429e+00, 2.89941826e+01, 2.88057696e+01, 2.88057696e+01, 2.86185810e+01, 3.23115543e+01, 6.81756921e+01, 8.73250141e-30
6.72442742e-03, 2.91060657e-03, 9.93320488e-01, 6.69154345e-03, 9.51285950e-01, 6.71400507e-03, 3.26797123e+00, 2.98123152e+01, 2.96131835e+01, 2.96131835e+01, 2.94153819e+01, 3.23719785e+01, 6.81814963e+01, 8.73398837e-30
6.91320378e-03, 2.99203585e-03, 9.93134260e-01, 6.87845150e-03, 9.51099042e-01, 6.90218761e-03, 3.26778305e+00, 3.06536524e+01, 3.04431924e+01, 3.04431924e+01, 3.02341774e+01, 3.24324111e+01, 6.81874651e+01, 8.73551763e-30
7.10727970e-03, 3.07573520e-03, 9.92942877e-01, 7.07055308e-03, 9.50906940e-01, 7.09563587e-03, 3.26758960e+00, 3.15188591e+01, 3.12964266e+01, 3.12964266e+01, 3.10755639e+01, 3.24928524e+01, 6.81936032e+01, 8.73709043e-30
7.30680395e-03, 3.16176744e-03, 9.92746198e-01, 7.26799096e-03, 9.50709502e-01, 7.29449669e-03, 3.26739074e+00, 3.24086195e+01, 3.21735338e+01, 3.21735338e+01, 3.19401534e+01, 3.25533027e+01, 6.81999156e+01, 8.73870800e-30
7.51192949e-03, 3.25019713e-03, 9.92544079e-01, 7.47091175e-03, 9.50506581e-01, 7.49892099e-03, 3.26718632e+00, 3.33236380e+01, 3.30751796e+01, 3.30751796e+01, 3.28285736e+01, 3.26137620e+01, 6.82064072e+01, 8.74037166e-30
7.72281357e-03, 3.34109055e-03, 9.92336371e-01, 7.67946597e-03, 9.50298027e-01, 7.70906385e-03, 3.26697617e+00, 3.42646394e+01, 3.40020480e+01, 3.40020480e+01, 3.37414689e+01, 3.26742308e+01, 6.82130831e+01, 8.74208273e-30
7.93961785e-03, 3.43451582e-03, 9.92122923e-01, 7.89380821e-03, 9.50083685e-01, 7.92508465e-03, 3.26676015e+00, 3.52323700e+01, 3.49548419e+01, 3.49548419e+01, 3.46795000e+01, 3.27347093e+01, 6.82199487e+01, 8.74384258e-30
8.16250851e-03, 3.53054289e-03, 9.91903579e-01, 8.11409719e-03, 9.49863396e-01, 8.14714719e-03, 3.26653809e+00, 3.62275979e+01, 3.59342840e+01, 3.59342840e+01, 3.56433449e+01, 3.27951977e+01, 6.82270093e+01, 8.74565262e-30
8.39165644e-03, 3.62924361e-03, 9.91678177e-01, 8.34049586e-03, 9.49636997e-01, 8.37541978e-03, 3.26630982e+00, 3.72511136e+01, 3.69411164e+01, 3.69411164e+01, 3.66336990e+01, 3.28556963e+01, 6.82342707e+01, 8.74751432e-30
8.62723729e-03, 3.73069181e-03, 9.91446555e-01, 8.57317153e-03, 9.49404322e-01, 8.61007538e-03, 3.26607516e+00, 3.83037310e+01, 3.79761021e+01, 3.79761021e+01, 3.76512757e+01, 3.29162054e+01, 6.82417386e+01, 8.74942916e-30
8.86943166e-03, 3.83496328e-03, 9.91208544e-01, 8.81229596e-03, 9.49165197e-01, 8.85129176e-03, 3.26583394e+00, 3.93862880e+01, 3.90400252e+01, 3.90400252e+01, 3.86968065e+01, 3.29767253e+01, 6.82494189e+01, 8.75139868e-30
9.11842520e-03, 3.94213590e-03, 9.90963969e-01, 9.05804550e-03, 9.48919448e-01, 9.09925155e-03, 3.26558598e+00, 4.04996472e+01, 4.01336911e+01, 4.01336911e+01, 3.97710419e+01, 3.30372562e+01, 6.82573177e+01, 8.75342449e-30
9.37440879e-03, 4.05228964e-03, 9.90712655e-01, 9.31060117e-03, 9.48666892e-01, 9.35414245e-03, 3.26533109e+00, 4.16446966e+01, 4.12579279e+01, 4.12579279e+01, 4.08747513e+01, 3.30977985e+01, 6.82654414e+01, 8.75550820e-30
9.63757866e-03, 4.16550662e-03, 9.90454418e-01, 9.57014881e-03, 9.48407344e-01, 9.61615734e-03, 3.26506908e+00, 4.28223503e+01, 4.24135861e+01, 4.24135861e+01, 4.20087237e+01, 3.31583525e+01, 6.82737965e+01, 8.75765152e-30
9.90813657e-03, 4.28187121e-03, 9.90189071e-01, 9.83687915e-03, 9.48140614e-01, 9.88549440e-03, 3.26479974e+00, 4.40335499e+01, 4.36015399e+01, 4.36015399e+01, 4.31737683e+01, 3.32189185e+01, 6.82823895e+01, 8.75985617e-30
1.01862899e-02, 4.40147004e-03, 9.89916424e-01, 1.01109880e-02, 9.47866505e-01, 1.01623573e-02, 3.26452288e+00, 4.52792644e+01, 4.48226875e+01, 4.48226875e+01, 4.43707145e+01, 3.32794968e+01, 6.82912275e+01, 8.76212395e-30
1.04722519e-02, 4.52439206e-03, 9.89636280e-01, 1.03926763e-02, 9.47584817e-01, 1.04469552e-02, 3.26423828e+00, 4.65604918e+01, 4.60779518e+01, 4.60779518e+01, 4.56004128e+01, 3.33400878e+01, 6.83003175e+01, 8.76445669e-30
1.07662418e-02, 4.65072864e-03, 9.89348436e-01, 1.06821504e-02, 9.47295343e-01, 1.07395033e-02, 3.26394573e+00, 4.78782597e+01, 4.73682814e+01, 4.73682814e+01, 4.68637351e+01, 3.34006918e+01, 6.83096668e+01, 8.76685629e-30
1.10684849e-02, 4.78057359e-03, 9.89052685e-01, 1.09796218e-02, 9.46997871e-01, 1.10402223e-02, 3.26364501e+00, 4.92336264e+01, 4.86946504e+01, 4.86946504e+01, 4.81615748e+01, 3.34613091e+01, 6.83192829e+01, 8.76932472e-30
1.13792129e-02, 4.91402325e-03, 9.88748817e-01, 1.12853079e-02, 9.46692185e-01, 1.13493394e-02, 3.26333590e+00, 5.06276816e+01, 5.00580603e+01, 5.00580603e+01, 4.94948479e+01, 3.35219402e+01, 6.83291735e+01, 8.77186398e-30
1.16986641e-02, 5.05117654e-03, 9.88436612e-01, 1.15994316e-02, 9.46378062e-01, 1.16670878e-02, 3.26301815e+00, 5.20615476e+01, 5.14595397e+01, 5.14595397e+01, 5.08644931e+01, 3.35825854e+01, 6.83393466e+01, 8.77447615e-30
1.20270833e-02, 5.19213502e-03, 9.88115848e-01, 1.19222217e-02, 9.46055272e-01, 1.19937070e-02, 3.26269153e+00, 5.35363801e+01, 5.29001457e+01, 5.29001457e+01, 5.22714723e+01, 3.36432450e+01, 6.83498104e+01, 8.77716338e-30
1.23647224e-02, 5.33700299e-03, 9.87786297e-01, 1.22539127e-02, 9.45723580e-01, 1.23294434e-02, 3.26235579e+00, 5.50533696e+01, 5.43809641e+01, 5.43809641e+01, 5.37167711e+01, 3.37039195e+01, 6.83605734e+01, 8.77992786e-30
1.27118400e-02, 5.48588750e-03, 9.87447723e-01, 1.25947457e-02, 9.45382747e-01, 1.26745498e-02, 3.26201069e+00, 5.66137421e+01, 5.59031108e+01, 5.59031108e+01, 5.52013994e+01, 3.37646093e+01, 6.83716443e+01, 8.78277187e-30
1.30687023e-02, 5.63889849e-03, 9.87099885e-01, 1.29449677e-02, 9.45032525e-01, 1.30292862e-02, 3.26165595e+00, 5.82187607e+01, 5.74677320e+01, 5.74677320e+01, 5.67263917e+01, 3.38253148e+01, 6.83830320e+01, 8.78569776e-30
1.34355829e-02, 5.79614881e-03, 9.86742539e-01, 1.33048322e-02, 9.44672661e-01, 1.33939197e-02, 3.26129132e+00, 5.98697261e+01, 5.90760055e+01, 5.90760055e+01, 5.82928077e+01, 3.38860364e+01, 6.83947457e+01, 8.78870794e-30
1.38127630e-02, 5.95775431e-03, 9.86375430e-01, 1.36745992e-02, 9.44302894e-01, 1.37687244e-02, 3.26091651e+00, 6.15679785e+01, 6.07291413e+01, 6.07291413e+01, 5.99017328e+01, 3.39467745e+01, 6.84067951e+01, 8.79180489e-30
1.42005318e-02, 6.12383394e-03, 9.85998300e-01, 1.40545354e-02, 9.43922958e-01, 1.41539823e-02, 3.26053125e+00, 6.33148985e+01, 6.24283822e+01, 6.24283822e+01, 6.15542787e+01, 3.40075296e+01, 6.84191899e+01, 8.79499119e-30
1.45991865e-02, 6.29450978e-03, 9.85610883e-01, 1.44449146e-02, 9.43532579e-01, 1.45499828e-02, 3.26013525e+00, 6.51119083e+01, 6.41750054e+01, 6.41750054e+01, 6.32515837e+01, 3.40683021e+01, 6.84319402e+01, 8.79826949e-30
1.50090328e-02, 6.46990713e-03, 9.85212907e-01, 1.48460172e-02, 9.43131476e-01, 1.49570234e-02, 3.25972821e+00, 6.69604733e+01, 6.59703225e+01, 6.59703225e+01, 6.49948133e+01, 3.41290926e+01, 6.84450563e+01, 8.80164250e-30
1.54303847e-02, 6.65015464e-03, 9.84804094e-01, 1.52581312e-02, 9.42719362e-01, 1.53754097e-02, 3.25930983e+00, 6.88621034e+01, 6.78156813e+01, 6.78156813e+01, 6.67851606e+01, 3.41899014e+01, 6.84585492e+01, 8.80511304e-30
1.58635653e-02, 6.83538432e-03, 9.84384158e-01, 1.56815517e-02, 9.42295942e-01, 1.58054554e-02, 3.25887978e+00, 7.08183543e+01, 6.97124660e+01, 6.97124660e+01, 6.86238471e+01, 3.42507292e+01, 6.84724297e+01, 8.80868401e-30
1.63089068e-02, 7.02573168e-03, 9.83952805e-01, 1.61165812e-02, 9.41860912e-01, 1.62474829e-02, 3.25843775e+00, 7.28308291e+01, 7.16620986e+01, 7.16620986e+01, 7.05121230e+01, 3.43115763e+01, 6.84867093e+01, 8.81235841e-30
1.67667503e-02, 7.22133576e-03, 9.83509738e-01, 1.65635303e-02, 9.41413963e-01, 1.67018235e-02, 3.25798341e+00, 7.49011799e+01, 7.36660398e+01, 7.36660398e+01, 7.24512675e+01, 3.43724433e+01, 6.85013997e+01, 8.81613932e-30
1.72374471e-02, 7.42233928e-03, 9.83054648e-01, 1.70227169e-02, 9.40954776e-01, 1.71688173e-02, 3.25751642e+00, 7.70311092e+01, 7.57257900e+01, 7.57257900e+01, 7.44425898e+01, 3.44333308e+01, 6.85165130e+01, 8.82002993e-30
1.77213578e-02, 7.62888867e-03, 9.82587220e-01, 1.74944674e-02, 9.40483026e-01, 1.76488137e-02, 3.25703642e+00, 7.92223719e+01, 7.78428902e+01, 7.78428902e+01, 7.64874291e+01, 3.44942392e+01, 6.85320617e+01, 8.82403351e-30
1.82188534e-02, 7.84113421e-03, 9.82107134e-01, 1.79791162e-02, 9.39998377e-01, 1.81421716e-02, 3.25654306e+00, 8.14767764e+01, 8.00189233e+01, 8.00189233e+01, 7.85871555e+01, 3.45551692e+01, 6.85480587e+01, 8.82815346e-30
1.87303154e-02, 8.05923009e-03, 9.81614059e-01, 1.84770059e-02, 9.39500487e-01, 1.86492596e-02, 3.25603598e+00, 8.37961870e+01, 8.22555152e+01, 8.22555152e+01, 8.07431702e+01, 3.46161213e+01, 6.85645172e+01, 8.83239326e-30
1.92561357e-02, 8.28333450e-03, 9.81107658e-01, 1.89884878e-02, 9.38989005e-01, 1.91704562e-02, 3.25551478e+00, 8.61825254e+01, 8.45543356e+01, 8.45543356e+01, 8.29569062e+01, 3.46770961e+01, 6.85814508e+01, 8.83675653e-30
1.97967175e-02, 8.51360975e-03, 9.80587585e-01, 1.95139221e-02, 9.38463571e-01, 1.97061503e-02, 3.25497909e+00, 8.86377727e+01, 8.69170995e+01, 8.69170995e+01, 8.52298286e+01, 3.47380942e+01, 6.85988736e+01, 8.84124699e-30
2.03524752e-02, 8.75022235e-03, 9.80053486e-01, 2.00536776e-02, 9.37923816e-01, 2.02567412e-02, 3.25442850e+00, 9.11639713e+01, 8.93455679e+01, 8.93455679e+01, 8.75634352e+01, 3.47991162e+01, 6.86168002e+01, 8.84586848e-30
2.09238348e-02, 8.99334311e-03, 9.79504999e-01, 2.06081325e-02, 9.37369361e-01, 2.08226390e-02, 3.25386260e+00, 9.37632270e+01, 9.18415496e+01, 9.18415496e+01, 8.99592570e+01, 3.48601627e+01, 6.86352456e+01, 8.85062495e-30
2.15112343e-02, 9.24314725e-03, 9.78941755e-01, 2.11776740e-02, 9.36799819e-01, 2.14042647e-02, 3.25328097e+00, 9.64377111e+01, 9.44069021e+01, 9.44069021e+01, 9.24188584e+01, 3.49212345e+01, 6.86542251e+01, 8.85552051e-30
2.21151240e-02, 9.49981449e-03, 9.78363373e-01, 2.17626989e-02, 9.36214794e-01, 2.20020509e-02, 3.25268319e+00, 9.91896626e+01, 9.70435328e+01, 9.70435328e+01, 9.49438380e+01, 3.49823321e+01, 6.86737548e+01, 8.86055938e-30
2.27359668e-02, 9.76352916e-03, 9.77769466e-01, 2.23636138e-02, 9.35613879e-01, 2.26164416e-02, 3.25206879e+00, 1.02021390e+02, 9.97534003e+01, 9.97534003e+01, 9.75358289e+01, 3.50434562e+01, 6.86938509e+01, 8.86574592e-30
2.33742387e-02, 1.00344803e-02, 9.77159637e-01, 2.29808349e-02, 9.34996658e-01, 2.32478928e-02, 3.25143734e+00, 1.04935275e+02, 1.02538516e+02, 1.02538516e+02, 1.00196499e+02, 3.51046075e+01, 6.87145306e+01, 8.87108462e-30
2.40304289e-02, 1.03128618e-02, 9.76533482e-01, 2.36147886e-02, 9.34362705e-01, 2.38968726e-02, 3.25078836e+00, 1.07933774e+02, 1.05400944e+02, 1.05400944e+02, 1.02927551e+02, 3.51657868e+01, 6.87358112e+01, 8.87658015e-30
2.47050406e-02, 1.05988725e-02, 9.75890584e-01, 2.42659115e-02, 9.33711582e-01, 2.45638619e-02, 3.25012137e+00, 1.11019420e+02, 1.08342806e+02, 1.08342806e+02, 1.05730724e+02, 3.52269948e+01, 6.87577108e+01, 8.88223730e-30
2.53985907e-02, 1.08927162e-02, 9.75230519e-01, 2.49346507e-02, 9.33042842e-01, 2.52493542e-02, 3.24943588e+00, 1.14194825e+02, 1.11366279e+02, 1.11366279e+02, 1.08607794e+02, 3.52882321e+01, 6.87802480e+01, 8.88806104e-30
2.61116110e-02, 1.11946019e-02, 9.74552855e-01, 2.56214638e-02, 9.32356029e-01, 2.59538562e-02, 3.24873138e+00, 1.17462686e+02, 1.14473596e+02, 1.14473596e+02, 1.11560570e+02, 3.53494996e+01, 6.88034420e+01, 8.89405649e-30
2.68446481e-02, 1.15047439e-02, 9.73857148e-01, 2.63268194e-02, 9.31650674e-01, 2.66778882e-02, 3.24800735e+00, 1.20825785e+02, 1.17667054e+02, 1.17667054e+02, 1.14590902e+02, 3.54107981e+01, 6.88273125e+01, 8.90022894e-30
2.75982639e-02, 1.18233619e-02, 9.73142944e-01, 2.70511968e-02, 9.30926296e-01, 2.74219842e-02, 3.24726325e+00, 1.24286990e+02, 1.20949008e+02, 1.20949008e+02, 1.17700673e+02, 3.54721284e+01, 6.88518801e+01, 8.90658386e-30
2.83730362e-02, 1.21506810e-02, 9.72409782e-01, 2.77950869e-02, 9.30182406e-01, 2.81866925e-02, 3.24649854e+00, 1.27849264e+02, 1.24321875e+02, 1.24321875e+02, 1.20891807e+02, 3.55334912e+01, 6.88771658e+01, 8.91312691e-30
2.91695588e-02, 1.24869320e-02, 9.71657189e-01, 2.85589918e-02, 9.29418501e-01, 2.89725758e-02, 3.24571266e+00, 1.31515661e+02, 1.27788138e+02, 1.27788138e+02, 1.24166263e+02, 3.55948874e+01, 6.89031914e+01, 8.91986394e-30
2.99884423e-02, 1.28323514e-02, 9.70884681e-01, 2.93434251e-02, 9.28634068e-01, 2.97802118e-02, 3.24490502e+00, 1.35289337e+02, 1.31350344e+02, 1.31350344e+02, 1.27526037e+02, 3.56563178e+01, 6.89299795e+01, 8.92680097e-30
3.08303146e-02, 1.31871818e-02, 9.70091766e-01, 3.01489125e-02, 9.27828581e-01, 3.06101935e-02, 3.24407504e+00, 1.39173545e+02, 1.35011110e+02, 1.35011110e+02, 1.30973166e+02, 3.57177834e+01, 6.89575531e+01, 8.93394426e-30
3.16958209e-02, 1.35516713e-02, 9.69277940e-01, 3.09759913e-02, 9.27001502e-01, 3.14631293e-02, 3.24322211e+00, 1.43171646e+02, 1.38773118e+02, 1.38773118e+02, 1.34509722e+02, 3.57792851e+01, 6.89859362e+01, 8.94130025e-30
3.25856248e-02, 1.39260747e-02, 9.68442690e-01, 3.18252112e-02, 9.26152282e-01, 3.23396437e-02, 3.24234559e+00, 1.47287109e+02, 1.42639124e+02, 1.42639124e+02, 1.38137817e+02, 3.58408237e+01, 6.90151537e+01, 8.94887563e-30
3.35004083e-02, 1.43106525e-02, 9.67585491e-01, 3.26971344e-02, 9.25280359e-01, 3.32403777e-02, 3.24144486e+00, 1.51523515e+02, 1.46611954e+02, 1.46611954e+02, 1.41859600e+02, 3.59024002e+01, 6.90452310e+01, 8.95667730e-30
3.44408728e-02, 1.47056720e-02, 9.66705808e-01, 3.35923352e-02, 9.24385158e-01, 3.41659889e-02, 3.24051925e+00, 1.55884560e+02, 1.50694509e+02, 1.50694509e+02, 1.45677258e+02, 3.59640155e+01, 6.90761945e+01, 8.96471239e-30
3.54077391e-02, 1.51114068e-02, 9.65803096e-01, 3.45114010e-02, 9.23466092e-01, 3.51171524e-02, 3.23956808e+00, 1.60374063e+02, 1.54889766e+02, 1.54889766e+02, 1.49593016e+02, 3.60256707e+01, 6.91080715e+01, 8.97298831e-30
3.64017485e-02, 1.55281370e-02, 9.64876798e-01, 3.54549319e-02, 9.22522561e-01, 3.60945604e-02, 3.23859068e+00, 1.64995966e+02, 1.59200779e+02, 1.59200779e+02, 1.53609138e+02, 3.60873666e+01, 6.91408902e+01, 8.98151268e-30
3.74236629e-02, 1.59561497e-02, 9.63926345e-01, 3.64235411e-02, 9.21553952e-01, 3.70989235e-02, 3.23758631e+00, 1.69754342e+02, 1.63630682e+02, 1.63630682e+02, 1.57727926e+02, 3.61491045e+01, 6.91746796e+01, 8.99029342e-30
3.84742658e-02, 1.63957388e-02, 9.62951161e-01, 3.74178552e-02, 9.20559638e-01, 3.81309707e-02, 3.23655427e+00, 1.74653395e+02, 1.68182690e+02, 1.68182690e+02, 1.61951716e+02, 3.62108852e+01, 6.92094698e+01, 8.99933872e-30
3.95543624e-02, 1.68472053e-02, 9.61950655e-01, 3.84385140e-02, 9.19538979e-01, 3.91914496e-02, 3.23549379e+00, 1.79697471e+02, 1.72860100e+02, 1.72860100e+02, 1.66282887e+02, 3.62727098e+01, 6.92452918e+01, 9.00865704e-30
4.06647809e-02, 1.73108570e-02, 9.60924227e-01, 3.94861708e-02, 9.18491322e-01, 4.02811273e-02, 3.23440411e+00, 1.84891058e+02, 1.77666296e+02, 1.77666296e+02, 1.70723849e+02, 3.63345795e+01, 6.92821779e+01, 9.01825717e-30
4.18063724e-02, 1.77870096e-02, 9.59871264e-01, 4.05614928e-02, 9.17416000e-01, 4.14007907e-02, 3.23328445e+00, 1.90238791e+02, 1.82604749e+02, 1.82604749e+02, 1.75277052e+02, 3.63964954e+01, 6.93201610e+01, 9.02814819e-30
4.29800121e-02, 1.82759856e-02, 9.58791145e-01, 4.16651610e-02, 9.16312332e-01, 4.25512467e-02, 3.23213399e+00, 1.95745464e+02, 1.87679018e+02, 1.87679018e+02, 1.79944980e+02, 3.64584585e+01, 6.93592756e+01, 9.03833951e-30
4.41865996e-02, 1.87781154e-02, 9.57683234e-01, 4.27978703e-02, 9.15179623e-01, 4.37333230e-02, 3.23095191e+00, 2.01416027e+02, 1.92892753e+02, 1.92892753e+02, 1.84730155e+02, 3.65204701e+01, 6.93995570e+01, 9.04884086e-30
4.54270599e-02, 1.92937372e-02, 9.56546887e-01, 4.39603296e-02, 9.14017164e-01, 4.49478683e-02, 3.22973737e+00, 2.07255598e+02, 1.98249697e+02, 1.98249697e+02, 1.89635131e+02, 3.65825313e+01, 6.94410420e+01, 9.05966236e-30
4.67023439e-02, 1.98231967e-02, 9.55381447e-01, 4.51532624e-02, 9.12824231e-01, 4.61957529e-02, 3.22848948e+00, 2.13269465e+02, 2.03753690e+02, 2.03753690e+02, 1.94662495e+02, 3.66446434e+01, 6.94837685e+01, 9.07081445e-30
4.80134292e-02, 2.03668477e-02, 9.54186246e-01, 4.63774061e-02, 9.11600087e-01, 4.74778692e-02, 3.22720737e+00, 2.19463095e+02, 2.09408667e+02, 2.09408667e+02, 1.99814870e+02, 3.67068075e+01, 6.95277756e+01, 9.08230798e-30
4.93613210e-02, 2.09250522e-02, 9.52960606e-01, 4.76335127e-02, 9.10343980e-01, 4.87951321e-02, 3.22589010e+00, 2.25842141e+02, 2.15218664e+02, 2.15218664e+02, 2.05094908e+02, 3.67690249e+01, 6.95731040e+01, 9.09415419e-30
5.07470524e-02, 2.14981804e-02, 9.51703836e-01, 4.89223488e-02, 9.09055144e-01, 5.01484795e-02, 3.22453676e+00, 2.32412447e+02, 2.21187817e+02, 2.21187817e+02, 2.10505294e+02, 3.68312969e+01, 6.96197955e+01, 9.10636472e-30
5.21716858e-02, 2.20866106e-02, 9.50415235e-01, 5.02446955e-02, 9.07732798e-01, 5.15388730e-02, 3.22314636e+00, 2.39180055e+02, 2.27320368e+02, 2.27320368e+02, 2.16048741e+02, 3.68936248e+01, 6.96678936e+01, 9.11895167e-30
5.36363132e-02, 2.26907300e-02, 9.49094092e-01, 5.16013483e-02, 9.06376145e-01, 5.29672978e-02, 3.22171794e+00, 2.46151213e+02, 2.33620662e+02, 2.33620662e+02, 2.21727990e+02, 3.69560099e+01, 6.97174433e+01, 9.13192756e-30
5.51420574e-02, 2.33109341e-02, 9.47739684e-01, 5.29931178e-02, 9.04984375e-01, 5.44347641e-02, 3.22025047e+00, 2.53332385e+02, 2.40093155e+02, 2.40093155e+02, 2.27545811e+02, 3.70184536e+01, 6.97684909e+01, 9.14530538e-30
5.66900727e-02, 2.39476274e-02, 9.46351277e-01, 5.44208289e-02, 9.03556664e-01, 5.59423068e-02, 3.21874293e+00, 2.60730256e+02, 2.46742411e+02, 2.46742411e+02, 2.33504996e+02, 3.70809572e+01, 6.98210846e+01, 9.15909862e-30
5.82815458e-02, 2.46012230e-02, 9.44928128e-01, 5.58853213e-02, 9.02092172e-01, 5.74909864e-02, 3.21719425e+00, 2.68351740e+02, 2.53573107e+02, 2.53573107e+02, 2.39608362e+02, 3.71435221e+01, 6.98752742e+01, 9.17332128e-30
5.99176967e-02, 2.52721433e-02, 9.43469482e-01, 5.73874496e-02, 9.00590044e-01, 5.90818893e-02, 3.21560335e+00, 2.76203992e+02, 2.60590037e+02, 2.60590037e+02, 2.45858747e+02, 3.72061498e+01, 6.99311113e+01, 9.18798787e-30
6.15997796e-02, 2.59608197e-02, 9.41974574e-01, 5.89280827e-02, 8.99049410e-01, 6.07161288e-02, 3.21396911e+00, 2.84294414e+02, 2.67798110e+02, 2.67798110e+02, 2.52259010e+02, 3.72688416e+01, 6.99886492e+01, 9.20311348e-30
6.33290840e-02, 2.66676928e-02, 9.40442630e-01, 6.05081043e-02, 8.97469389e-01, 6.23948450e-02, 3.21229039e+00, 2.92630666e+02, 2.75202353e+02, 2.75202353e+02, 2.58812025e+02, 3.73315992e+01, 7.00479433e+01, 9.21871377e-30
6.51069356e-02, 2.73932126e-02, 9.38872865e-01, 6.21284125e-02, 8.95849081e-01, 6.41192056e-02, 3.21056603e+00, 3.01220676e+02, 2.82807919e+02, 2.82807919e+02, 2.65520681e+02, 3.73944239e+01, 7.01090509e+01, 9.23480499e-30
6.69346971e-02, 2.81378388e-02, 9.37264486e-01, 6.37899200e-02, 8.94187573e-01, 6.58904065e-02, 3.20879483e+00, 3.10072648e+02, 2.90620081e+02, 2.90620081e+02, 2.72387881e+02, 3.74573173e+01, 7.01720311e+01, 9.25140404e-30
6.88137699e-02, 2.89020403e-02, 9.35616689e-01, 6.54935534e-02, 8.92483940e-01, 6.77096721e-02, 3.20697556e+00, 3.19195076e+02, 2.98644240e+02, 2.98644240e+02, 2.79416535e+02, 3.75202809e+01, 7.02369456e+01, 9.26852848e-30
7.07455942e-02, 2.96862961e-02, 9.33928662e-01, 6.72402539e-02, 8.90737239e-01, 6.95782559e-02, 3.20510698e+00, 3.28596753e+02, 3.06885926e+02, 3.06885926e+02, 2.86609562e+02, 3.75833163e+01, 7.03038581e+01, 9.28619653e-30
7.27316511e-02, 3.04910947e-02, 9.32199585e-01, 6.90309762e-02, 8.88946517e-01, 7.14974413e-02, 3.20318779e+00, 3.38286781e+02, 3.15350797e+02, 3.15350797e+02, 2.93969882e+02, 3.76464251e+01, 7.03728344e+01, 9.30442716e-30
7.47734631e-02, 3.13169348e-02, 9.30428629e-01, 7.08666890e-02, 8.87110804e-01, 7.34685417e-02, 3.20121669e+00, 3.48274588e+02, 3.24044648e+02, 3.24044648e+02, 3.01500417e+02, 3.77096089e+01, 7.04439431e+01, 9.32324010e-30
7.68725952e-02, 3.21643250e-02, 9.28614958e-01, 7.27483742e-02, 8.85229119e-01, 7.54929011e-02, 3.19919234e+00, 3.58569935e+02, 3.32973406e+02, 3.32973406e+02, 3.09204085e+02, 3.77728694e+01, 7.05172550e+01, 9.34265583e-30
7.90306568e-02, 3.30337838e-02, 9.26757728e-01, 7.46770273e-02, 8.83300466e-01, 7.75718947e-02, 3.19711334e+00, 3.69182933e+02, 3.42143136e+02, 3.42143136e+02, 3.17083796e+02, 3.78362081e+01, 7.05928437e+01, 9.36269570e-30
8.12493021e-02, 3.39258402e-02, 9.24856088e-01, 7.66536562e-02, 8.81323837e-01, 7.97069295e-02, 3.19497831e+00, 3.80124054e+02, 3.51560046e+02, 3.51560046e+02, 3.25142449e+02, 3.78996268e+01, 7.06707855e+01, 9.38338188e-30
8.35302320e-02, 3.48410332e-02, 9.22909182e-01, 7.86792816e-02, 8.79298212e-01, 8.18994444e-02, 3.19278579e+00, 3.91404146e+02, 3.61230480e+02, 3.61230480e+02, 3.33382927e+02, 3.79631271e+01, 7.07511595e+01, 9.40473747e-30
8.58751948e-02, 3.57799125e-02, 9.20916146e-01, 8.07549361e-02, 8.77222557e-01, 8.41509112e-02, 3.19053433e+00, 4.03034449e+02, 3.71160931e+02, 3.71160931e+02, 3.41808095e+02, 3.80267108e+01, 7.08340476e+01, 9.42678652e-30
8.82859884e-02, 3.67430377e-02, 9.18876114e-01, 8.28816643e-02, 8.75095829e-01, 8.64628346e-02, 3.18822240e+00, 4.15026607e+02, 3.81358036e+02, 3.81358036e+02, 3.50420790e+02, 3.80903797e+01, 7.09195351e+01, 9.44955405e-30
9.07644607e-02, 3.77309793e-02, 9.16788212e-01, 8.50605215e-02, 8.72916972e-01, 8.88367529e-02, 3.18584848e+00, 4.27392689e+02, 3.91828579e+02, 3.91828579e+02, 3.59223822e+02, 3.81541354e+01, 7.10077101e+01, 9.47306613e-30
9.33125118e-02, 3.87443182e-02, 9.14651565e-01, 8.72925739e-02, 8.70684919e-01, 9.12742384e-02, 3.18341100e+00, 4.40145199e+02, 4.02579495e+02, 4.02579495e+02, 3.68219965e+02, 3.82179798e+01, 7.10986645e+01, 9.49734992e-30
9.59320948e-02, 3.97836456e-02, 9.12465293e-01, 8.95788980e-02, 8.68398595e-01, 9.37768978e-02, 3.18090834e+00, 4.53297100e+02, 4.13617871e+02, 4.13617871e+02, 3.77411952e+02, 3.82819147e+01, 7.11924932e+01, 9.52243371e-30
9.86252179e-02, 4.08495636e-02, 9.10228514e-01, 9.19205792e-02, 8.66056914e-01, 9.63463726e-02, 3.17833886e+00, 4.66861827e+02, 4.24950947e+02, 4.24950947e+02, 3.86802469e+02, 3.83459418e+01, 7.12892950e+01, 9.54834700e-30
1.01393946e-01, 4.19426849e-02, 9.07940346e-01, 9.43187120e-02, 8.63658781e-01, 9.89843396e-02, 3.17570090e+00, 4.80853307e+02, 4.36586118e+02, 4.36586118e+02, 3.96394151e+02, 3.84100630e+01, 7.13891725e+01, 9.57512053e-30
1.04240401e-01, 4.30636326e-02, 9.05599903e-01, 9.67743989e-02, 8.61203094e-01, 1.01692511e-01, 3.17299273e+00, 4.95285982e+02, 4.48530937e+02, 4.48530937e+02, 4.06189573e+02, 3.84742802e+01, 7.14922321e+01, 9.60278637e-30
1.07166765e-01, 4.42130406e-02, 9.03206303e-01, 9.92887495e-02, 8.58688744e-01, 1.04472635e-01, 3.17021260e+00, 5.10174821e+02, 4.60793114e+02, 4.60793114e+02, 4.16191245e+02, 3.85385951e+01, 7.15985845e+01, 9.63137796e-30
1.10175281e-01, 4.53915533e-02, 9.00758661e-01, 1.01862880e-01, 8.56114614e-01, 1.07326496e-01, 3.16735874e+00, 5.25535352e+02, 4.73380520e+02, 4.73380520e+02, 4.26401603e+02, 3.86030097e+01, 7.17083443e+01, 9.66093019e-30
1.13268257e-01, 4.65998259e-02, 8.98256098e-01, 1.04497911e-01, 8.53479582e-01, 1.10255914e-01, 3.16442932e+00, 5.41383672e+02, 4.86301184e+02, 4.86301184e+02, 4.36823004e+02, 3.86675258e+01, 7.18216310e+01, 9.69147949e-30
1.16448062e-01, 4.78385241e-02, 8.95697735e-01, 1.07194969e-01, 8.50782524e-01, 1.13262748e-01, 3.16142249e+00, 5.57736480e+02, 4.99563302e+02, 4.99563302e+02, 4.47457718e+02, 3.87321453e+01, 7.19385686e+01, 9.72306386e-30
1.19717134e-01, 4.91083240e-02, 8.93082699e-01, 1.09955183e-01, 8.48022310e-01, 1.16348892e-01, 3.15833634e+00, 5.74611096e+02, 5.13175228e+02, 5.13175228e+02, 4.58307918e+02, 3.87968700e+01, 7.20592858e+01, 9.75572301e-30
1.23077980e-01, 5.04099123e-02, 8.90410121e-01, 1.12779684e-01, 8.45197809e-01, 1.19516277e-01, 3.15516896e+00, 5.92025484e+02, 5.27145483e+02, 5.27145483e+02, 4.69375673e+02, 3.88617020e+01, 7.21839167e+01, 9.78949840e-30
1.26533176e-01, 5.17439860e-02, 8.87679139e-01, 1.15669605e-01, 8.42307888e-01, 1.22766873e-01, 3.15191836e+00, 6.09998281e+02, 5.41482749e+02, 5.41482749e+02, 4.80662941e+02, 3.89266431e+01, 7.23126003e+01, 9.82443335e-30
1.30085370e-01, 5.31112527e-02, 8.84888900e-01, 1.18626079e-01, 8.39351414e-01, 1.26102684e-01, 3.14858255e+00, 6.28548823e+02, 5.56195877e+02, 5.56195877e+02, 4.92171558e+02, 3.89916951e+01, 7.24454814e+01, 9.86057314e-30
1.33737286e-01, 5.45124297e-02, 8.82038557e-01, 1.21650235e-01, 8.36327258e-01, 1.29525756e-01, 3.14515948e+00, 6.47697171e+02, 5.71293878e+02, 5.71293878e+02, 5.03903228e+02, 3.90568600e+01, 7.25827105e+01, 9.89796510e-30
1.37491723e-01, 5.59482450e-02, 8.79127276e-01, 1.24743202e-01, 8.33234292e-01, 1.33038169e-01, 3.14164707e+00, 6.67464139e+02, 5.86785930e+02, 5.86785930e+02, 5.15859517e+02, 3.91221397e+01, 7.27244440e+01, 9.93665871e-30
1.41351558e-01, 5.74194362e-02, 8.76154234e-01, 1.27906102e-01, 8.30071392e-01, 1.36642040e-01, 3.13804320e+00, 6.87871328e+02, 6.02681376e+02, 6.02681376e+02, 5.28041839e+02, 3.91875360e+01, 7.28708449e+01, 9.97670575e-30
1.45319752e-01, 5.89267507e-02, 8.73118619e-01, 1.31140052e-01, 8.26837441e-01, 1.40339525e-01, 3.13434571e+00, 7.08941153e+02, 6.18989720e+02, 6.18989720e+02, 5.40451450e+02, 3.92530509e+01, 7.30220823e+01, 1.00181604e-29
1.49399346e-01, 6.04709458e-02, 8.70019635e-01, 1.34446163e-01, 8.23531331e-01, 1.44132816e-01, 3.13055242e+00, 7.30696878e+02, 6.35720631e+02, 6.35720631e+02, 5.53089432e+02, 3.93186863e+01, 7.31783325e+01, 1.00610793e-29
1.53593468e-01, 6.20527881e-02, 8.66856504e-01, 1.37825532e-01, 8.20151961e-01, 1.48024142e-01, 3.12666109e+00, 7.53162645e+02, 6.52883937e+02, 6.52883937e+02, 5.65956687e+02, 3.93844439e+01, 7.33397788e+01, 1.01055218e-29
1.57905331e-01, 6.36730536e-02, 8.63628462e-01, 1.41279250e-01, 8.16698244e-01, 1.52015766e-01, 3.12266947e+00, 7.76363515e+02, 6.70489628e+02, 6.70489628e+02, 5.79053926e+02, 3.94503256e+01, 7.35066119e+01, 1.01515502e-29
1.62338243e-01, 6.53325272e-02, 8.60334766e-01, 1.44808389e-01, 8.13169104e-01, 1.56109989e-01, 3.11857525e+00, 8.00325498e+02, 6.88547850e+02, 6.88547850e+02, 5.92381653e+02, 3.95163333e+01, 7.36790304e+01, 1.01992294e-29
1.66895601e-01, 6.70320026e-02, 8.56974693e-01, 1.48414010e-01, 8.09563483e-01, 1.60309148e-01, 3.11437609e+00, 8.25075594e+02, 7.07068904e+02, 7.07068904e+02, 6.05940158e+02, 3.95824687e+01, 7.38572411e+01, 1.02486277e-29
1.71580899e-01, 6.87722823e-02, 8.53547545e-01, 1.52097154e-01, 8.05880339e-01, 1.64615612e-01, 3.11006962e+00, 8.50641830e+02, 7.26063246e+02, 7.26063246e+02, 6.19729501e+02, 3.96487337e+01, 7.40414592e+01, 1.02998166e-29
1.76397728e-01, 7.05541769e-02, 8.50052645e-01, 1.55858844e-01, 8.02118649e-01, 1.69031785e-01, 3.10565345e+00, 8.77053301e+02, 7.45541478e+02, 7.45541478e+02, 6.33749505e+02, 3.97151299e+01, 7.42319086e+01, 1.03528711e-29
1.81349780e-01, 7.23785049e-02, 8.46489343e-01, 1.59700078e-01, 7.98277415e-01, 1.73560105e-01, 3.10112513e+00, 9.04340209e+02, 7.65514350e+02, 7.65514350e+02, 6.47999739e+02, 3.97816592e+01, 7.44288227e+01, 1.04078699e-29
1.86440853e-01, 7.42460926e-02, 8.42857018e-01, 1.63621833e-01, 7.94355660e-01, 1.78203040e-01, 3.09648220e+00, 9.32533911e+02, 7.85992752e+02, 7.85992752e+02, 6.62479507e+02, 3.98483232e+01, 7.46324446e+01, 1.04648953e-29
1.91674849e-01, 7.61577735e-02, 8.39155077e-01, 1.67625056e-01, 7.90352437e-01, 1.82963091e-01, 3.09172215e+00, 9.61666959e+02, 8.06987711e+02, 8.06987711e+02, 6.77187835e+02, 3.99151235e+01, 7.48430274e+01, 1.05240341e-29
1.97055780e-01, 7.81143880e-02, 8.35382959e-01, 1.71710665e-01, 7.86266828e-01, 1.87842787e-01, 3.08684245e+00, 9.91773146e+02, 8.28510386e+02, 8.28510386e+02, 6.92123458e+02, 3.99820617e+01, 7.50608346e+01, 1.05853771e-29
2.02587771e-01, 8.01167833e-02, 8.31540137e-01, 1.75879547e-01, 7.82097946e-01, 1.92844688e-01, 3.08184055e+00, 1.02288756e+03, 8.50572060e+02, 8.50572060e+02, 7.07284807e+02, 4.00491395e+01, 7.52861411e+01, 1.06490197e-29
2.08275063e-01, 8.21658124e-02, 8.27626118e-01, 1.80132551e-01, 7.77844942e-01, 1.97971377e-01, 3.07671386e+00, 1.05504662e+03, 8.73184137e+02, 8.73184137e+02, 7.22669997e+02, 4.01163582e+01, 7.55192330e+01, 1.07150622e-29
2.14122015e-01, 8.42623342e-02, 8.23640447e-01, 1.84470491e-01, 7.73507002e-01, 2.03225467e-01, 3.07145977e+00, 1.08828814e+03, 8.96358131e+02, 8.96358131e+02, 7.38276812e+02, 4.01837195e+01, 7.57604086e+01, 1.07836099e-29
2.20133111e-01, 8.64072127e-02, 8.19582709e-01, 1.88894137e-01, 7.69083356e-01, 2.08609590e-01, 3.06607565e+00, 1.12265138e+03, 9.20105660e+02, 9.20105660e+02, 7.54102690e+02, 4.02512246e+01, 7.60099786e+01, 1.08547737e-29
2.26312957e-01, 8.86013169e-02, 8.15452527e-01, 1.93404217e-01, 7.64573276e-01, 2.14126403e-01, 3.06055883e+00, 1.15817710e+03, 9.44438441e+02, 9.44438441e+02, 7.70144713e+02, 4.03188749e+01, 7.62682668e+01, 1.09286699e-29
2.32666291e-01, 9.08455198e-02, 8.11249571e-01, 1.98001409e-01, 7.59976084e-01, 2.19778582e-01, 3.05490665e+00, 1.19490759e+03, 9.69368272e+02, 9.69368272e+02, 7.86399595e+02, 4.03866716e+01, 7.65356110e+01, 1.10054210e-29
2.39197984e-01, 9.31406982e-02, 8.06973553e-01, 2.02686342e-01, 7.55291151e-01, 2.25568820e-01, 3.04911642e+00, 1.23288679e+03, 9.94907031e+02, 9.94907031e+02, 8.02863662e+02, 4.04546160e+01, 7.68123629e+01, 1.10851559e-29
2.45913043e-01, 9.54877322e-02, 8.02624233e-01, 2.07459592e-01, 7.50517901e-01, 2.31499823e-01, 3.04318541e+00, 1.27216027e+03, 1.02106666e+03, 1.02106666e+03, 8.19532845e+02, 4.05227091e+01, 7.70988894e+01, 1.11680101e-29
2.52816614e-01, 9.78875042e-02, 7.98201419e-01, 2.12321675e-01, 7.45655819e-01, 2.37574312e-01, 3.03711092e+00, 1.31277536e+03, 1.04785916e+03, 1.04785916e+03, 8.36402666e+02, 4.05909521e+01, 7.73955728e+01, 1.12541265e-29
2.59913992e-01, 1.00340899e-01, 7.93704972e-01, 2.17273046e-01, 7.40704447e-01, 2.43795015e-01, 3.03089022e+00, 1.35478118e+03, 1.07529656e+03, 1.07529656e+03, 8.53468223e+02, 4.06593458e+01, 7.77028118e+01, 1.13436554e-29
2.67210616e-01, 1.02848802e-01, 7.89134803e-01, 2.22314099e-01, 7.35663394e-01, 2.50164669e-01, 3.02452057e+00, 1.39822869e+03, 1.10339092e+03, 1.10339092e+03, 8.70724179e+02, 4.07278910e+01, 7.80210220e+01, 1.14367552e-29
2.74712079e-01, 1.05412101e-01, 7.84490880e-01, 2.27445156e-01, 7.30532337e-01, 2.56686012e-01, 3.01799922e+00, 1.44317081e+03, 1.13215434e+03, 1.13215434e+03, 8.88164753e+02, 4.07965887e+01, 7.83506367e+01, 1.15335928e-29
2.82424133e-01, 1.08031682e-01, 7.79773224e-01, 2.32666469e-01, 7.25311024e-01, 2.63361781e-01, 3.01132346e+00, 1.48966243e+03, 1.16159888e+03, 1.16159888e+03, 9.05783702e+02, 4.08654393e+01, 7.86921078e+01, 1.16343443e-29
2.90352688e-01, 1.10708431e-01, 7.74981917e-01, 2.37978214e-01, 7.19999279e-01, 2.70194712e-01, 3.00449052e+00, 1.53776053e+03, 1.19173660e+03, 1.19173660e+03, 9.23574315e+02, 4.09344435e+01, 7.90459063e+01, 1.17391951e-29
2.98503825e-01, 1.13443233e-01, 7.70117100e-01, 2.43380489e-01, 7.14597004e-01, 2.77187529e-01, 2.99749771e+00, 1.58752419e+03, 1.22257953e+03, 1.22257953e+03, 9.41529401e+02, 4.10036018e+01, 7.94125235e+01, 1.18483411e-29
3.06883789e-01, 1.16236971e-01, 7.65178976e-01, 2.48873308e-01, 7.09104185e-01, 2.84342946e-01, 2.99034229e+00, 1.63901475e+03, 1.25413963e+03, 1.25413963e+03, 9.59641279e+02, 4.10729143e+01, 7.97924717e+01, 1.19619888e-29
3.15499006e-01, 1.19090524e-01, 7.60167811e-01, 2.54456598e-01, 7.03520896e-01, 2.91663662e-01, 2.98302157e+00, 1.69229582e+03, 1.28642881e+03, 1.28642881e+03, 9.77901770e+02, 4.11423814e+01, 8.01862850e+01, 1.20803562e-29
3.24356081e-01, 1.22004770e-01, 7.55083934e-01, 2.60130196e-01, 6.97847297e-01, 2.99152351e-01, 2.97553289e+00, 1.74743336e+03, 1.31945886e+03, 1.31945886e+03, 9.96302186e+02, 4.12120031e+01, 8.05945203e+01, 1.22036736e-29
3.33461802e-01, 1.24980579e-01, 7.49927744e-01, 2.65893846e-01, 6.92083647e-01, 3.06811664e-01, 2.96787357e+00, 1.80449581e+03, 1.35324147e+03, 1.35324147e+03, 1.01483333e+03, 4.12817794e+01, 8.10177585e+01, 1.23321841e-29
3.42823149e-01, 1.28018820e-01, 7.44699703e-01, 2.71747194e-01, 6.86230299e-01, 3.14644221e-01, 2.96004102e+00, 1.86355413e+03, 1.38778821e+03, 1.38778821e+03, 1.03348546e+03, 4.13517101e+01, 8.14566050e+01, 1.24661447e-29
3.52447300e-01, 1.31120351e-01, 7.39400345e-01, 2.77689783e-01, 6.80287710e-01, 3.22652603e-01, 2.95203263e+00, 1.92468188e+03, 1.42311045e+03, 1.42311045e+03, 1.05224835e+03, 4.14217948e+01, 8.19116915e+01, 1.26058270e-29
3.62341632e-01, 1.34286029e-01, 7.34030273e-01, 2.83721054e-01, 6.74256439e-01, 3.30839352e-01, 2.94384588e+00, 1.98795534e+03, 1.45921940e+03, 1.45921940e+03, 1.07111121e+03, 4.14920331e+01, 8.23836762e+01, 1.27515180e-29
3.72513730e-01, 1.37516698e-01, 7.28590161e-01, 2.89840337e-01, 6.68137156e-01, 3.39206960e-01, 2.93547828e+00, 2.05345356e+03, 1.49612606e+03, 1.49612606e+03, 1.09006273e+03, 4.15624244e+01, 8.28732456e+01, 1.29035215e-29
3.82971391e-01, 1.40813196e-01, 7.23080757e-01, 2.96046852e-01, 6.61930641e-01, 3.47757866e-01, 2.92692737e+00, 2.12125848e+03, 1.53384119e+03, 1.53384119e+03, 1.10909105e+03, 4.16329680e+01, 8.33811155e+01, 1.30621587e-29
3.93722633e-01, 1.44176353e-01, 7.17502878e-01, 3.02339705e-01, 6.55637788e-01, 3.56494450e-01, 2.91819079e+00, 2.19145501e+03, 1.57237527e+03, 1.57237527e+03, 1.12818378e+03, 4.17036628e+01, 8.39080319e+01, 1.32277696e-29
4.04775697e-01, 1.47606985e-01, 7.11857418e-01, 3.08717882e-01, 6.49259611e-01, 3.65419024e-01, 2.90926621e+00, 2.26413111e+03, 1.61173852e+03, 1.61173852e+03, 1.14732802e+03, 4.17745079e+01, 8.44547728e+01, 1.34007144e-29
4.16139055e-01, 1.51105900e-01, 7.06145344e-01, 3.15180249e-01, 6.42797244e-01, 3.74533828e-01, 2.90015141e+00, 2.33937790e+03, 1.65194081e+03, 1.65194081e+03, 1.16651031e+03, 4.18455019e+01, 8.50221490e+01, 1.35813740e-29
4.27821420e-01, 1.54673893e-01, 7.00367697e-01, 3.21725551e-01, 6.36251942e-01, 3.83841021e-01, 2.89084422e+00, 2.41728975e+03, 1.69299166e+03, 1.69299166e+03, 1.18571667e+03, 4.19166436e+01, 8.56110057e+01, 1.37701525e-29
4.39831747e-01, 1.58311745e-01, 6.94525595e-01, 3.28352403e-01, 6.29625090e-01, 3.93342675e-01, 2.88134256e+00, 2.49796440e+03, 1.73490021e+03, 1.73490021e+03, 1.20493260e+03, 4.19879312e+01, 8.62222237e+01, 1.39674779e-29
4.52179242e-01, 1.62020224e-01, 6.88620228e-01, 3.35059296e-01, 6.22918197e-01, 4.03040770e-01, 2.87164447e+00, 2.58150302e+03, 1.77767520e+03, 1.77767520e+03, 1.22414310e+03, 4.20593632e+01, 8.68567211e+01, 1.41738037e-29
4.64873371e-01, 1.65800084e-01, 6.82652863e-01, 3.41844589e-01, 6.16132904e-01, 4.12937181e-01, 2.86174805e+00, 2.66801033e+03, 1.82132489e+03, 1.82132489e+03, 1.24333265e+03, 4.21309375e+01, 8.75154545e+01, 1.43896112e-29
4.77923865e-01, 1.69652062e-01, 6.76624841e-01, 3.48706510e-01, 6.09270983e-01, 4.23033678e-01, 2.85165156e+00, 2.75759471e+03, 1.86585709e+03, 1.86585709e+03, 1.26248525e+03, 4.22026522e+01, 8.81994207e+01, 1.46154105e-29
4.91340729e-01, 1.73576879e-01, 6.70537578e-01, 3.55643153e-01, 6.02334340e-01, 4.33331910e-01, 2.84135333e+00, 2.85036832e+03, 1.91127907e+03, 1.91127907e+03, 1.28158444e+03, 4.22745049e+01, 8.89096582e+01, 1.48517433e-29
5.05134247e-01, 1.77575238e-01, 6.64392563e-01, 3.62652481e-01, 5.95325013e-01, 4.43833406e-01, 2.83085183e+00, 2.94644717e+03, 1.95759758e+03, 1.95759758e+03, 1.30061328e+03, 4.23464933e+01, 8.96472490e+01, 1.50991843e-29
5.19314994e-01, 1.81647824e-01, 6.58191359e-01, 3.69732318e-01, 5.88245175e-01, 4.54539561e-01, 2.82014568e+00, 3.04595123e+03, 2.00481878e+03, 2.00481878e+03, 1.31955440e+03, 4.24186147e+01, 9.04133199e+01, 1.53583438e-29
5.33893840e-01, 1.85795303e-01, 6.51935600e-01, 3.76880358e-01, 5.81097135e-01, 4.65451631e-01, 2.80923360e+00, 3.14900459e+03, 2.05294819e+03, 2.05294819e+03, 1.33839001e+03, 4.24908665e+01, 9.12090446e+01, 1.56298700e-29
5.48881961e-01, 1.90018322e-01, 6.45626991e-01, 3.84094157e-01, 5.73883336e-01, 4.76570726e-01, 2.79811451e+00, 3.25573551e+03, 2.10199072e+03, 2.10199072e+03, 1.35710194e+03, 4.25632456e+01, 9.20356453e+01, 1.59144516e-29
5.64290847e-01, 1.94317504e-01, 6.39267309e-01, 3.91371140e-01, 5.66606353e-01, 4.87897799e-01, 2.78678744e+00, 3.36627658e+03, 2.15195057e+03, 2.15195057e+03, 1.37567165e+03, 4.26357490e+01, 9.28943948e+01, 1.62128204e-29
5.80132310e-01, 1.98693454e-01, 6.32858396e-01, 3.98708597e-01, 5.59268896e-01, 4.99433643e-01, 2.77525159e+00, 3.48076482e+03, 2.20283124e+03, 2.20283124e+03, 1.39408025e+03, 4.27083734e+01, 9.37866179e+01, 1.65257548e-29
5.96418495e-01, 2.03146750e-01, 6.26402164e-01, 4.06103687e-01, 5.51873806e-01, 5.11178881e-01, 2.76350635e+00, 3.59934177e+03, 2.25463548e+03, 2.25463548e+03, 1.41230854e+03, 4.27811154e+01, 9.47136940e+01, 1.68540821e-29
6.13161884e-01, 2.07677952e-01, 6.19900588e-01, 4.13553441e-01, 5.44424052e-01, 5.23133960e-01, 2.75155128e+00, 3.72215367e+03, 2.30736525e+03, 2.30736525e+03, 1.43033707e+03, 4.28539715e+01, 9.56770586e+01, 1.71986827e-29
6.30375315e-01, 2.12287591e-01, 6.13355704e-01, 4.21054764e-01, 5.36922730e-01, 5.35299143e-01, 2.73938609e+00, 3.84935152e+03, 2.36102171e+03, 2.36102171e+03, 1.44814614e+03, 4.29269379e+01, 9.66782057e+01, 1.75604935e-29
6.48071983e-01, 2.16976176e-01, 6.06769614e-01, 4.28604434e-01, 5.29373059e-01, 5.47674501e-01, 2.72701073e+00, 3.98109124e+03, 2.41560519e+03, 2.41560519e+03, 1.46571583e+03, 4.30000107e+01, 9.77186899e+01, 1.79405117e-29
6.66265452e-01, 2.21744190e-01, 6.00144472e-01, 4.36199113e-01, 5.21778381e-01, 5.60259912e-01, 2.71442532e+00, 4.11753379e+03, 2.47111514e+03, 2.47111514e+03, 1.48302609e+03, 4.30731859e+01, 9.88001286e+01, 1.83397991e-29
6.84969672e-01, 2.26592088e-01, 5.93482492e-01, 4.43835345e-01, 5.14142149e-01, 5.73055049e-01, 2.70163019e+00, 4.25884530e+03, 2.52755012e+03, 2.52755012e+03, 1.50005675e+03, 4.31464593e+01, 9.99242042e+01, 1.87594867e-29
7.04198979e-01, 2.31520301e-01, 5.86785940e-01, 4.51509564e-01, 5.06467930e-01, 5.86059378e-01, 2.68862586e+00, 4.40519719e+03, 2.58490778e+03, 2.58490778e+03, 1.51678754e+03, 4.32198268e+01, 1.01092667e+02, 1.92007795e-29
7.23968114e-01, 2.36529229e-01, 5.80057132e-01, 4.59218097e-01, 4.98759396e-01, 5.99272151e-01, 2.67541309e+00, 4.55676632e+03, 2.64318480e+03, 2.64318480e+03, 1.53319820e+03, 4.32932838e+01, 1.02307337e+02, 1.96649620e-29
7.44292233e-01, 2.41619247e-01, 5.73298431e-01, 4.66957173e-01, 4.91020320e-01, 6.12692401e-01, 2.66199283e+00, 4.71373512e+03, 2.70237695e+03, 2.70237695e+03, 1.54926846e+03, 4.33668259e+01, 1.03570106e+02, 2.01534032e-29
7.65186915e-01, 2.46790700e-01, 5.66512244e-01, 4.74722926e-01, 4.83254568e-01, 6.26318943e-01, 2.64836629e+00, 4.87629173e+03, 2.76247897e+03, 2.76247897e+03, 1.56497816e+03, 4.34404484e+01, 1.04882942e+02, 2.06675634e-29
7.86668179e-01, 2.52043903e-01, 5.59701019e-01, 4.82511401e-01, 4.75466092e-01, 6.40150362e-01, 2.63453487e+00, 5.04463015e+03, 2.82348463e+03, 2.82348463e+03, 1.58030723e+03, 4.35141467e+01, 1.06247892e+02, 2.12090003e-29
8.08752491e-01, 2.57379142e-01, 5.52867241e-01, 4.90318567e-01, 4.67658926e-01, 6.54185018e-01, 2.62050022e+00, 5.21895039e+03, 2.88538671e+03, 2.88538671e+03, 1.59523579e+03, 4.35879158e+01, 1.07667081e+02, 2.17793760e-29
8.31456781e-01, 2.62796674e-01, 5.46013431e-01, 4.98140318e-01, 4.59837175e-01, 6.68421037e-01, 2.60626420e+00, 5.39945862e+03, 2.94817693e+03, 2.94817693e+03, 1.60974420e+03, 4.36617511e+01, 1.09142720e+02, 2.23804646e-29
8.54798453e-01, 2.68296725e-01, 5.39142136e-01, 5.05972485e-01, 4.52005008e-01, 6.82856316e-01, 2.59182892e+00, 5.58636732e+03, 3.01184601e+03, 3.01184601e+03, 1.62381309e+03, 4.37356474e+01, 1.10677105e+02, 2.30141604e-29
8.78795401e-01, 2.73879488e-01, 5.32255933e-01, 5.13810845e-01, 4.44166648e-01, 6.97488516e-01, 2.57719672e+00, 5.77989546e+03, 3.07638365e+03, 3.07638365e+03, 1.63742345e+03, 4.38095999e+01, 1.12272624e+02, 2.36824865e-29
9.03466021e-01, 2.79545129e-01, 5.25357421e-01, 5.21651128e-01, 4.36326365e-01, 7.12315069e-01, 2.56237017e+00, 5.98026864e+03, 3.14177851e+03, 3.14177851e+03, 1.65055666e+03, 4.38836035e+01, 1.13931756e+02, 2.43876041e-29
9.28829225e-01, 2.85293778e-01, 5.18449216e-01, 5.29489026e-01, 4.28488468e-01, 7.27333169e-01, 2.54735207e+00, 6.18771930e+03, 3.20801822e+03, 3.20801822e+03, 1.66319453e+03, 4.39576530e+01, 1.15657078e+02, 2.51318228e-29
9.54904456e-01, 2.91125536e-01, 5.11533951e-01, 5.37320204e-01, 4.20657289e-01, 7.42539785e-01, 2.53214545e+00, 6.40248688e+03, 3.27508941e+03, 3.27508941e+03, 1.67531943e+03, 4.40317435e+01, 1.17451268e+02, 2.59176116e-29
9.81711702e-01, 2.97040474e-01, 5.04614268e-01, 5.45140312e-01, 4.12837181e-01, 7.57931652e-01, 2.51675358e+00, 6.62481799e+03, 3.34297768e+03, 3.34297768e+03, 1.68691424e+03, 4.41058698e+01, 1.19317107e+02, 2.67476101e-29
1.00927151e+00, 3.03038627e-01, 4.97692817e-01, 5.52944989e-01, 4.05032504e-01, 7.73505284e-01, 2.50117995e+00, 6.85496663e+03, 3.41166765e+03, 3.41166765e+03, 1.69796248e+03, 4.41800267e+01, 1.21257483e+02, 2.76246416e-29
1.03760502e+00, 3.09120002e-01, 4.90772250e-01, 5.60729880e-01, 3.97247613e-01, 7.89256969e-01, 2.48542827e+00, 7.09319437e+03, 3.48114296e+03, 3.48114296e+03, 1.70844836e+03, 4.42542093e+01, 1.23275397e+02, 2.85517266e-29
1.06673394e+00, 3.15284571e-01, 4.83855218e-01, 5.68490642e-01, 3.89486851e-01, 8.05182782e-01, 2.46950245e+00, 7.33977055e+03, 3.55138628e+03, 3.55138628e+03, 1.71835678e+03, 4.43284124e+01, 1.25373967e+02, 2.95320973e-29
1.09668060e+00, 3.21532276e-01, 4.76944367e-01, 5.76222955e-01, 3.81754538e-01, 8.21278584e-01, 2.45340665e+00, 7.59497253e+03, 3.62237936e+03, 3.62237936e+03, 1.72767343e+03, 4.44026310e+01, 1.27556430e+02, 3.05692136e-29
1.12746796e+00, 3.27863028e-01, 4.70042332e-01, 5.83922534e-01, 3.74054959e-01, 8.37540030e-01, 2.43714521e+00, 7.85908587e+03, 3.69410305e+03, 3.69410305e+03, 1.73638481e+03, 4.44768602e+01, 1.29826149e+02, 3.16667799e-29
1.15911962e+00, 3.34276704e-01, 4.63151736e-01, 5.91585138e-01, 3.66392355e-01, 8.53962580e-01, 2.42072266e+00, 8.13240459e+03, 3.76653731e+03, 3.76653731e+03, 1.74447829e+03, 4.45510949e+01, 1.32186616e+02, 3.28287636e-29
1.19165984e+00, 3.40773150e-01, 4.56275185e-01, 5.99206581e-01, 3.58770913e-01, 8.70541498e-01, 2.40414374e+00, 8.41523139e+03, 3.83966126e+03, 3.83966126e+03, 1.75194215e+03, 4.46253303e+01, 1.34641461e+02, 3.40594149e-29
1.22511358e+00, 3.47352184e-01, 4.49415262e-01, 6.06782740e-01, 3.51194753e-01, 8.87271871e-01, 2.38741336e+00, 8.70787789e+03, 3.91345322e+03, 3.91345322e+03, 1.75876560e+03, 4.46995617e+01, 1.37194450e+02, 3.53632882e-29
1.25950646e+00, 3.54013588e-01, 4.42574525e-01, 6.14309569e-01, 3.43667925e-01, 9.04148610e-01, 2.37053663e+00, 9.01066492e+03, 3.98789075e+03, 3.98789075e+03, 1.76493885e+03, 4.47737842e+01, 1.39849499e+02, 3.67452648e-29
1.29486487e+00, 3.60757118e-01, 4.35755505e-01, 6.21783102e-01, 3.36194391e-01, 9.21166461e-01, 2.35351878e+00, 9.32392278e+03, 4.06295068e+03, 4.06295068e+03, 1.77045312e+03, 4.48479933e+01, 1.42610673e+02, 3.82105783e-29
1.33121590e+00, 3.67582497e-01, 4.28960698e-01, 6.29199469e-01, 3.28778024e-01, 9.38320017e-01, 2.33636522e+00, 9.64799148e+03, 4.13860916e+03, 4.13860916e+03, 1.77530067e+03, 4.49221846e+01, 1.45482196e+02, 3.97648407e-29
1.36858742e+00, 3.74489419e-01, 4.22192565e-01, 6.36554901e-01, 3.21422592e-01, 9.55603729e-01, 2.31908151e+00, 9.98322106e+03, 4.21484171e+03, 4.21484171e+03, 1.77947483e+03, 4.49963534e+01, 1.48468455e+02, 4.14140719e-29
1.40700809e+00, 3.81477549e-01, 4.15453528e-01, 6.43845738e-01, 3.14131755e-01, 9.73011913e-01, 2.30167332e+00, 1.03299719e+04, 4.29162326e+03, 4.29162326e+03, 1.78297002e+03, 4.50704957e+01, 1.51574010e+02, 4.31647308e-29
1.44650734e+00, 3.88546523e-01, 4.08745964e-01, 6.51068437e-01, 3.06909056e-01, 9.90538767e-01, 2.28414647e+00, 1.06886150e+04, 4.36892823e+03, 4.36892823e+03, 1.78578178e+03, 4.51446072e+01, 1.54803597e+02, 4.50237485e-29
1.48711546e+00, 3.95695948e-01, 4.02072206e-01, 6.58219583e-01, 2.99757910e-01, 1.00817838e+00, 2.26650686e+00, 1.10595322e+04, 4.44673053e+03, 4.44673053e+03, 1.78790675e+03, 4.52186838e+01, 1.58162137e+02, 4.69985656e-29
1.52886359e+00, 4.02925403e-01, 3.95434536e-01, 6.65295890e-01, 2.92681603e-01, 1.02592473e+00, 2.24876050e+00, 1.14431169e+04, 4.52500364e+03, 4.52500364e+03, 1.78934272e+03, 4.52927217e+01, 1.61654744e+02, 4.90971705e-29
1.57178372e+00, 4.10234442e-01, 3.88835186e-01, 6.72294210e-01, 2.85683283e-01, 1.04377174e+00, 2.23091350e+00, 1.18397739e+04, 4.60372068e+03, 4.60372068e+03, 1.79008859e+03, 4.53667170e+01, 1.65286733e+02, 5.13281424e-29
1.61590875e+00, 4.17622591e-01, 3.82276331e-01, 6.79211541e-01, 2.78765953e-01, 1.06171322e+00, 2.21297202e+00, 1.22499199e+04, 4.68285444e+03, 4.68285444e+03, 1.79014441e+03, 4.54406662e+01, 1.69063628e+02, 5.37006972e-29
1.66127252e+00, 4.25089350e-01, 3.75760089e-01, 6.86045026e-01, 2.71932468e-01, 1.07974295e+00, 2.19494228e+00, 1.26739842e+04, 4.76237743e+03, 4.76237743e+03, 1.78951137e+03, 4.55145658e+01, 1.72991170e+02, 5.62247363e-29
1.70790980e+00, 4.32634194e-01, 3.69288519e-01, 6.92791963e-01, 2.65185530e-01, 1.09785465e+00, 2.17683058e+00, 1.31124086e+04, 4.84226196e+03, 4.84226196e+03, 1.78819175e+03, 4.55884124e+01, 1.77075328e+02, 5.89109010e-29
1.75585633e+00, 4.40256573e-01, 3.62863618e-01, 6.99449806e-01, 2.58527687e-01, 1.11604201e+00, 2.15864323e+00, 1.35656481e+04, 4.92248015e+03, 4.92248015e+03, 1.78618896e+03, 4.56622027e+01, 1.81322307e+02, 6.17706296e-29
1.80514888e+00, 4.47955916e-01, 3.56487318e-01, 7.06016168e-01, 2.51961325e-01, 1.13429867e+00, 2.14038657e+00, 1.40341712e+04, 5.00300405e+03, 5.00300405e+03, 1.78350749e+03, 4.57359338e+01, 1.85738559e+02, 6.48162200e-29
1.85582523e+00, 4.55731626e-01, 3.50161484e-01, 7.12488824e-01, 2.45488669e-01, 1.15261828e+00, 2.12206696e+00, 1.45184603e+04, 5.08380560e+03, 5.08380560e+03, 1.78015291e+03, 4.58096028e+01, 1.90330793e+02, 6.80608972e-29
1.90792422e+00, 4.63583085e-01, 3.43887915e-01, 7.18865713e-01, 2.39111780e-01, 1.17099449e+00, 2.10369075e+00, 1.50190121e+04, 5.16485678e+03, 5.16485678e+03, 1.77613183e+03, 4.58832068e+01, 1.95105986e+02, 7.15188863e-29
1.96148581e+00, 4.71509656e-01, 3.37668341e-01, 7.25144937e-01, 2.32832556e-01, 1.18942094e+00, 2.08526430e+00, 1.55363383e+04, 5.24612958e+03, 5.24612958e+03, 1.77145187e+03, 4.59567433e+01, 2.00071395e+02, 7.52054914e-29
2.01655104e+00, 4.79510678e-01, 3.31504419e-01, 7.31324765e-01, 2.26652728e-01, 1.20789132e+00, 2.06679392e+00, 1.60709655e+04, 5.32759610e+03, 5.32759610e+03, 1.76612165e+03, 4.60302098e+01, 2.05234567e+02, 7.91371804e-29
2.07316213e+00, 4.87585472e-01, 3.25397736e-01, 7.37403630e-01, 2.20573863e-01, 1.22639931e+00, 2.04828592e+00, 1.66234363e+04, 5.40922855e+03, 5.40922855e+03, 1.76015073e+03, 4.61036040e+01, 2.10603355e+02, 8.33316779e-29
2.13136247e+00, 4.95733342e-01, 3.19349807e-01, 7.43380129e-01, 2.14597364e-01, 1.24493868e+00, 2.02974656e+00, 1.71943093e+04, 5.49099936e+03, 5.49099936e+03, 1.75354958e+03, 4.61769237e+01, 2.16185930e+02, 8.78080642e-29
2.19119669e+00, 5.03953573e-01, 3.13362070e-01, 7.49253022e-01, 2.08724472e-01, 1.26350320e+00, 2.01118203e+00, 1.77841598e+04, 5.57288114e+03, 5.57288114e+03, 1.74632957e+03, 4.62501668e+01, 2.21990790e+02, 9.25868836e-29
2.25271064e+00, 5.12245431e-01, 3.07435893e-01, 7.55021230e-01, 2.02956263e-01, 1.28208675e+00, 1.99259849e+00, 1.83935804e+04, 5.65484680e+03, 5.65484680e+03, 1.73850288e+03, 4.63233314e+01, 2.28026781e+02, 9.76902607e-29
2.31595149e+00, 5.20608169e-01, 3.01572566e-01, 7.60683835e-01, 1.97293658e-01, 1.30068323e+00, 1.97400201e+00, 1.90231811e+04, 5.73686954e+03, 5.73686954e+03, 1.73008247e+03, 4.63964157e+01, 2.34303110e+02, 1.03142027e-28
2.38096772e+00, 5.29041024e-01, 2.95773306e-01, 7.66240073e-01, 1.91737421e-01, 1.31928666e+00, 1.95539858e+00, 1.96735905e+04, 5.81892290e+03, 5.81892290e+03, 1.72108206e+03, 4.64694181e+01, 2.40829357e+02, 1.08967856e-28
2.44780916e+00, 5.37543219e-01, 2.90039255e-01, 7.71689333e-01, 1.86288161e-01, 1.33789111e+00, 1.93679413e+00, 2.03454556e+04, 5.90098079e+03, 5.90098079e+03, 1.71151607e+03, 4.65423371e+01, 2.47615495e+02, 1.15195414e-28
2.51652705e+00, 5.46113963e-01, 2.84371479e-01, 7.77031154e-01, 1.80946339e-01, 1.35649077e+00, 1.91819447e+00, 2.10394430e+04, 5.98301753e+03, 5.98301753e+03, 1.70139955e+03, 4.66151712e+01, 2.54671905e+02, 1.21854515e-28
2.58717408e+00, 5.54752453e-01, 2.78770971e-01, 7.82265223e-01, 1.75712271e-01, 1.37507991e+00, 1.89960533e+00, 2.17562390e+04, 6.06500788e+03, 6.06500788e+03, 1.69074813e+03, 4.66879191e+01, 2.62009395e+02, 1.28977300e-28
2.65980440e+00, 5.63457874e-01, 2.73238647e-01, 7.87391364e-01, 1.70586129e-01, 1.39365291e+00, 1.88103232e+00, 2.24965507e+04, 6.14692706e+03, 6.14692706e+03, 1.67957803e+03, 4.67605797e+01, 2.69639217e+02, 1.36598418e-28
2.73447368e+00, 5.72229403e-01, 2.67775351e-01, 7.92409541e-01, 1.65567953e-01, 1.41220427e+00, 1.86248096e+00, 2.32611058e+04, 6.22875078e+03, 6.22875078e+03, 1.66790593e+03, 4.68331518e+01, 2.77573088e+02, 1.44755232e-28
2.81123917e+00, 5.81066203e-01, 2.62381854e-01, 7.97319849e-01, 1.60657645e-01, 1.43072860e+00, 1.84395664e+00, 2.40506543e+04, 6.31045526e+03, 6.31045526e+03, 1.65574895e+03, 4.69056345e+01, 2.85823208e+02, 1.53488038e-28
2.89015972e+00, 5.89967432e-01, 2.57058854e-01, 8.02122510e-01, 1.55854984e-01, 1.44922062e+00, 1.82546461e+00, 2.48659681e+04, 6.39201726e+03, 6.39201726e+03, 1.64312463e+03, 4.69780269e+01, 2.94402282e+02, 1.62840302e-28
2.97129582e+00, 5.98932239e-01, 2.51806978e-01, 8.06817868e-01, 1.51159625e-01, 1.46767520e+00, 1.80701004e+00, 2.57078422e+04, 6.47341407e+03, 6.47341407e+03, 1.63005084e+03, 4.70503281e+01, 3.03323541e+02, 1.72858918e-28
3.05470967e+00, 6.07959763e-01, 2.46626782e-01, 8.11406384e-01, 1.46571109e-01, 1.48608730e+00, 1.78859794e+00, 2.65770956e+04, 6.55462358e+03, 6.55462358e+03, 1.61654572e+03, 4.71225376e+01, 3.12600766e+02, 1.83594484e-28
3.14046522e+00, 6.17049141e-01, 2.41518754e-01, 8.15888630e-01, 1.42088863e-01, 1.50445205e+00, 1.77023318e+00, 2.74745713e+04, 6.63562422e+03, 6.63562422e+03, 1.60262769e+03, 4.71946546e+01, 3.22248309e+02, 1.95101608e-28
3.22862820e+00, 6.26199502e-01, 2.36483311e-01, 8.20265283e-01, 1.37712210e-01, 1.52276470e+00, 1.75192054e+00, 2.84011375e+04, 6.71639505e+03, 6.71639505e+03, 1.58831534e+03, 4.72666787e+01, 3.32281121e+02, 2.07439228e-28
3.31926620e+00, 6.35409971e-01, 2.31520808e-01, 8.24537121e-01, 1.33440372e-01, 1.54102063e+00, 1.73366461e+00, 2.93576884e+04, 6.79691572e+03, 6.79691572e+03, 1.57362742e+03, 4.73386093e+01, 3.42714776e+02, 2.20670974e-28
3.41244871e+00, 6.44679670e-01, 2.26631530e-01, 8.28705016e-01, 1.29272477e-01, 1.55921536e+00, 1.71546988e+00, 3.03451443e+04, 6.87716648e+03, 6.87716648e+03, 1.55858276e+03, 4.74104460e+01, 3.53565496e+02, 2.34865543e-28
3.50824714e+00, 6.54007716e-01, 2.21815701e-01, 8.32769927e-01, 1.25207566e-01, 1.57734456e+00, 1.69734067e+00, 3.13644533e+04, 6.95712820e+03, 6.95712820e+03, 1.54320027e+03, 4.74821886e+01, 3.64850182e+02, 2.50097118e-28
3.60673495e+00, 6.63393226e-01, 2.17073483e-01, 8.36732900e-01, 1.21244593e-01, 1.59540404e+00, 1.67928119e+00, 3.24165914e+04, 7.03678240e+03, 7.03678240e+03, 1.52749886e+03, 4.75538367e+01, 3.76586440e+02, 2.66445819e-28
3.70798763e+00, 6.72835313e-01, 2.12404976e-01, 8.40595055e-01, 1.17382438e-01, 1.61338975e+00, 1.66129549e+00, 3.35025634e+04, 7.11611119e+03, 7.11611119e+03, 1.51149743e+03, 4.76253902e+01, 3.88792615e+02, 2.83998187e-28
3.81208280e+00, 6.82333091e-01, 2.07810223e-01, 8.44357585e-01, 1.13619908e-01, 1.63129776e+00, 1.64338748e+00, 3.46234041e+04, 7.19509733e+03, 7.19509733e+03, 1.49521478e+03, 4.76968488e+01, 4.01487818e+02, 3.02847714e-28
3.91910025e+00, 6.91885673e-01, 2.03289209e-01, 8.48021752e-01, 1.09955741e-01, 1.64912432e+00, 1.62556091e+00, 3.57801785e+04, 7.27372420e+03, 7.27372420e+03, 1.47866964e+03, 4.77682125e+01, 4.14691963e+02, 3.23095411e-28
4.02912203e+00, 7.01492174e-01, 1.98841864e-01, 8.51588875e-01, 1.06388618e-01, 1.66686580e+00, 1.60781943e+00, 3.69739835e+04, 7.35197581e+03, 7.35197581e+03, 1.46188058e+03, 4.78394812e+01, 4.28425796e+02, 3.44850436e-28
4.14223247e+00, 7.11151707e-01, 1.94468065e-01, 8.55060334e-01, 1.02917160e-01, 1.68451872e+00, 1.59016652e+00, 3.82059480e+04, 7.42983679e+03, 7.42983679e+03, 1.44486599e+03, 4.79106549e+01, 4.42710938e+02, 3.68230755e-28
4.25851829e+00, 7.20863389e-01, 1.90167637e-01, 8.58437555e-01, 9.95399379e-02, 1.70207973e+00, 1.57260551e+00, 3.94772344e+04, 7.50729240e+03, 7.50729240e+03, 1.42764406e+03, 4.79817336e+01, 4.57569915e+02, 3.93363879e-28
4.37806863e+00, 7.30626340e-01, 1.85940357e-01, 8.61722015e-01, 9.62554784e-02, 1.71954562e+00, 1.55513961e+00, 4.07890392e+04, 7.58432851e+03, 7.58432851e+03, 1.41023275e+03, 4.80527174e+01, 4.73026201e+02, 4.20387649e-28
4.50097513e+00, 7.40439681e-01, 1.81785952e-01, 8.64915228e-01, 9.30622653e-02, 1.73691334e+00, 1.53777189e+00, 4.21425942e+04, 7.66093159e+03, 7.66093159e+03, 1.39264974e+03, 4.81236063e+01, 4.89104256e+02, 4.49451089e-28
4.62733201e+00, 7.50302539e-01, 1.77704105e-01, 8.68018747e-01, 8.99587461e-02, 1.75417996e+00, 1.52050528e+00, 4.35391672e+04, 7.73708874e+03, 7.73708874e+03, 1.37491243e+03, 4.81944006e+01, 5.05829569e+02, 4.80715339e-28
4.75723614e+00, 7.60214043e-01, 1.73694456e-01, 8.71034157e-01, 8.69433364e-02, 1.77134268e+00, 1.50334256e+00, 4.49800633e+04, 7.81278764e+03, 7.81278764e+03, 1.35703790e+03, 4.82651003e+01, 5.23228704e+02, 5.14354656e-28
4.89078709e+00, 7.70173327e-01, 1.69756602e-01, 8.73963069e-01, 8.40144240e-02, 1.78839884e+00, 1.48628639e+00, 4.64666261e+04, 7.88801655e+03, 7.88801655e+03, 1.33904289e+03, 4.83357057e+01, 5.41329339e+02, 5.50557503e-28
5.02808725e+00, 7.80179530e-01, 1.65890100e-01, 8.76807120e-01, 8.11703729e-02, 1.80534592e+00, 1.46933931e+00, 4.80002382e+04, 7.96276434e+03, 7.96276434e+03, 1.32094378e+03, 4.84062170e+01, 5.60160323e+02, 5.89527735e-28
5.16924187e+00, 7.90231798e-01, 1.62094471e-01, 8.79567965e-01, 7.84095278e-02, 1.82218152e+00, 1.45250371e+00, 4.95823229e+04, 8.03702042e+03, 8.03702042e+03, 1.30275658e+03, 4.84766343e+01, 5.79751716e+02, 6.31485873e-28
5.31435916e+00, 8.00329281e-01, 1.58369199e-01, 8.82247276e-01, 7.57302172e-02, 1.83890337e+00, 1.43578186e+00, 5.12143451e+04, 8.11077479e+03, 8.11077479e+03, 1.28449690e+03, 4.85469581e+01, 6.00134847e+02, 6.76670501e-28
5.46355035e+00, 8.10471136e-01, 1.54713732e-01, 8.84846735e-01, 7.31307577e-02, 1.85550933e+00, 1.41917591e+00, 5.28978123e+04, 8.18401797e+03, 8.18401797e+03, 1.26617997e+03, 4.86171886e+01, 6.21342366e+02, 7.25339766e-28
5.61692982e+00, 8.20656529e-01, 1.51127491e-01, 8.87368036e-01, 7.06094569e-02, 1.87199736e+00, 1.40268788e+00, 5.46342761e+04, 8.25674105e+03, 8.25674105e+03, 1.24782056e+03, 4.86873260e+01, 6.43408299e+02, 7.77773014e-28
5.77461515e+00, 8.30884629e-01, 1.47609861e-01, 8.89812876e-01, 6.81646170e-02, 1.88836557e+00, 1.38631967e+00, 5.64253335e+04, 8.32893563e+03, 8.32893563e+03, 1.22943303e+03, 4.87573707e+01, 6.66368107e+02, 8.34272562e-28
5.93672722e+00, 8.41154616e-01, 1.44160202e-01, 8.92182956e-01, 6.57945377e-02, 1.90461217e+00, 1.37007307e+00, 5.82726279e+04, 8.40059383e+03, 8.40059383e+03, 1.21103131e+03, 4.88273230e+01, 6.90258748e+02, 8.95165617e-28
6.10339029e+00, 8.51465677e-01, 1.40777848e-01, 8.94479974e-01, 6.34975191e-02, 1.92073549e+00, 1.35394975e+00, 6.01778504e+04, 8.47170829e+03, 8.47170829e+03, 1.19262886e+03, 4.88971834e+01, 7.15118739e+02, 9.60806364e-28
6.27473213e+00, 8.61817006e-01, 1.37462106e-01, 8.96705629e-01, 6.12718646e-02, 1.93673397e+00, 1.33795127e+00, 6.21427415e+04, 8.54227212e+03, 8.54227212e+03, 1.17423872e+03, 4.89669520e+01, 7.40988222e+02, 1.03157822e-27
6.45088409e+00, 8.72207807e-01, 1.34212261e-01, 8.98861610e-01, 5.91158832e-02, 1.95260616e+00, 1.32207908e+00, 6.41690921e+04, 8.61227893e+03, 8.61227893e+03, 1.15587343e+03, 4.90366295e+01, 7.67909035e+02, 1.10789629e-27
6.63198120e+00, 8.82637292e-01, 1.31027576e-01, 9.00949601e-01, 5.70278921e-02, 1.96835071e+00, 1.30633452e+00, 6.62587452e+04, 8.68172280e+03, 8.68172280e+03, 1.13754510e+03, 4.91062160e+01, 7.95924782e+02, 1.19021004e-27
6.81816229e+00, 8.93104682e-01, 1.27907296e-01, 9.02971274e-01, 5.50062189e-02, 1.98396640e+00, 1.29071884e+00, 6.84135974e+04, 8.75059826e+03, 8.75059826e+03, 1.11926536e+03, 4.91757121e+01, 8.25080905e+02, 1.27900613e-27
7.00957009e+00, 9.03609206e-01, 1.24850646e-01, 9.04928290e-01, 5.30492037e-02, 1.99945208e+00, 1.27523316e+00, 7.06356000e+04, 8.81890028e+03, 8.81890028e+03, 1.10104540e+03, 4.92451182e+01, 8.55424770e+02, 1.37481163e-27
7.20635132e+00, 9.14150106e-01, 1.21856835e-01, 9.06822293e-01, 5.11552006e-02, 2.01480670e+00, 1.25987854e+00, 7.29267609e+04, 8.88662428e+03, 8.88662428e+03, 1.08289591e+03, 4.93144346e+01, 8.87005741e+02, 1.47819734e-27
7.40865683e+00, 9.24726629e-01, 1.18925058e-01, 9.08654913e-01, 4.93225801e-02, 2.03002932e+00, 1.24465591e+00, 7.52891464e+04, 8.95376609e+03, 8.95376609e+03, 1.06482715e+03, 4.93836619e+01, 9.19875267e+02, 1.58978150e-27
7.61664172e+00, 9.35338035e-01, 1.16054495e-01, 9.10427763e-01, 4.75497303e-02, 2.04511910e+00, 1.22956614e+00, 7.77248823e+04, 9.02032193e+03, 9.02032193e+03, 1.04684890e+03, 4.94528004e+01, 9.54086970e+02, 1.71023379e-27
7.83046540e+00, 9.45983593e-01, 1.13244314e-01, 9.12142435e-01, 4.58350586e-02, 2.06007526e+00, 1.21460998e+00, 8.02361558e+04, 9.08628845e+03, 9.08628845e+03, 1.02897051e+03, 4.95218506e+01, 9.89696740e+02, 1.84027969e-27
8.05029181e+00, 9.56662583e-01, 1.10493675e-01, 9.13800500e-01, 4.41769929e-02, 2.07489713e+00, 1.19978810e+00, 8.28252177e+04, 9.15166267e+03, 9.15166267e+03, 1.01120084e+03, 4.95908129e+01, 1.02676283e+03, 1.98070513e-27
8.27628946e+00, 9.67374292e-01, 1.07801724e-01, 9.15403510e-01, 4.25739828e-02, 2.08958412e+00, 1.18510111e+00, 8.54943834e+04, 9.21644196e+03, 9.21644196e+03, 9.93548337e+02, 4.96596879e+01, 1.06534594e+03, 2.13236165e-27
8.50863158e+00, 9.78118021e-01, 1.05167604e-01, 9.16952992e-01, 4.10245009e-02, 2.10413572e+00, 1.17054952e+00, 8.82460352e+04, 9.28062408e+03, 9.28062408e+03, 9.76020997e+02, 4.97284760e+01, 1.10550936e+03, 2.29617191e-27
8.74749630e+00, 9.88893079e-01, 1.02590447e-01, 9.18450450e-01, 3.95270436e-02, 2.11855149e+00, 1.15613375e+00, 9.10826243e+04, 9.34420711e+03, 9.34420711e+03, 9.58626382e+02, 4.97971777e+01, 1.14731903e+03, 2.47313572e-27
8.99306672e+00, 9.99698787e-01, 1.00069381e-01, 9.19897361e-01, 3.80801319e-02, 2.13283107e+00, 1.14185416e+00, 9.40066723e+04, 9.40718949e+03, 9.40718949e+03, 9.41371628e+02, 4.98657934e+01, 1.19084370e+03, 2.66433655e-27
9.24553110e+00, 1.01053448e+00, 9.76035298e-02, 9.21295181e-01, 3.66823124e-02, 2.14697419e+00, 1.12771104e+00, 9.70207736e+04, 9.46956997e+03, 9.46956997e+03, 9.24263455e+02, 4.99343237e+01, 1.23615501e+03, 2.87094863e-27
9.50508296e+00, 1.02139949e+00, 9.51920136e-02, 9.22645335e-01, 3.53321579e-02, 2.16098064e+00, 1.11370460e+00, 1.00127597e+05, 9.53134761e+03, 9.53134761e+03, 9.07308171e+02, 5.00027690e+01, 1.28332764e+03, 3.09424464e-27
9.77192128e+00, 1.03229317e+00, 9.28339498e-02, 9.23949225e-01, 3.40282679e-02, 2.17485026e+00, 1.09983498e+00, 1.03329889e+05, 9.59252177e+03, 9.59252177e+03, 8.90511685e+02, 5.00711298e+01, 1.33243940e+03, 3.33560401e-27
1.00462506e+01, 1.04321489e+00, 9.05284548e-02, 9.25208224e-01, 3.27692690e-02, 2.18858298e+00, 1.08610226e+00, 1.06630475e+05, 9.65309211e+03, 9.65309211e+03, 8.73879513e+02, 5.01394067e+01, 1.38357143e+03, 3.59652205e-27
1.03282813e+01, 1.05416402e+00, 8.82746444e-02, 9.26423678e-01, 3.15538154e-02, 2.20217878e+00, 1.07250646e+00, 1.10032259e+05, 9.71305855e+03, 9.71305855e+03, 8.57416790e+02, 5.02076001e+01, 1.43680828e+03, 3.87861969e-27
1.06182294e+01, 1.06513995e+00, 8.60716349e-02, 9.27596904e-01, 3.03805894e-02, 2.21563771e+00, 1.05904752e+00, 1.13538233e+05, 9.77242131e+03, 9.77242131e+03, 8.41128279e+02, 5.02757106e+01, 1.49223807e+03, 4.18365423e-27
1.09163173e+01, 1.07614206e+00, 8.39185439e-02, 9.28729192e-01, 2.92483012e-02, 2.22895988e+00, 1.04572536e+00, 1.17151471e+05, 9.83118082e+03, 9.83118082e+03, 8.25018380e+02, 5.03437387e+01, 1.54995265e+03, 4.51353085e-27
1.12227736e+01, 1.08716977e+00, 8.18144912e-02, 9.29821804e-01, 2.81556895e-02, 2.24214543e+00, 1.03253980e+00, 1.20875137e+05, 9.88933781e+03, 9.88933781e+03, 8.09091141e+02, 5.04116849e+01, 1.61004776e+03, 4.87031523e-27
1.15378330e+01, 1.09822248e+00, 7.97585995e-02, 9.30875972e-01, 2.71015213e-02, 2.25519460e+00, 1.01949064e+00, 1.24712486e+05, 9.94689321e+03, 9.94689321e+03, 7.93350272e+02, 5.04795497e+01, 1.67262319e+03, 5.25624718e-27
1.18617372e+01, 1.10929963e+00, 7.77499950e-02, 9.31892901e-01, 2.60845922e-02, 2.26810763e+00, 1.00657761e+00, 1.28666866e+05, 1.00038482e+04, 1.00038482e+04, 7.77799147e+02, 5.05473336e+01, 1.73778294e+03, 5.67375543e-27
1.21947344e+01, 1.12040065e+00, 7.57878084e-02, 9.32873767e-01, 2.51037260e-02, 2.28088485e+00, 9.93800389e-01, 1.32741721e+05, 1.00602041e+04, 1.00602041e+04, 7.62440823e+02, 5.06150372e+01, 1.80563541e+03, 6.12547372e-27
1.25370799e+01, 1.13152499e+00, 7.38711753e-02, 9.33819718e-01, 2.41577752e-02, 2.29352661e+00, 9.81158626e-01, 1.36940594e+05, 1.01159626e+04, 1.01159626e+04, 7.47278049e+02, 5.06826610e+01, 1.87629361e+03, 6.61425830e-27
1.28890361e+01, 1.14267211e+00, 7.19992367e-02, 9.34731873e-01, 2.32456204e-02, 2.30603333e+00, 9.68651910e-01, 1.41267129e+05, 1.01711255e+04, 1.01711255e+04, 7.32313272e+02, 5.07502056e+01, 1.94987528e+03, 7.14320679e-27
1.32508729e+01, 1.15384147e+00, 7.01711401e-02, 9.35611323e-01, 2.23661704e-02, 2.31840544e+00, 9.56279793e-01, 1.45725075e+05, 1.02256947e+04, 1.02256947e+04, 7.17548653e+02, 5.08176714e+01, 2.02650320e+03, 7.71567884e-27
1.36228676e+01, 1.16503255e+00, 6.83860392e-02, 9.36459131e-01, 2.15183619e-02, 2.33064345e+00, 9.44041783e-01, 1.50318288e+05, 1.02796723e+04, 1.02796723e+04, 7.02986076e+02, 5.08850591e+01, 2.10630530e+03, 8.33531842e-27
1.40053055e+01, 1.17624484e+00, 6.66430952e-02, 9.37276334e-01, 2.07011592e-02, 2.34274789e+00, 9.31937351e-01, 1.55050735e+05, 1.03330609e+04, 1.03330609e+04, 6.88627159e+02, 5.09523691e+01, 2.18941494e+03, 9.00607808e-27
1.43984795e+01, 1.18747784e+00, 6.49414767e-02, 9.38063939e-01, 1.99135540e-02, 2.35471931e+00, 9.19965930e-01, 1.59926494e+05, 1.03858627e+04, 1.03858627e+04, 6.74473262e+02, 5.10196021e+01, 2.27597112e+03, 9.73224529e-27
1.48026913e+01, 1.19873106e+00, 6.32803605e-02, 9.38822928e-01, 1.91545653e-02, 2.36655832e+00, 9.08126917e-01, 1.64949764e+05, 1.04380806e+04, 1.04380806e+04, 6.60525501e+02, 5.10867585e+01, 2.36611871e+03, 1.05184710e-26
1.52182505e+01, 1.21000400e+00, 6.16589316e-02, 9.39554255e-01, 1.84232386e-02, 2.37826556e+00, 8.96419676e-01, 1.70124862e+05, 1.04897172e+04, 1.04897172e+04, 6.46784755e+02, 5.11538389e+01, 2.46000874e+03, 1.13698007e-26
1.56454759e+01, 1.22129622e+00, 6.00763839e-02, 9.40258847e-01, 1.77186461e-02, 2.38984170e+00, 8.84843539e-01, 1.75456226e+05, 1.05407756e+04, 1.05407756e+04, 6.33251681e+02, 5.12208439e+01, 2.55779859e+03, 1.22917082e-26
1.60846948e+01, 1.23260723e+00, 5.85319205e-02, 9.40937607e-01, 1.70398859e-02, 2.40128743e+00, 8.73397807e-01, 1.80948425e+05, 1.05912588e+04, 1.05912588e+04, 6.19926718e+02, 5.12877740e+01, 2.65965234e+03, 1.32901320e-26
1.65362441e+01, 1.24393658e+00, 5.70247538e-02, 9.41591411e-01, 1.63860817e-02, 2.41260348e+00, 8.62081753e-01, 1.86606155e+05, 1.06411701e+04, 1.06411701e+04, 6.06810102e+02, 5.13546298e+01, 2.76574098e+03, 1.43715154e-26
1.70004698e+01, 1.25528384e+00, 5.55541057e-02, 9.42221111e-01, 1.57563825e-02, 2.42379061e+00, 8.50894623e-01, 1.92434250e+05, 1.06905127e+04, 1.06905127e+04, 5.93901871e+02, 5.14214119e+01, 2.87624276e+03, 1.55428491e-26
1.74777277e+01, 1.26664856e+00, 5.41192085e-02, 9.42827531e-01, 1.51499620e-02, 2.43484960e+00, 8.39835637e-01, 1.98437678e+05, 1.07392901e+04, 1.07392901e+04, 5.81201878e+02, 5.14881207e+01, 2.99134345e+03, 1.68117186e-26
1.79683839e+01, 1.27803033e+00, 5.27193041e-02, 9.43411475e-01, 1.45660183e-02, 2.44578125e+00, 8.28903991e-01, 2.04621552e+05, 1.07875058e+04, 1.07875058e+04, 5.68709801e+02, 5.15547569e+01, 3.11123671e+03, 1.81863549e-26
1.84728144e+01, 1.28942872e+00, 5.13536452e-02, 9.43973720e-01, 1.40037734e-02, 2.45658638e+00, 8.18098858e-01, 2.10991129e+05, 1.08351636e+04, 1.08351636e+04, 5.56425146e+02, 5.16213210e+01, 3.23612438e+03, 1.96756896e-26
1.89914058e+01, 1.30084334e+00, 5.00214947e-02, 9.44515020e-01, 1.34624727e-02, 2.46726585e+00, 8.07419389e-01, 2.17551817e+05, 1.08822671e+04, 1.08822671e+04, 5.44347264e+02, 5.16878136e+01, 3.36621684e+03, 2.12894151e-26
1.95245558e+01, 1.31227377e+00, 4.87221263e-02, 9.45036109e-01, 1.29413845e-02, 2.47782052e+00, 7.96864718e-01, 2.24309179e+05, 1.09288201e+04, 1.09288201e+04, 5.32475354e+02, 5.17542352e+01, 3.50173338e+03, 2.30380495e-26
2.00726730e+01, 1.32371963e+00, 4.74548245e-02, 9.45537694e-01, 1.24397997e-02, 2.48825128e+00, 7.86433957e-01, 2.31268934e+05, 1.09748266e+04, 1.09748266e+04, 5.20808472e+02, 5.18205865e+01, 3.64290259e+03, 2.49330077e-26
2.06361777e+01, 1.33518054e+00, 4.62188846e-02, 9.46020462e-01, 1.19570308e-02, 2.49855903e+00, 7.76126202e-01, 2.38436966e+05, 1.10202906e+04, 1.10202906e+04, 5.09345541e+02, 5.18868679e+01, 3.78996270e+03, 2.69866779e-26
2.12155017e+01, 1.34665613e+00, 4.50136131e-02, 9.46485081e-01, 1.14924123e-02, 2.50874470e+00, 7.65940532e-01, 2.45819328e+05, 1.10652161e+04, 1.10652161e+04, 4.98085359e+02, 5.19530801e+01, 3.94316206e+03, 2.92125055e-26
2.18110892e+01, 1.35814602e+00, 4.38383275e-02, 9.46932194e-01, 1.10452993e-02, 2.51880922e+00, 7.55876013e-01, 2.53422244e+05, 1.11096073e+04, 1.11096073e+04, 4.87026603e+02, 5.20192237e+01, 4.10275951e+03, 3.16250832e-26
2.24233968e+01, 1.36964988e+00, 4.26923562e-02, 9.47362426e-01, 1.06150676e-02, 2.52875354e+00, 7.45931694e-01, 2.61252114e+05, 1.11534683e+04, 1.11534683e+04, 4.76167841e+02, 5.20852991e+01, 4.26902487e+03, 3.42402497e-26
2.30528939e+01, 1.38116734e+00, 4.15750390e-02, 9.47776380e-01, 1.02011128e-02, 2.53857862e+00, 7.36106614e-01, 2.69315523e+05, 1.11968034e+04, 1.11968034e+04, 4.65507536e+02, 5.21513069e+01, 4.44223935e+03, 3.70751967e-26
2.37000629e+01, 1.39269806e+00, 4.04857268e-02, 9.48174643e-01, 9.80285007e-03, 2.54828544e+00, 7.26399798e-01, 2.77619243e+05, 1.12396168e+04, 1.12396168e+04, 4.55044056e+02, 5.22172478e+01, 4.62269611e+03, 4.01485849e-26
2.43654001e+01, 1.40424172e+00, 3.94237819e-02, 9.48557779e-01, 9.41971375e-03, 2.55787498e+00, 7.16810260e-01, 2.86170237e+05, 1.12819130e+04, 1.12819130e+04, 4.44775677e+02, 5.22831223e+01, 4.81070068e+03, 4.34806699e-26
2.50494154e+01, 1.41579798e+00, 3.83885774e-02, 9.48926337e-01, 9.05115656e-03, 2.56734823e+00, 7.07337008e-01, 2.94975668e+05, 1.13236963e+04, 1.13236963e+04, 4.34700591e+02, 5.23489310e+01, 5.00657156e+03, 4.70934395e-26
2.57526333e+01, 1.42736654e+00, 3.73794979e-02, 9.49280844e-01, 8.69664926e-03, 2.57670620e+00, 6.97979035e-01, 3.04042904e+05, 1.13649711e+04, 1.13649711e+04, 4.24816914e+02, 5.24146744e+01, 5.21064072e+03, 5.10107622e-26
2.64755927e+01, 1.43894707e+00, 3.63959391e-02, 9.49621813e-01, 8.35568023e-03, 2.58594990e+00, 6.88735332e-01, 3.13379519e+05, 1.14057419e+04, 1.14057419e+04, 4.15122689e+02, 5.24803531e+01, 5.42325420e+03, 5.52585489e-26
2.72188479e+01, 1.45053928e+00, 3.54373078e-02, 9.49949738e-01, 8.02775488e-03, 2.59508036e+00, 6.79604877e-01, 3.22993307e+05, 1.14460132e+04, 1.14460132e+04, 4.05615894e+02, 5.25459676e+01, 5.64477267e+03, 5.98649282e-26
2.79829688e+01, 1.46214287e+00, 3.45030217e-02, 9.50265098e-01, 7.71239527e-03, 2.60409859e+00, 6.70586647e-01, 3.32892280e+05, 1.14857896e+04, 1.14857896e+04, 3.96294447e+02, 5.26115186e+01, 5.87557209e+03, 6.48604373e-26
2.87685409e+01, 1.47375755e+00, 3.35925097e-02, 9.50568354e-01, 7.40913960e-03, 2.61300563e+00, 6.61679610e-01, 3.43084680e+05, 1.15250755e+04, 1.15250755e+04, 3.87156210e+02, 5.26770066e+01, 6.11604435e+03, 7.02782285e-26
2.95761666e+01, 1.48538304e+00, 3.27052117e-02, 9.50859951e-01, 7.11754177e-03, 2.62180251e+00, 6.52882731e-01, 3.53578984e+05, 1.15638755e+04, 1.15638755e+04, 3.78198996e+02, 5.27424322e+01, 6.36659792e+03, 7.61542946e-26
3.04064649e+01, 1.49701906e+00, 3.18405781e-02, 9.51140322e-01, 6.83717092e-03, 2.63049027e+00, 6.44194968e-01, 3.64383907e+05, 1.16021942e+04, 1.16021942e+04, 3.69420572e+02, 5.28077959e+01, 6.62765857e+03, 8.25277128e-26
3.12600724e+01, 1.50866534e+00, 3.09980705e-02, 9.51409882e-01, 6.56761099e-03, 2.63906996e+00, 6.35615280e-01, 3.75508415e+05, 1.16400363e+04, 1.16400363e+04, 3.60818667e+02, 5.28730984e+01, 6.89967013e+03, 8.94409100e-26
3.21376434e+01, 1.52032162e+00, 3.01771610e-02, 9.51669033e-01, 6.30846029e-03, 2.64754262e+00, 6.27142620e-01, 3.86961727e+05, 1.16774063e+04, 1.16774063e+04, 3.52390971e+02, 5.29383401e+01, 7.18309519e+03, 9.69399512e-26
3.30398507e+01, 1.53198765e+00, 2.93773321e-02, 9.51918162e-01, 6.05933107e-03, 2.65590930e+00, 6.18775939e-01, 3.98753326e+05, 1.17143089e+04, 1.17143089e+04, 3.44135144e+02, 5.30035216e+01, 7.47841595e+03, 1.05074852e-25
3.39673858e+01, 1.54366317e+00, 2.85980772e-02, 9.52157644e-01, 5.81984911e-03, 2.66417105e+00, 6.10514189e-01, 4.10892962e+05, 1.17507487e+04, 1.17507487e+04, 3.36048818e+02, 5.30686435e+01, 7.78613505e+03, 1.13899920e-25
3.49209598e+01, 1.55534793e+00, 2.78388997e-02, 9.52387840e-01, 5.58965329e-03, 2.67232892e+00, 6.02356319e-01, 4.23390664e+05, 1.17867302e+04, 1.17867302e+04, 3.28129602e+02, 5.31337064e+01, 8.10677639e+03, 1.23474121e-25
3.59013038e+01, 1.56704171e+00, 2.70993135e-02, 9.52609098e-01, 5.36839518e-03, 2.68038396e+00, 5.94301277e-01, 4.36256744e+05, 1.18222583e+04, 1.18222583e+04, 3.20375084e+02, 5.31987108e+01, 8.44088609e+03, 1.33861483e-25
3.69091691e+01, 1.57874427e+00, 2.63788425e-02, 9.52821755e-01, 5.15573869e-03, 2.68833722e+00, 5.86348014e-01, 4.49501809e+05, 1.18573374e+04, 1.18573374e+04, 3.12782836e+02, 5.32636572e+01, 8.78903338e+03, 1.45131533e-25
3.79453285e+01, 1.59045537e+00, 2.56770206e-02, 9.53026134e-01, 4.95135965e-03, 2.69618976e+00, 5.78495479e-01, 4.63136766e+05, 1.18919723e+04, 1.18919723e+04, 3.05350416e+02, 5.33285463e+01, 9.15181163e+03, 1.57359765e-25
3.90105762e+01, 1.60217481e+00, 2.49933916e-02, 9.53222548e-01, 4.75494542e-03, 2.70394261e+00, 5.70742624e-01, 4.77172831e+05, 1.19261675e+04, 1.19261675e+04, 2.98075374e+02, 5.33933785e+01, 9.52983933e+03, 1.70628161e-25
4.01057288e+01, 1.61390235e+00, 2.43275093e-02, 9.53411299e-01, 4.56619458e-03, 2.71159683e+00, 5.63088402e-01, 4.91621541e+05, 1.19599276e+04, 1.19599276e+04, 2.90955250e+02, 5.34581545e+01, 9.92376117e+03, 1.85025745e-25
4.12316259e+01, 1.62563780e+00, 2.36789368e-02, 9.53592677e-01, 4.38481650e-03, 2.71915347e+00, 5.55531767e-01, 5.06494758e+05, 1.19932574e+04, 1.19932574e+04, 2.83987583e+02, 5.35228748e+01, 1.03342492e+04, 2.00649189e-25
4.23891306e+01, 1.63738095e+00, 2.30472468e-02, 9.53766962e-01, 4.21053104e-03, 2.72661356e+00, 5.48071677e-01, 5.21804681e+05, 1.20261613e+04, 1.20261613e+04, 2.77169906e+02, 5.35875399e+01, 1.07620038e+04, 2.17603478e-25
4.35791301e+01, 1.64913159e+00, 2.24320214e-02, 9.53934425e-01, 4.04306820e-03, 2.73397814e+00, 5.40707092e-01, 5.37563857e+05, 1.20586439e+04, 1.20586439e+04, 2.70499758e+02, 5.36521503e+01, 1.12077551e+04, 2.36002619e-25
4.48025368e+01, 1.66088953e+00, 2.18328518e-02, 9.54095325e-01, 3.88216775e-03, 2.74124826e+00, 5.33436977e-01, 5.53785186e+05, 1.20907099e+04, 1.20907099e+04, 2.63974678e+02, 5.37167067e+01, 1.16722644e+04, 2.55970423e-25
4.60602884e+01, 1.67265458e+00, 2.12493385e-02, 9.54249914e-01, 3.72757896e-03, 2.74842494e+00, 5.26260298e-01, 5.70481937e+05, 1.21223638e+04, 1.21223638e+04, 2.57592212e+02, 5.37812095e+01, 1.21563248e+04, 2.77641350e-25
4.73533492e+01, 1.68442656e+00, 2.06810907e-02, 9.54398433e-01, 3.57906025e-03, 2.75550921e+00, 5.19176028e-01, 5.87667754e+05, 1.21536101e+04, 1.21536101e+04, 2.51349913e+02, 5.38456593e+01, 1.26607634e+04, 3.01161423e-25
4.86827104e+01, 1.69620528e+00, 2.01277264e-02, 9.54541114e-01, 3.43637890e-03, 2.76250210e+00, 5.12183141e-01, 6.05356667e+05, 1.21844533e+04, 1.21844533e+04, 2.45245343e+02, 5.39100566e+01, 1.31864421e+04, 3.26689233e-25
5.00493910e+01, 1.70799057e+00, 1.95888723e-02, 9.54678182e-01, 3.29931073e-03, 2.76940462e+00, 5.05280617e-01, 6.23563105e+05, 1.22148980e+04, 1.22148980e+04, 2.39276077e+02, 5.39744021e+01, 1.37342595e+04, 3.54397012e-25
5.14544388e+01, 1.71978224e+00, 1.90641636e-02, 9.54809853e-01, 3.16763984e-03, 2.77621779e+00, 4.98467443e-01, 6.42301907e+05, 1.22449486e+04, 1.22449486e+04, 2.33439703e+02, 5.40386961e+01, 1.43051521e+04, 3.84471819e-25
5.28989308e+01, 1.73158015e+00, 1.85532437e-02, 9.54936335e-01, 3.04115831e-03, 2.78294263e+00, 4.91742609e-01, 6.61588330e+05, 1.22746095e+04, 1.22746095e+04, 2.27733823e+02, 5.41029392e+01, 1.49000961e+04, 4.17116813e-25
5.43839743e+01, 1.74338412e+00, 1.80557646e-02, 9.55057827e-01, 2.91966591e-03, 2.78958013e+00, 4.85105109e-01, 6.81438066e+05, 1.23038853e+04, 1.23038853e+04, 2.22156056e+02, 5.41671320e+01, 1.55201093e+04, 4.52552644e-25
5.59107078e+01, 1.75519399e+00, 1.75713858e-02, 9.55174523e-01, 2.80296987e-03, 2.79613129e+00, 4.78553946e-01, 7.01867252e+05, 1.23327802e+04, 1.23327802e+04, 2.16704039e+02, 5.42312749e+01, 1.61662524e+04, 4.91018961e-25
5.74803016e+01, 1.76700960e+00, 1.70997750e-02, 9.55286609e-01, 2.69088460e-03, 2.80259711e+00, 4.72088127e-01, 7.22892479e+05, 1.23612988e+04, 1.23612988e+04, 2.11375428e+02, 5.42953685e+01, 1.68396310e+04, 5.32776054e-25
5.90939590e+01, 1.77883082e+00, 1.66406078e-02, 9.55394262e-01, 2.58323145e-03, 2.80897857e+00, 4.65706666e-01, 7.44530811e+05, 1.23894452e+04, 1.23894452e+04, 2.06167898e+02, 5.43594134e+01, 1.75413978e+04, 5.78106629e-25
6.07529169e+01, 1.79065748e+00, 1.61935670e-02, 9.55497655e-01, 2.47983844e-03, 2.81527666e+00, 4.59408581e-01, 7.66799795e+05, 1.24172239e+04, 1.24172239e+04, 2.01079148e+02, 5.44234099e+01, 1.82727541e+04, 6.27317750e-25
6.24584471e+01, 1.80248944e+00, 1.57583434e-02, 9.55596953e-01, 2.38054007e-03, 2.82149234e+00, 4.53192900e-01, 7.89717475e+05, 1.24446391e+04, 1.24446391e+04, 1.96106897e+02, 5.44873587e+01, 1.90349523e+04, 6.80742933e-25
6.42118571e+01, 1.81432657e+00, 1.53346346e-02, 9.55692316e-01, 2.28517706e-03, 2.82762658e+00, 4.47058655e-01, 8.13302405e+05, 1.24716952e+04, 1.24716952e+04, 1.91248889e+02, 5.45512603e+01, 1.98292978e+04, 7.38744437e-25
6.60144909e+01, 1.82616872e+00, 1.49221457e-02, 9.55783897e-01, 2.19359612e-03, 2.83368035e+00, 4.41004887e-01, 8.37573666e+05, 1.24983963e+04, 1.24983963e+04, 1.86502891e+02, 5.46151151e+01, 2.06571512e+04, 8.01715739e-25
6.78677305e+01, 1.83801577e+00, 1.45205889e-02, 9.55871843e-01, 2.10564978e-03, 2.83965460e+00, 4.35030641e-01, 8.62550878e+05, 1.25247467e+04, 1.25247467e+04, 1.81866697e+02, 5.46789236e+01, 2.15199309e+04, 8.70084233e-25
6.97729965e+01, 1.84986758e+00, 1.41296829e-02, 9.55956297e-01, 2.02119614e-03, 2.84555026e+00, 4.29134972e-01, 8.88254218e+05, 1.25507505e+04, 1.25507505e+04, 1.77338124e+02, 5.47426864e+01, 2.24191154e+04, 9.44314157e-25
7.17317494e+01, 1.86172403e+00, 1.37491537e-02, 9.56037395e-01, 1.94009868e-03, 2.85136830e+00, 4.23316940e-01, 9.14704432e+05, 1.25764118e+04, 1.25764118e+04, 1.72915018e+02, 5.48064039e+01, 2.33562459e+04, 1.02490977e-24
7.37454909e+01, 1.87358500e+00, 1.33787335e-02, 9.56115267e-01, 1.86222609e-03, 2.85710962e+00, 4.17575615e-01, 9.41922856e+05, 1.26017348e+04, 1.26017348e+04, 1.68595251e+02, 5.48700767e+01, 2.43329289e+04, 1.11241882e-24
7.58157646e+01, 1.88545036e+00, 1.30181611e-02, 9.56190041e-01, 1.78745205e-03, 2.86277516e+00, 4.11910072e-01, 9.69931427e+05, 1.26267236e+04, 1.26267236e+04, 1.64376722e+02, 5.49337052e+01, 2.53508387e+04, 1.20743627e-24
7.79441575e+01, 1.89731999e+00, 1.26671819e-02, 9.56261838e-01, 1.71565505e-03, 2.86836584e+00, 4.06319395e-01, 9.98752707e+05, 1.26513822e+04, 1.26513822e+04, 1.60257359e+02, 5.49972898e+01, 2.64117211e+04, 1.31060843e-24
8.01323013e+01, 1.90919379e+00, 1.23255471e-02, 9.56330775e-01, 1.64671825e-03, 2.87388256e+00, 4.00802675e-01, 1.02840989e+06, 1.26757145e+04, 1.26757145e+04, 1.56235116e+02, 5.50608312e+01, 2.75173954e+04, 1.42263734e-24
8.23818733e+01, 1.92107165e+00, 1.19930143e-02, 9.56396964e-01, 1.58052927e-03, 2.87932623e+00, 3.95359010e-01, 1.05892683e+06, 1.26997247e+04, 1.26997247e+04, 1.52307980e+02, 5.51243298e+01, 2.86697583e+04, 1.54428559e-24
8.46945981e+01, 1.93295345e+00, 1.16693470e-02, 9.56460513e-01, 1.51698004e-03, 2.88469773e+00, 3.89987509e-01, 1.09032807e+06, 1.27234165e+04, 1.27234165e+04, 1.48473962e+02, 5.51877860e+01, 2.98707868e+04, 1.67638158e-24
8.70722485e+01, 1.94483908e+00, 1.13543144e-02, 9.56521527e-01, 1.45596666e-03, 2.88999795e+00, 3.84687284e-01, 1.12263881e+06, 1.27467940e+04, 1.27467940e+04, 1.44731107e+02, 5.52512003e+01, 3.11225417e+04, 1.81982518e-24
8.95166472e+01, 1.95672846e+00, 1.10476916e-02, 9.56580104e-01, 1.39738922e-03, 2.89522778e+00, 3.79457460e-01, 1.15588500e+06, 1.27698610e+04, 1.27698610e+04, 1.41077486e+02, 5.53145731e+01, 3.24271712e+04, 1.97559392e-24
9.20296681e+01, 1.96862147e+00, 1.07492590e-02, 9.56636342e-01, 1.34115164e-03, 2.90038807e+00, 3.74297167e-01, 1.19009331e+06, 1.27926213e+04, 1.27926213e+04, 1.37511200e+02, 5.53779051e+01, 3.37869143e+04, 2.14474969e-24
9.46132376e+01, 1.98051802e+00, 1.04588028e-02, 9.56690332e-01, 1.28716160e-03, 2.90547969e+00, 3.69205543e-01, 1.22529116e+06, 1.28150787e+04, 1.28150787e+04, 1.34030381e+02, 5.54411965e+01, 3.52041053e+04, 2.32844603e-24
9.72693362e+01, 1.99241802e+00, 1.01761143e-02, 9.56742163e-01, 1.23533029e-03, 2.91050350e+00, 3.64181736e-01, 1.26150676e+06, 1.28372370e+04, 1.28372370e+04, 1.30633191e+02, 5.55044479e+01, 3.66811771e+04, 2.52793604e-24
1.00000000e+02, 2.00432137e+00, 9.90099010e-03, 9.56791921e-01, 1.18557239e-03, 2.91546034e+00, 3.59224899e-01, 1.29876909e+06, 1.28590999e+04, 1.28590999e+04, 1.27317821e+02, 5.55676597e+01, 3.82206660e+04, 2.74458102e-24
