 --- Cosmological Parameters --- 
	 H0: 2.1927e-18 (1/s) = 67.6600 (km/s/Mpc) 
	 OmegaM: 3.1110e-01 
	 OmegaR: 9.1824e-05 
	 OmegaL: 6.8881e-01 
	 OmegaK: 0.0000e+00 
		 w0: -1.0000e+00 
		 wa: 0.0000e+00 
	 rho_crit: 8.6009e-30 (g/cm^3) 
z, log10(1+z), a, H0*t_look, H0*t_age, H0*t_conf, H0*t_conf_age, d_L, d_LOS, d_trans, d_ang, d_mod, H(z), rho_c(z) 
1.00000000e-04, 4.34272769e-05, 9.99900010e-01, 9.99926663e-05, 9.53838756e-01, 9.99976658e-05, 3.19567380e+00, 4.43120660e-01, 4.43076353e-01, 4.43076353e-01, 4.43032049e-01, 2.32326100e+01, 6.76631588e+01, 8.60169604e-30
1.02807322e-04, 4.46463579e-05, 9.99897203e-01, 1.02799571e-04, 9.53835949e-01, 1.02804855e-04, 3.19567099e+00, 4.55561466e-01, 4.55514636e-01, 4.55514636e-01, 4.55467810e-01, 2.32927349e+01, 6.76632475e+01, 8.60171858e-30
1.05693455e-04, 4.58996588e-05, 9.99894318e-01, 1.05685263e-04, 9.53833063e-01, 1.05690848e-04, 3.19566811e+00, 4.68351581e-01, 4.68302085e-01, 4.68302085e-01, 4.68252593e-01, 2.33528600e+01, 6.76633387e+01, 8.60174177e-30
1.08660611e-04, 4.71881402e-05, 9.99891351e-01, 1.08651952e-04, 9.53830097e-01, 1.08657855e-04, 3.19566514e+00, 4.81500815e-01, 4.81448500e-01, 4.81448500e-01, 4.81396192e-01, 2.34129851e+01, 6.76634324e+01, 8.60176560e-30
1.11711065e-04, 4.85127895e-05, 9.99888301e-01, 1.11701913e-04, 9.53827047e-01, 1.11708152e-04, 3.19566209e+00, 4.95019252e-01, 4.94963959e-01, 4.94963959e-01, 4.94908673e-01, 2.34731104e+01, 6.76635288e+01, 8.60179010e-30
1.14847155e-04, 4.98746217e-05, 9.99885166e-01, 1.14837482e-04, 9.53823911e-01, 1.14844076e-04, 3.19565896e+00, 5.08917262e-01, 5.08858821e-01, 5.08858821e-01, 5.08800387e-01, 2.35332359e+01, 6.76636279e+01, 8.60181529e-30
1.18071285e-04, 5.12746804e-05, 9.99881943e-01, 1.18061061e-04, 9.53820687e-01, 1.18068031e-04, 3.19565573e+00, 5.23205503e-01, 5.23143735e-01, 5.23143735e-01, 5.23081974e-01, 2.35933615e+01, 6.76637297e+01, 8.60184119e-30
1.21385926e-04, 5.27140387e-05, 9.99878629e-01, 1.21375120e-04, 9.53817373e-01, 1.21382487e-04, 3.19565242e+00, 5.37894935e-01, 5.37829650e-01, 5.37829650e-01, 5.37764373e-01, 2.36534873e+01, 6.76638344e+01, 8.60186781e-30
1.24793621e-04, 5.41937993e-05, 9.99875222e-01, 1.24782200e-04, 9.53813966e-01, 1.24789985e-04, 3.19564901e+00, 5.52996824e-01, 5.52927822e-01, 5.52927822e-01, 5.52858829e-01, 2.37136132e+01, 6.76639421e+01, 8.60189518e-30
1.28296980e-04, 5.57150964e-05, 9.99871719e-01, 1.28284909e-04, 9.53810464e-01, 1.28293138e-04, 3.19564551e+00, 5.68522754e-01, 5.68449824e-01, 5.68449824e-01, 5.68376903e-01, 2.37737393e+01, 6.76640528e+01, 8.60192332e-30
1.31898690e-04, 5.72790956e-05, 9.99868119e-01, 1.31885931e-04, 9.53806863e-01, 1.31894629e-04, 3.19564190e+00, 5.84484634e-01, 5.84407552e-01, 5.84407552e-01, 5.84330479e-01, 2.38338655e+01, 6.76641666e+01, 8.60195225e-30
1.35601511e-04, 5.88869955e-05, 9.99864417e-01, 1.35588026e-04, 9.53803160e-01, 1.35597219e-04, 3.19563820e+00, 6.00894707e-01, 6.00813236e-01, 6.00813236e-01, 6.00731776e-01, 2.38939919e+01, 6.76642835e+01, 8.60198200e-30
1.39408283e-04, 6.05400281e-05, 9.99860611e-01, 1.39394030e-04, 9.53799354e-01, 1.39403746e-04, 3.19563440e+00, 6.17765561e-01, 6.17679452e-01, 6.17679452e-01, 6.17593354e-01, 2.39541185e+01, 6.76644038e+01, 8.60201258e-30
1.43321923e-04, 6.22394601e-05, 9.99856699e-01, 1.43306859e-04, 9.53795442e-01, 1.43317128e-04, 3.19563048e+00, 6.35110137e-01, 6.35019125e-01, 6.35019125e-01, 6.34928126e-01, 2.40142452e+01, 6.76645275e+01, 8.60204401e-30
1.47345431e-04, 6.39865937e-05, 9.99852676e-01, 1.47329509e-04, 9.53791419e-01, 1.47340363e-04, 3.19562646e+00, 6.52941740e-01, 6.52845546e-01, 6.52845546e-01, 6.52749366e-01, 2.40743722e+01, 6.76646546e+01, 8.60207633e-30
1.51481892e-04, 6.57827676e-05, 9.99848541e-01, 1.51465064e-04, 9.53787283e-01, 1.51476536e-04, 3.19562232e+00, 6.71274047e-01, 6.71172377e-01, 6.71172377e-01, 6.71070722e-01, 2.41344993e+01, 6.76647853e+01, 8.60210956e-30
1.55734477e-04, 6.76293582e-05, 9.99844290e-01, 1.55716691e-04, 9.53783032e-01, 1.55728816e-04, 3.19561807e+00, 6.90121123e-01, 6.90013664e-01, 6.90013664e-01, 6.89906222e-01, 2.41946266e+01, 6.76649196e+01, 8.60214372e-30
1.60106446e-04, 6.95277803e-05, 9.99839919e-01, 1.60087647e-04, 9.53778661e-01, 1.60100463e-04, 3.19561370e+00, 7.09497425e-01, 7.09383848e-01, 7.09383848e-01, 7.09270290e-01, 2.42547541e+01, 6.76650577e+01, 8.60217884e-30
1.64601150e-04, 7.14794886e-05, 9.99835426e-01, 1.64581281e-04, 9.53774167e-01, 1.64594826e-04, 3.19560920e+00, 7.29417818e-01, 7.29297775e-01, 7.29297775e-01, 7.29177751e-01, 2.43148818e+01, 6.76651997e+01, 8.60221494e-30
1.69222035e-04, 7.34859785e-05, 9.99830807e-01, 1.69201035e-04, 9.53769547e-01, 1.69215351e-04, 3.19560458e+00, 7.49897583e-01, 7.49770706e-01, 7.49770706e-01, 7.49643849e-01, 2.43750098e+01, 6.76653457e+01, 8.60225206e-30
1.73972643e-04, 7.55487874e-05, 9.99826058e-01, 1.73950448e-04, 9.53764798e-01, 1.73965578e-04, 3.19559983e+00, 7.70952433e-01, 7.70818332e-01, 7.70818332e-01, 7.70684254e-01, 2.44351379e+01, 6.76654958e+01, 8.60229023e-30
1.78856616e-04, 7.76694958e-05, 9.99821175e-01, 1.78833157e-04, 9.53759915e-01, 1.78849149e-04, 3.19559495e+00, 7.92598520e-01, 7.92456784e-01, 7.92456784e-01, 7.92315073e-01, 2.44952663e+01, 6.76656501e+01, 8.60232946e-30
1.83877698e-04, 7.98497285e-05, 9.99816156e-01, 1.83852903e-04, 9.53754896e-01, 1.83869806e-04, 3.19558993e+00, 8.14852451e-01, 8.14702645e-01, 8.14702645e-01, 8.14552867e-01, 2.45553949e+01, 6.76658088e+01, 8.60236980e-30
1.89039738e-04, 8.20911560e-05, 9.99810996e-01, 1.89013531e-04, 9.53749735e-01, 1.89031396e-04, 3.19558477e+00, 8.37731300e-01, 8.37572966e-01, 8.37572966e-01, 8.37414661e-01, 2.46155237e+01, 6.76659719e+01, 8.60241127e-30
1.94346693e-04, 8.43954955e-05, 9.99805691e-01, 1.94318994e-04, 9.53744430e-01, 1.94337876e-04, 3.19557946e+00, 8.61252621e-01, 8.61085272e-01, 8.61085272e-01, 8.60917956e-01, 2.46756528e+01, 6.76661395e+01, 8.60245390e-30
1.99802631e-04, 8.67645125e-05, 9.99800237e-01, 1.99773356e-04, 9.53738975e-01, 1.99793312e-04, 3.19557401e+00, 8.85434461e-01, 8.85257584e-01, 8.85257584e-01, 8.85080743e-01, 2.47357821e+01, 6.76663119e+01, 8.60249773e-30
2.05411735e-04, 8.92000219e-05, 9.99794630e-01, 2.05380793e-04, 9.53733368e-01, 2.05401886e-04, 3.19556840e+00, 9.10295374e-01, 9.10108427e-01, 9.10108427e-01, 9.09921519e-01, 2.47959117e+01, 6.76664891e+01, 8.60254279e-30
2.11178304e-04, 9.17038897e-05, 9.99788866e-01, 2.11145601e-04, 9.53727603e-01, 2.11167894e-04, 3.19556263e+00, 9.35854436e-01, 9.35656845e-01, 9.35656845e-01, 9.35459296e-01, 2.48560415e+01, 6.76666714e+01, 8.60258912e-30
2.17106760e-04, 9.42780341e-05, 9.99782940e-01, 2.17072195e-04, 9.53721676e-01, 2.17095758e-04, 3.19555670e+00, 9.62131258e-01, 9.61922418e-01, 9.61922418e-01, 9.61713623e-01, 2.49161716e+01, 6.76668587e+01, 8.60263675e-30
2.23201647e-04, 9.69244272e-05, 9.99776848e-01, 2.23165114e-04, 9.53715583e-01, 2.23190018e-04, 3.19555061e+00, 9.89146004e-01, 9.88925274e-01, 9.88925274e-01, 9.88704594e-01, 2.49763020e+01, 6.76670512e+01, 8.60268571e-30
2.29467637e-04, 9.96450962e-05, 9.99770585e-01, 2.29429024e-04, 9.53709319e-01, 2.29455346e-04, 3.19554434e+00, 1.01691940e+00, 1.01668611e+00, 1.01668611e+00, 1.01645286e+00, 2.50364327e+01, 6.76672492e+01, 8.60273605e-30
2.35909533e-04, 1.02442125e-04, 9.99764146e-01, 2.35868722e-04, 9.53702880e-01, 2.35896542e-04, 3.19553790e+00, 1.04547277e+00, 1.04522619e+00, 1.04522619e+00, 1.04497967e+00, 2.50965636e+01, 6.76674528e+01, 8.60278781e-30
2.42532274e-04, 1.05317657e-04, 9.99757527e-01, 2.42489140e-04, 9.53696259e-01, 2.42518543e-04, 3.19553128e+00, 1.07482802e+00, 1.07456740e+00, 1.07456740e+00, 1.07430685e+00, 2.51566949e+01, 6.76676620e+01, 8.60284102e-30
2.49340937e-04, 1.08273895e-04, 9.99750721e-01, 2.49295347e-04, 9.53689453e-01, 2.49326425e-04, 3.19552447e+00, 1.10500767e+00, 1.10473221e+00, 1.10473221e+00, 1.10445683e+00, 2.52168265e+01, 6.76678772e+01, 8.60289572e-30
2.56340741e-04, 1.11313103e-04, 9.99743725e-01, 2.56292555e-04, 9.53682456e-01, 2.56325402e-04, 3.19551747e+00, 1.13603489e+00, 1.13574375e+00, 1.13574375e+00, 1.13545269e+00, 2.52769584e+01, 6.76680984e+01, 8.60295196e-30
2.63537052e-04, 1.14437609e-04, 9.99736532e-01, 2.63486123e-04, 9.53675262e-01, 2.63520840e-04, 3.19551028e+00, 1.16793349e+00, 1.16762578e+00, 1.16762578e+00, 1.16731815e+00, 2.53370906e+01, 6.76683258e+01, 8.60300978e-30
2.70935387e-04, 1.17649806e-04, 9.99729138e-01, 2.70881558e-04, 9.53667867e-01, 2.70918251e-04, 3.19550288e+00, 1.20072796e+00, 1.20040273e+00, 1.20040273e+00, 1.20007758e+00, 2.53972231e+01, 6.76685595e+01, 8.60306922e-30
2.78541416e-04, 1.20952156e-04, 9.99721536e-01, 2.78484524e-04, 9.53660264e-01, 2.78523306e-04, 3.19549528e+00, 1.23444346e+00, 1.23409971e+00, 1.23409971e+00, 1.23375606e+00, 2.54573560e+01, 6.76687999e+01, 8.60313033e-30
2.86360972e-04, 1.24347187e-04, 9.99713721e-01, 2.86300840e-04, 9.53652448e-01, 2.86341830e-04, 3.19548746e+00, 1.26910587e+00, 1.26874255e+00, 1.26874255e+00, 1.26837934e+00, 2.55174893e+01, 6.76690470e+01, 8.60319316e-30
2.94400048e-04, 1.27837499e-04, 9.99705687e-01, 2.94336493e-04, 9.53644412e-01, 2.94379816e-04, 3.19547942e+00, 1.30474180e+00, 1.30435780e+00, 1.30435780e+00, 1.30397391e+00, 2.55776229e+01, 6.76693010e+01, 8.60325776e-30
3.02664806e-04, 1.31425767e-04, 9.99697427e-01, 3.02597633e-04, 9.53636151e-01, 3.02643422e-04, 3.19547116e+00, 1.34137860e+00, 1.34097274e+00, 1.34097274e+00, 1.34056700e+00, 2.56377569e+01, 6.76695622e+01, 8.60332417e-30
3.11161583e-04, 1.35114738e-04, 9.99688935e-01, 3.11090586e-04, 9.53627658e-01, 3.11138982e-04, 3.19546266e+00, 1.37904440e+00, 1.37861543e+00, 1.37861543e+00, 1.37818659e+00, 2.56978913e+01, 6.76698307e+01, 8.60339244e-30
3.19896892e-04, 1.38907238e-04, 9.99680205e-01, 3.19821853e-04, 9.53618927e-01, 3.19873004e-04, 3.19545393e+00, 1.41776811e+00, 1.41731472e+00, 1.41731472e+00, 1.41686147e+00, 2.57580260e+01, 6.76701067e+01, 8.60346263e-30
3.28877429e-04, 1.42806171e-04, 9.99671231e-01, 3.28798118e-04, 9.53609950e-01, 3.28852180e-04, 3.19544495e+00, 1.45757947e+00, 1.45710026e+00, 1.45710026e+00, 1.45662121e+00, 2.58181612e+01, 6.76703905e+01, 8.60353480e-30
3.38110078e-04, 1.46814523e-04, 9.99662004e-01, 3.38026252e-04, 9.53600722e-01, 3.38083393e-04, 3.19543572e+00, 1.49850902e+00, 1.49800253e+00, 1.49800253e+00, 1.49749621e+00, 2.58782968e+01, 6.76706823e+01, 8.60360899e-30
3.47601918e-04, 1.50935364e-04, 9.99652519e-01, 3.47513320e-04, 9.53591235e-01, 3.47573713e-04, 3.19542623e+00, 1.54058820e+00, 1.54005288e+00, 1.54005288e+00, 1.53951774e+00, 2.59384328e+01, 6.76709823e+01, 8.60368526e-30
3.57360225e-04, 1.55171849e-04, 9.99642767e-01, 3.57266583e-04, 9.53581482e-01, 3.57330414e-04, 3.19541647e+00, 1.58384932e+00, 1.58328352e+00, 1.58328352e+00, 1.58271792e+00, 2.59985693e+01, 6.76712907e+01, 8.60376368e-30
3.67392478e-04, 1.59527223e-04, 9.99632742e-01, 3.67293506e-04, 9.53571455e-01, 3.67360970e-04, 3.19540644e+00, 1.62832560e+00, 1.62772758e+00, 1.62772758e+00, 1.62712979e+00, 2.60587062e+01, 6.76716077e+01, 8.60384430e-30
3.77706369e-04, 1.64004821e-04, 9.99622436e-01, 3.77601762e-04, 9.53561147e-01, 3.77673067e-04, 3.19539613e+00, 1.67405117e+00, 1.67341911e+00, 1.67341911e+00, 1.67278729e+00, 2.61188436e+01, 6.76719337e+01, 8.60392719e-30
3.88309805e-04, 1.68608072e-04, 9.99611841e-01, 3.88199243e-04, 9.53550549e-01, 3.88274607e-04, 3.19538552e+00, 1.72106117e+00, 1.72039312e+00, 1.72039312e+00, 1.71972534e+00, 2.61789815e+01, 6.76722688e+01, 8.60401240e-30
3.99210913e-04, 1.73340499e-04, 9.99600948e-01, 3.99094057e-04, 9.53539654e-01, 3.99173711e-04, 3.19537463e+00, 1.76939168e+00, 1.76868560e+00, 1.76868560e+00, 1.76797981e+00, 2.62391199e+01, 6.76726133e+01, 8.60410001e-30
4.10418050e-04, 1.78205728e-04, 9.99589750e-01, 4.10294542e-04, 9.53528454e-01, 4.10378730e-04, 3.19536342e+00, 1.81907983e+00, 1.81833355e+00, 1.81833355e+00, 1.81758758e+00, 2.62992588e+01, 6.76729675e+01, 8.60419008e-30
4.21939808e-04, 1.83207482e-04, 9.99578238e-01, 4.21809269e-04, 9.53516939e-01, 4.21898249e-04, 3.19535190e+00, 1.87016377e+00, 1.86937501e+00, 1.86937501e+00, 1.86858658e+00, 2.63593982e+01, 6.76733317e+01, 8.60428268e-30
4.33785019e-04, 1.88349591e-04, 9.99566403e-01, 4.33647048e-04, 9.53505101e-01, 4.33741093e-04, 3.19534006e+00, 1.92268274e+00, 1.92184908e+00, 1.92184908e+00, 1.92101577e+00, 2.64195381e+01, 6.76737061e+01, 8.60437789e-30
4.45962763e-04, 1.93635993e-04, 9.99554236e-01, 4.45816938e-04, 9.53492932e-01, 4.45916336e-04, 3.19532788e+00, 1.97667709e+00, 1.97579596e+00, 1.97579596e+00, 1.97491522e+00, 2.64796786e+01, 6.76740910e+01, 8.60447576e-30
4.58482375e-04, 1.99070734e-04, 9.99541728e-01, 4.58328249e-04, 9.53480420e-01, 4.58433305e-04, 3.19531537e+00, 2.03218828e+00, 2.03125698e+00, 2.03125698e+00, 2.03032611e+00, 2.65398197e+01, 6.76744867e+01, 8.60457639e-30
4.71353453e-04, 2.04657975e-04, 9.99528869e-01, 4.71190554e-04, 9.53467558e-01, 4.71301589e-04, 3.19530250e+00, 2.08925895e+00, 2.08827464e+00, 2.08827464e+00, 2.08729079e+00, 2.65999614e+01, 6.76748935e+01, 8.60467985e-30
4.84585864e-04, 2.10401992e-04, 9.99515649e-01, 4.84413691e-04, 9.53454335e-01, 4.84531047e-04, 3.19528927e+00, 2.14793296e+00, 2.14689261e+00, 2.14689261e+00, 2.14585276e+00, 2.66601036e+01, 6.76753118e+01, 8.60478621e-30
4.98189752e-04, 2.16307184e-04, 9.99502058e-01, 4.98007778e-04, 9.53440741e-01, 4.98131814e-04, 3.19527567e+00, 2.20825537e+00, 2.20715579e+00, 2.20715579e+00, 2.20605676e+00, 2.67202465e+01, 6.76757418e+01, 8.60489556e-30
5.12175544e-04, 2.22378069e-04, 9.99488087e-01, 5.11983211e-04, 9.53426765e-01, 5.12114307e-04, 3.19526168e+00, 2.27027254e+00, 2.26911036e+00, 2.26911036e+00, 2.26794877e+00, 2.67803900e+01, 6.76761839e+01, 8.60500799e-30
5.26553963e-04, 2.28619296e-04, 9.99473723e-01, 5.26350681e-04, 9.53412398e-01, 5.26489239e-04, 3.19524731e+00, 2.33403212e+00, 2.33280377e+00, 2.33280377e+00, 2.33157607e+00, 2.68405341e+01, 6.76766384e+01, 8.60512357e-30
5.41336030e-04, 2.35035640e-04, 9.99458957e-01, 5.41121177e-04, 9.53397627e-01, 5.41267621e-04, 3.19523253e+00, 2.39958309e+00, 2.39828482e+00, 2.39828482e+00, 2.39698724e+00, 2.69006790e+01, 6.76771057e+01, 8.60524240e-30
5.56533078e-04, 2.41632013e-04, 9.99443776e-01, 5.56305994e-04, 9.53382443e-01, 5.56460774e-04, 3.19521734e+00, 2.46697584e+00, 2.46560365e+00, 2.46560365e+00, 2.46423223e+00, 2.69608245e+01, 6.76775861e+01, 8.60536457e-30
5.72156756e-04, 2.48413463e-04, 9.99428170e-01, 5.71916745e-04, 9.53366832e-01, 5.72080335e-04, 3.19520172e+00, 2.53626216e+00, 2.53481185e+00, 2.53481185e+00, 2.53336237e+00, 2.70209707e+01, 6.76780801e+01, 8.60549018e-30
5.88219040e-04, 2.55385179e-04, 9.99412127e-01, 5.87965367e-04, 9.53350783e-01, 5.88138268e-04, 3.19518566e+00, 2.60749529e+00, 2.60596242e+00, 2.60596242e+00, 2.60443044e+00, 2.70811177e+01, 6.76785878e+01, 8.60561932e-30
6.04732245e-04, 2.62552498e-04, 9.99395633e-01, 6.04464131e-04, 9.53334284e-01, 6.04646874e-04, 3.19516915e+00, 2.68073000e+00, 2.67910985e+00, 2.67910985e+00, 2.67749069e+00, 2.71412654e+01, 6.76791099e+01, 8.60575208e-30
6.21709029e-04, 2.69920903e-04, 9.99378677e-01, 6.21425653e-04, 9.53317323e-01, 6.21618797e-04, 3.19515218e+00, 2.75602256e+00, 2.75431018e+00, 2.75431018e+00, 2.75259887e+00, 2.72014138e+01, 6.76796466e+01, 8.60588858e-30
6.39162405e-04, 2.77496033e-04, 9.99361246e-01, 6.38862899e-04, 9.53299886e-01, 6.39067036e-04, 3.19513473e+00, 2.83343087e+00, 2.83162101e+00, 2.83162101e+00, 2.82981230e+00, 2.72615631e+01, 6.76801985e+01, 8.60602891e-30
6.57105755e-04, 2.85283683e-04, 9.99343326e-01, 6.56789199e-04, 9.53281959e-01, 6.57004955e-04, 3.19511679e+00, 2.91301444e+00, 2.91110154e+00, 2.91110154e+00, 2.90918990e+00, 2.73217132e+01, 6.76807658e+01, 8.60617319e-30
6.75552832e-04, 2.93289812e-04, 9.99324903e-01, 6.75218257e-04, 9.53263530e-01, 6.75446292e-04, 3.19509835e+00, 2.99483446e+00, 2.99281265e+00, 2.99281265e+00, 2.99079222e+00, 2.73818641e+01, 6.76813490e+01, 8.60632153e-30
6.94517777e-04, 3.01520545e-04, 9.99305964e-01, 6.94164158e-04, 9.53244584e-01, 6.94405172e-04, 3.19507939e+00, 3.07895383e+00, 3.07681693e+00, 3.07681693e+00, 3.07468151e+00, 2.74420159e+01, 6.76819487e+01, 8.60647403e-30
7.14015130e-04, 3.09982178e-04, 9.99286494e-01, 7.13641383e-04, 9.53225107e-01, 7.13896113e-04, 3.19505990e+00, 3.16543725e+00, 3.16317870e+00, 3.16317870e+00, 3.16092175e+00, 2.75021685e+01, 6.76825652e+01, 8.60663082e-30
7.34059837e-04, 3.18681185e-04, 9.99266479e-01, 7.33664815e-04, 9.53205084e-01, 7.33934043e-04, 3.19503987e+00, 3.25435123e+00, 3.25196410e+00, 3.25196410e+00, 3.24957871e+00, 2.75623221e+01, 6.76831990e+01, 8.60679202e-30
7.54667263e-04, 3.27624220e-04, 9.99245902e-01, 7.54249756e-04, 9.53184499e-01, 7.54534307e-04, 3.19501926e+00, 3.34576416e+00, 3.34324112e+00, 3.34324112e+00, 3.34071999e+00, 2.76224766e+01, 6.76838507e+01, 8.60695775e-30
7.75853206e-04, 3.36818122e-04, 9.99224748e-01, 7.75411934e-04, 9.53163337e-01, 7.75712679e-04, 3.19499809e+00, 3.43974635e+00, 3.43707968e+00, 3.43707968e+00, 3.43441507e+00, 2.76826321e+01, 6.76845207e+01, 8.60712815e-30
7.97633907e-04, 3.46269924e-04, 9.99203002e-01, 7.97167517e-04, 9.53141581e-01, 7.97485379e-04, 3.19497631e+00, 3.53637009e+00, 3.53355161e+00, 3.53355161e+00, 3.53073538e+00, 2.77427885e+01, 6.76852094e+01, 8.60730333e-30
8.20026062e-04, 3.55986854e-04, 9.99180646e-01, 8.19533125e-04, 9.53119215e-01, 8.19869077e-04, 3.19495393e+00, 3.63570973e+00, 3.63273080e+00, 3.63273080e+00, 3.62975430e+00, 2.78029460e+01, 6.76859176e+01, 8.60748344e-30
8.43046837e-04, 3.65976343e-04, 9.99157663e-01, 8.42525842e-04, 9.53096223e-01, 8.42880913e-04, 3.19493092e+00, 3.73784171e+00, 3.73469318e+00, 3.73469318e+00, 3.73154731e+00, 2.78631045e+01, 6.76866457e+01, 8.60766861e-30
8.66713880e-04, 3.76246030e-04, 9.99134037e-01, 8.66163230e-04, 9.53072585e-01, 8.66538508e-04, 3.19490726e+00, 3.84284460e+00, 3.83951684e+00, 3.83951684e+00, 3.83619196e+00, 2.79232641e+01, 6.76873942e+01, 8.60785899e-30
8.91045332e-04, 3.86803767e-04, 9.99109748e-01, 8.90463340e-04, 9.53048285e-01, 8.90859975e-04, 3.19488294e+00, 3.95079923e+00, 3.94728202e+00, 3.94728202e+00, 3.94376795e+00, 2.79834248e+01, 6.76881638e+01, 8.60805472e-30
9.16059848e-04, 3.97657626e-04, 9.99084779e-01, 9.15444729e-04, 9.53023304e-01, 9.15863936e-04, 3.19485794e+00, 4.06178868e+00, 4.05807125e+00, 4.05807125e+00, 4.05435721e+00, 2.80435866e+01, 6.76889550e+01, 8.60825596e-30
9.41776601e-04, 4.08815904e-04, 9.99059110e-01, 9.41126471e-04, 9.52997622e-01, 9.41569534e-04, 3.19483223e+00, 4.17589840e+00, 4.17196933e+00, 4.17196933e+00, 4.16804397e+00, 2.81037496e+01, 6.76897684e+01, 8.60846286e-30
9.68215306e-04, 4.20287133e-04, 9.99032721e-01, 9.67528172e-04, 9.52971220e-01, 9.67996449e-04, 3.19480580e+00, 4.29321621e+00, 4.28906348e+00, 4.28906348e+00, 4.28491476e+00, 2.81639138e+01, 6.76906047e+01, 8.60867558e-30
9.95396231e-04, 4.32080081e-04, 9.99005594e-01, 9.94669988e-04, 9.52944079e-01, 9.95164912e-04, 3.19477863e+00, 4.41383247e+00, 4.40944332e+00, 4.40944332e+00, 4.40505854e+00, 2.82240792e+01, 6.76914645e+01, 8.60889428e-30
1.02334021e-03, 4.44203760e-04, 9.98977706e-01, 1.02257263e-03, 9.52916176e-01, 1.02309572e-03, 3.19475070e+00, 4.53784003e+00, 4.53320102e+00, 4.53320102e+00, 4.52856676e+00, 2.82842459e+01, 6.76923486e+01, 8.60911914e-30
1.05206867e-03, 4.56667438e-04, 9.98949037e-01, 1.05125740e-03, 9.52887491e-01, 1.05181026e-03, 3.19472199e+00, 4.66533441e+00, 4.66043132e+00, 4.66043132e+00, 4.65553338e+00, 2.83444139e+01, 6.76932574e+01, 8.60935032e-30
1.08160363e-03, 4.69480638e-04, 9.98919565e-01, 1.08074619e-03, 9.52858002e-01, 1.08133050e-03, 3.19469247e+00, 4.79641381e+00, 4.79123160e+00, 4.79123160e+00, 4.78605498e+00, 2.84045832e+01, 6.76941918e+01, 8.60958800e-30
1.11196773e-03, 4.82653152e-04, 9.98889267e-01, 1.11106149e-03, 9.52827687e-01, 1.11167905e-03, 3.19466212e+00, 4.93117920e+00, 4.92570198e+00, 4.92570198e+00, 4.92023084e+00, 2.84647539e+01, 6.76951525e+01, 8.60983237e-30
1.14318425e-03, 4.96195044e-04, 9.98858121e-01, 1.14222643e-03, 9.52796522e-01, 1.14287914e-03, 3.19463092e+00, 5.06973441e+00, 5.06394539e+00, 5.06394539e+00, 5.05816298e+00, 2.85249260e+01, 6.76961402e+01, 8.61008361e-30
1.17527712e-03, 5.10116661e-04, 9.98826103e-01, 1.17426478e-03, 9.52764484e-01, 1.17495463e-03, 3.19459884e+00, 5.21218621e+00, 5.20606763e+00, 5.20606763e+00, 5.19995625e+00, 2.85850996e+01, 6.76971557e+01, 8.61034193e-30
1.20827094e-03, 5.24428638e-04, 9.98793187e-01, 1.20720099e-03, 9.52731548e-01, 1.20793008e-03, 3.19456587e+00, 5.35864437e+00, 5.35217749e+00, 5.35217749e+00, 5.34571841e+00, 2.86452747e+01, 6.76981998e+01, 8.61060752e-30
1.24219100e-03, 5.39141905e-04, 9.98759350e-01, 1.24106015e-03, 9.52697688e-01, 1.24183073e-03, 3.19453197e+00, 5.50922178e+00, 5.50238676e+00, 5.50238676e+00, 5.49556023e+00, 2.87054513e+01, 6.76992732e+01, 8.61088057e-30
1.27706330e-03, 5.54267703e-04, 9.98724566e-01, 1.27586810e-03, 9.52662880e-01, 1.27668253e-03, 3.19449712e+00, 5.66403452e+00, 5.65681042e+00, 5.65681042e+00, 5.64959553e+00, 2.87656295e+01, 6.77003768e+01, 8.61116132e-30
1.31291459e-03, 5.69817580e-04, 9.98688807e-01, 1.31165136e-03, 9.52627097e-01, 1.31251213e-03, 3.19446129e+00, 5.82320196e+00, 5.81556662e+00, 5.81556662e+00, 5.80794129e+00, 2.88258093e+01, 6.77015114e+01, 8.61144996e-30
1.34977233e-03, 5.85803413e-04, 9.98652047e-01, 1.34843722e-03, 9.52590311e-01, 1.34934696e-03, 3.19442445e+00, 5.98684683e+00, 5.97877684e+00, 5.97877684e+00, 5.97071773e+00, 2.88859907e+01, 6.77026780e+01, 8.61174673e-30
1.38766479e-03, 6.02237406e-04, 9.98614258e-01, 1.38625369e-03, 9.52552495e-01, 1.38721520e-03, 3.19438658e+00, 6.15509534e+00, 6.14656597e+00, 6.14656597e+00, 6.13804841e+00, 2.89461739e+01, 6.77038774e+01, 8.61205186e-30
1.42662102e-03, 6.19132106e-04, 9.98575411e-01, 1.42512961e-03, 9.52513619e-01, 1.42614582e-03, 3.19434765e+00, 6.32807729e+00, 6.31906238e+00, 6.31906238e+00, 6.31006031e+00, 2.90063589e+01, 6.77051105e+01, 8.61236557e-30
1.46667087e-03, 6.36500410e-04, 9.98535477e-01, 1.46509459e-03, 9.52473654e-01, 1.46616861e-03, 3.19430763e+00, 6.50592612e+00, 6.49639804e+00, 6.49639804e+00, 6.48688392e+00, 2.90665456e+01, 6.77063783e+01, 8.61268812e-30
1.50784505e-03, 6.54355573e-04, 9.98494425e-01, 1.50617907e-03, 9.52432569e-01, 1.50731419e-03, 3.19426649e+00, 6.68877909e+00, 6.67870863e+00, 6.67870863e+00, 6.66865334e+00, 2.91267343e+01, 6.77076818e+01, 8.61301975e-30
1.55017512e-03, 6.72711224e-04, 9.98452224e-01, 1.54841433e-03, 9.52390334e-01, 1.54961403e-03, 3.19422419e+00, 6.87677732e+00, 6.86613361e+00, 6.86613361e+00, 6.85550637e+00, 2.91869248e+01, 6.77090220e+01, 8.61336071e-30
1.59369353e-03, 6.91581368e-04, 9.98408842e-01, 1.59183254e-03, 9.52346916e-01, 1.59310050e-03, 3.19418070e+00, 7.07006593e+00, 7.05881634e+00, 7.05881634e+00, 7.04758465e+00, 2.92471173e+01, 6.77103999e+01, 8.61371128e-30
1.63843365e-03, 7.10980403e-04, 9.98364246e-01, 1.63646676e-03, 9.52302282e-01, 1.63780684e-03, 3.19413599e+00, 7.26879416e+00, 7.25690421e+00, 7.25690421e+00, 7.24503370e+00, 2.93073119e+01, 6.77118165e+01, 8.61407172e-30
1.68442976e-03, 7.30923128e-04, 9.98318403e-01, 1.68235095e-03, 9.52256398e-01, 1.68376726e-03, 3.19409003e+00, 7.47311549e+00, 7.46054872e+00, 7.46054872e+00, 7.44800308e+00, 2.93675085e+01, 6.77132731e+01, 8.61444232e-30
1.73171713e-03, 7.51424755e-04, 9.98271277e-01, 1.72952003e-03, 9.52209228e-01, 1.73101691e-03, 3.19404278e+00, 7.68318773e+00, 7.66990563e+00, 7.66990563e+00, 7.65664648e+00, 2.94277072e+01, 6.77147706e+01, 8.61482335e-30
1.78033202e-03, 7.72500920e-04, 9.98222832e-01, 1.77800988e-03, 9.52160739e-01, 1.77959192e-03, 3.19399421e+00, 7.89917318e+00, 7.88513503e+00, 7.88513503e+00, 7.87112182e+00, 2.94879082e+01, 6.77163103e+01, 8.61521512e-30
1.83031168e-03, 7.94167695e-04, 9.98173032e-01, 1.82785741e-03, 9.52110891e-01, 1.82952943e-03, 3.19394427e+00, 8.12123875e+00, 8.10640151e+00, 8.10640151e+00, 8.09159137e+00, 2.95481114e+01, 6.77178933e+01, 8.61561793e-30
1.88169442e-03, 8.16441599e-04, 9.98121840e-01, 1.87910051e-03, 9.52059648e-01, 1.88086764e-03, 3.19389293e+00, 8.34955607e+00, 8.33387426e+00, 8.33387426e+00, 8.31822191e+00, 2.96083169e+01, 6.77195209e+01, 8.61603208e-30
1.93451965e-03, 8.39339613e-04, 9.98069215e-01, 1.93177814e-03, 9.52006970e-01, 1.93364579e-03, 3.19384015e+00, 8.58430165e+00, 8.56772721e+00, 8.56772721e+00, 8.55118477e+00, 2.96685248e+01, 6.77211943e+01, 8.61645791e-30
1.98882786e-03, 8.62879189e-04, 9.98015120e-01, 1.98593035e-03, 9.51952818e-01, 1.98790423e-03, 3.19378590e+00, 8.82565701e+00, 8.80813914e+00, 8.80813914e+00, 8.79065604e+00, 2.97287352e+01, 6.77229148e+01, 8.61689574e-30
2.04466067e-03, 8.87078267e-04, 9.97959511e-01, 2.04159829e-03, 9.51897150e-01, 2.04368444e-03, 3.19373011e+00, 9.07380884e+00, 9.05529384e+00, 9.05529384e+00, 9.03681661e+00, 2.97889481e+01, 6.77246838e+01, 8.61734591e-30
2.10206088e-03, 9.11955285e-04, 9.97902349e-01, 2.09882427e-03, 9.51839924e-01, 2.10102906e-03, 3.19367277e+00, 9.32894912e+00, 9.30938023e+00, 9.30938023e+00, 9.28985240e+00, 2.98491636e+01, 6.77265026e+01, 8.61780877e-30
2.16107251e-03, 9.37529196e-04, 9.97843588e-01, 2.15765174e-03, 9.51781097e-01, 2.15998193e-03, 3.19361382e+00, 9.59127529e+00, 9.57059254e+00, 9.57059254e+00, 9.54995440e+00, 2.99093818e+01, 6.77283727e+01, 8.61828467e-30
2.22174078e-03, 9.63819479e-04, 9.97783184e-01, 2.21812538e-03, 9.51720623e-01, 2.22058809e-03, 3.19355321e+00, 9.86099040e+00, 9.83913040e+00, 9.83913040e+00, 9.81731886e+00, 2.99696027e+01, 6.77302954e+01, 8.61877400e-30
2.28411221e-03, 9.90846156e-04, 9.97721093e-01, 2.28029111e-03, 9.51658457e-01, 2.28289388e-03, 3.19349091e+00, 1.01383033e+01, 1.01151990e+01, 1.01151990e+01, 1.00921474e+01, 3.00298264e+01, 6.77322722e+01, 8.61927713e-30
2.34823460e-03, 1.01862981e-03, 9.97657267e-01, 2.34419611e-03, 9.51594552e-01, 2.34694689e-03, 3.19342685e+00, 1.04234287e+01, 1.03990094e+01, 1.03990094e+01, 1.03746473e+01, 3.00900530e+01, 6.77343048e+01, 8.61979444e-30
2.41415712e-03, 1.04719158e-03, 9.97591657e-01, 2.40988886e-03, 9.51528860e-01, 2.41279607e-03, 3.19336100e+00, 1.07165876e+01, 1.06907784e+01, 1.06907784e+01, 1.06650313e+01, 3.01502826e+01, 6.77363946e+01, 8.62032635e-30
2.48193029e-03, 1.07655322e-03, 9.97524214e-01, 2.47741921e-03, 9.51461329e-01, 2.48049174e-03, 3.19329331e+00, 1.10180071e+01, 1.09907289e+01, 1.09907289e+01, 1.09635182e+01, 3.02105152e+01, 6.77385433e+01, 8.62087326e-30
2.55160607e-03, 1.10673706e-03, 9.97454888e-01, 2.54683836e-03, 9.51391910e-01, 2.55008560e-03, 3.19322371e+00, 1.13279208e+01, 1.12990900e+01, 1.12990900e+01, 1.12703325e+01, 3.02707510e+01, 6.77407526e+01, 8.62143560e-30
2.62323788e-03, 1.13776607e-03, 9.97383625e-01, 2.61819894e-03, 9.51320550e-01, 2.62163081e-03, 3.19315217e+00, 1.16465691e+01, 1.16160973e+01, 1.16160973e+01, 1.15857053e+01, 3.03309900e+01, 6.77430241e+01, 8.62201382e-30
2.69688063e-03, 1.16966386e-03, 9.97310373e-01, 2.69155503e-03, 9.51247193e-01, 2.69518203e-03, 3.19307862e+00, 1.19741991e+01, 1.19419930e+01, 1.19419930e+01, 1.19098735e+01, 3.03912324e+01, 6.77453597e+01, 8.62260834e-30
2.77259076e-03, 1.20245468e-03, 9.97235075e-01, 2.76696220e-03, 9.51171786e-01, 2.77079543e-03, 3.19300300e+00, 1.23110651e+01, 1.22770259e+01, 1.22770259e+01, 1.22430809e+01, 3.04514781e+01, 6.77477611e+01, 8.62321966e-30
2.85042632e-03, 1.23616346e-03, 9.97157676e-01, 2.84447759e-03, 9.51094271e-01, 2.84852875e-03, 3.19292527e+00, 1.26574284e+01, 1.26214519e+01, 1.26214519e+01, 1.25855776e+01, 3.05117274e+01, 6.77502302e+01, 8.62384822e-30
2.93044698e-03, 1.27081583e-03, 9.97078115e-01, 2.92415986e-03, 9.51014589e-01, 2.92844134e-03, 3.19284536e+00, 1.30135580e+01, 1.29755339e+01, 1.29755339e+01, 1.29376209e+01, 3.05719803e+01, 6.77527690e+01, 8.62449454e-30
3.01271407e-03, 1.30643812e-03, 9.96996335e-01, 3.00606932e-03, 9.50932679e-01, 3.01059420e-03, 3.19276321e+00, 1.33797306e+01, 1.33395424e+01, 1.33395424e+01, 1.32994749e+01, 3.06322368e+01, 6.77553793e+01, 8.62515911e-30
3.09729067e-03, 1.34305740e-03, 9.96912273e-01, 3.09026796e-03, 9.50848481e-01, 3.09505007e-03, 3.19267875e+00, 1.37562306e+01, 1.37137551e+01, 1.37137551e+01, 1.36714107e+01, 3.06924972e+01, 6.77580632e+01, 8.62584245e-30
3.18424160e-03, 1.38070148e-03, 9.96825866e-01, 3.17681945e-03, 9.50761929e-01, 3.18187340e-03, 3.19259193e+00, 1.41433506e+01, 1.40984577e+01, 1.40984577e+01, 1.40537073e+01, 3.07527615e+01, 6.77608229e+01, 8.62654509e-30
3.27363353e-03, 1.41939895e-03, 9.96737048e-01, 3.26578922e-03, 9.50672959e-01, 3.27113045e-03, 3.19250267e+00, 1.45413916e+01, 1.44939438e+01, 1.44939438e+01, 1.44466507e+01, 3.08130299e+01, 6.77636604e+01, 8.62726759e-30
3.36553498e-03, 1.45917918e-03, 9.96645754e-01, 3.35724452e-03, 9.50581504e-01, 3.36288933e-03, 3.19241091e+00, 1.49506634e+01, 1.49005152e+01, 1.49005152e+01, 1.48505352e+01, 3.08733023e+01, 6.77665780e+01, 8.62801050e-30
3.46001639e-03, 1.50007238e-03, 9.96551914e-01, 3.45125442e-03, 9.50487494e-01, 3.45722007e-03, 3.19231658e+00, 1.53714843e+01, 1.53184821e+01, 1.53184821e+01, 1.52656627e+01, 3.09335790e+01, 6.77695779e+01, 8.62877441e-30
3.55715021e-03, 1.54210957e-03, 9.96455458e-01, 3.54788991e-03, 9.50390859e-01, 3.55419462e-03, 3.19221960e+00, 1.58041821e+01, 1.57481635e+01, 1.57481635e+01, 1.56923435e+01, 3.09938601e+01, 6.77726624e+01, 8.62955991e-30
3.65701088e-03, 1.58532264e-03, 9.96356314e-01, 3.64722395e-03, 9.50291525e-01, 3.65388696e-03, 3.19211991e+00, 1.62490936e+01, 1.61898870e+01, 1.61898870e+01, 1.61308961e+01, 3.10541457e+01, 6.77758341e+01, 8.63036763e-30
3.75967497e-03, 1.62974435e-03, 9.96254407e-01, 3.74933145e-03, 9.50189417e-01, 3.75637311e-03, 3.19201743e+00, 1.67065655e+01, 1.66439895e+01, 1.66439895e+01, 1.65816479e+01, 3.11144359e+01, 6.77790953e+01, 8.63119818e-30
3.86522116e-03, 1.67540839e-03, 9.96149661e-01, 3.85428944e-03, 9.50084459e-01, 3.86173125e-03, 3.19191207e+00, 1.71769545e+01, 1.71108174e+01, 1.71108174e+01, 1.70449349e+01, 3.11747308e+01, 6.77824485e+01, 8.63205224e-30
3.97373038e-03, 1.72234936e-03, 9.96041998e-01, 3.96217702e-03, 9.49976572e-01, 3.97004169e-03, 3.19180376e+00, 1.76606273e+01, 1.75907265e+01, 1.75907265e+01, 1.75211024e+01, 3.12350306e+01, 6.77858965e+01, 8.63293045e-30
4.08528580e-03, 1.77060283e-03, 9.95931336e-01, 4.07307548e-03, 9.49865673e-01, 4.08138701e-03, 3.19169241e+00, 1.81579615e+01, 1.80840828e+01, 1.80840828e+01, 1.80105048e+01, 3.12953355e+01, 6.77894419e+01, 8.63383352e-30
4.19997295e-03, 1.82020534e-03, 9.95817593e-01, 4.18706832e-03, 9.49751680e-01, 4.19585209e-03, 3.19157795e+00, 1.86693452e+01, 1.85912624e+01, 1.85912624e+01, 1.85135061e+01, 3.13556454e+01, 6.77930874e+01, 8.63476215e-30
4.31787973e-03, 1.87119444e-03, 9.95700684e-01, 4.30424135e-03, 9.49634507e-01, 4.31352415e-03, 3.19146028e+00, 1.91951777e+01, 1.91126516e+01, 1.91126516e+01, 1.90304803e+01, 3.14159607e+01, 6.77968359e+01, 8.63571707e-30
4.43909653e-03, 1.92360874e-03, 9.95580522e-01, 4.42468271e-03, 9.49514066e-01, 4.43449286e-03, 3.19133931e+00, 1.97358701e+01, 1.96486479e+01, 1.96486479e+01, 1.95618111e+01, 3.14762814e+01, 6.78006903e+01, 8.63669903e-30
4.56371628e-03, 1.97748788e-03, 9.95457017e-01, 4.54848296e-03, 9.49390266e-01, 4.55885038e-03, 3.19121495e+00, 2.02918450e+01, 2.01996595e+01, 2.01996595e+01, 2.01078928e+01, 3.15366077e+01, 6.78046537e+01, 8.63770880e-30
4.69183451e-03, 2.03287261e-03, 9.95330076e-01, 4.67573513e-03, 9.49263013e-01, 4.68669144e-03, 3.19108711e+00, 2.08635374e+01, 2.07661062e+01, 2.07661062e+01, 2.06691301e+01, 3.15969397e+01, 6.78087292e+01, 8.63874718e-30
4.82354943e-03, 2.08980480e-03, 9.95199606e-01, 4.80653478e-03, 9.49132214e-01, 4.81811340e-03, 3.19095569e+00, 2.14513946e+01, 2.13484195e+01, 2.13484195e+01, 2.12459386e+01, 3.16572777e+01, 6.78129199e+01, 8.63981499e-30
4.95896201e-03, 2.14832749e-03, 9.95065508e-01, 4.94098011e-03, 9.48997768e-01, 4.95321633e-03, 3.19082058e+00, 2.20558771e+01, 2.19470426e+01, 2.19470426e+01, 2.18387451e+01, 3.17176217e+01, 6.78172291e+01, 8.64091307e-30
5.09817606e-03, 2.20848488e-03, 9.94927683e-01, 5.07917196e-03, 9.48859577e-01, 5.09210309e-03, 3.19068170e+00, 2.26774586e+01, 2.25624313e+01, 2.25624313e+01, 2.24479875e+01, 3.17779719e+01, 6.78216602e+01, 8.64204229e-30
5.24129830e-03, 2.27032240e-03, 9.94786030e-01, 5.22121393e-03, 9.48717535e-01, 5.23487939e-03, 3.19053892e+00, 2.33166263e+01, 2.31950541e+01, 2.31950541e+01, 2.30741157e+01, 3.18383286e+01, 6.78262167e+01, 8.64320353e-30
5.38843844e-03, 2.33388671e-03, 9.94640441e-01, 5.36721246e-03, 9.48571536e-01, 5.38165387e-03, 3.19039215e+00, 2.39738817e+01, 2.38453923e+01, 2.38453923e+01, 2.37175915e+01, 3.18986918e+01, 6.78309021e+01, 8.64439772e-30
5.53970928e-03, 2.39922578e-03, 9.94490810e-01, 5.51727684e-03, 9.48421472e-01, 5.53253822e-03, 3.19024126e+00, 2.46497409e+01, 2.45139408e+01, 2.45139408e+01, 2.43788888e+01, 3.19590618e+01, 6.78357202e+01, 8.64562579e-30
5.69522678e-03, 2.46638889e-03, 9.94337025e-01, 5.67151938e-03, 9.48267229e-01, 5.68764721e-03, 3.19008615e+00, 2.53447346e+01, 2.52012080e+01, 2.52012080e+01, 2.50584942e+01, 3.20194387e+01, 6.78406747e+01, 8.64688873e-30
5.85511016e-03, 2.53542665e-03, 9.94178973e-01, 5.83005539e-03, 9.48108693e-01, 5.84709879e-03, 3.18992670e+00, 2.60594093e+01, 2.59077168e+01, 2.59077168e+01, 2.57569073e+01, 3.20798228e+01, 6.78457694e+01, 8.64818753e-30
6.01948197e-03, 2.60639109e-03, 9.94016535e-01, 5.99300334e-03, 9.47945745e-01, 6.01101421e-03, 3.18976279e+00, 2.67943271e+01, 2.66340042e+01, 2.66340042e+01, 2.64746406e+01, 3.21402143e+01, 6.78510085e+01, 8.64952322e-30
6.18846824e-03, 2.67933564e-03, 9.93849593e-01, 6.16048490e-03, 9.47778264e-01, 6.17951807e-03, 3.18959428e+00, 2.75500665e+01, 2.73806224e+01, 2.73806224e+01, 2.72122204e+01, 3.22006133e+01, 6.78563961e+01, 8.65089686e-30
6.36219849e-03, 2.75431521e-03, 9.93678023e-01, 6.33262502e-03, 9.47606124e-01, 6.35273843e-03, 3.18942106e+00, 2.83272228e+01, 2.81481388e+01, 2.81481388e+01, 2.79701869e+01, 3.22610200e+01, 6.78619363e+01, 8.65230955e-30
6.54080591e-03, 2.83138620e-03, 9.93501698e-01, 6.50955204e-03, 9.47429196e-01, 6.53080689e-03, 3.18924299e+00, 2.91264086e+01, 2.89371364e+01, 2.89371364e+01, 2.87490942e+01, 3.23214347e+01, 6.78676336e+01, 8.65376240e-30
6.72442742e-03, 2.91060657e-03, 9.93320488e-01, 6.69139777e-03, 9.47247351e-01, 6.71385873e-03, 3.18905994e+00, 2.99482545e+01, 2.97482148e+01, 2.97482148e+01, 2.95495112e+01, 3.23818576e+01, 6.78734924e+01, 8.65525658e-30
6.91320378e-03, 2.99203585e-03, 9.93134260e-01, 6.87829755e-03, 9.47060451e-01, 6.90203295e-03, 3.18887177e+00, 3.07934092e+01, 3.05819897e+01, 3.05819897e+01, 3.03720217e+01, 3.24422889e+01, 6.78795175e+01, 8.65679327e-30
7.10727970e-03, 3.07573520e-03, 9.92942877e-01, 7.07039039e-03, 9.46868358e-01, 7.09547241e-03, 3.18867833e+00, 3.16625407e+01, 3.14390942e+01, 3.14390942e+01, 3.12172247e+01, 3.25027288e+01, 6.78857134e+01, 8.65837370e-30
7.30680395e-03, 3.16176744e-03, 9.92746198e-01, 7.26781904e-03, 9.46670929e-01, 7.29432394e-03, 3.18847948e+00, 3.25563361e+01, 3.23201789e+01, 3.23201789e+01, 3.20857347e+01, 3.25631776e+01, 6.78920852e+01, 8.65999914e-30
7.51192949e-03, 3.25019713e-03, 9.92544079e-01, 7.47073007e-03, 9.46468018e-01, 7.49873840e-03, 3.18827506e+00, 3.34755029e+01, 3.32259122e+01, 3.32259122e+01, 3.29781824e+01, 3.26236355e+01, 6.78986379e+01, 8.66167088e-30
7.72281357e-03, 3.34109055e-03, 9.92336371e-01, 7.67927399e-03, 9.46259475e-01, 7.70887088e-03, 3.18806493e+00, 3.44207692e+01, 3.41569812e+01, 3.41569812e+01, 3.38952148e+01, 3.26841029e+01, 6.79053766e+01, 8.66339026e-30
7.93961785e-03, 3.43451582e-03, 9.92122923e-01, 7.89360534e-03, 9.46045143e-01, 7.92488071e-03, 3.18784892e+00, 3.53928845e+01, 3.51140920e+01, 3.51140920e+01, 3.48374956e+01, 3.27445798e+01, 6.79123068e+01, 8.66515866e-30
8.16250851e-03, 3.53054289e-03, 9.91903579e-01, 8.11388281e-03, 9.45824866e-01, 8.14693164e-03, 3.18762687e+00, 3.63926202e+01, 3.60979702e+01, 3.60979702e+01, 3.58057058e+01, 3.28050666e+01, 6.79194339e+01, 8.66697750e-30
8.39165644e-03, 3.62924361e-03, 9.91678177e-01, 8.34026933e-03, 9.45598479e-01, 8.37519197e-03, 3.18739861e+00, 3.74207703e+01, 3.71093613e+01, 3.71093613e+01, 3.68005438e+01, 3.28655636e+01, 6.79267636e+01, 8.66884824e-30
8.62723729e-03, 3.73069181e-03, 9.91446555e-01, 8.57293215e-03, 9.45365816e-01, 8.60983463e-03, 3.18716396e+00, 3.84781525e+01, 3.81490317e+01, 3.81490317e+01, 3.78227261e+01, 3.29260711e+01, 6.79343017e+01, 8.67077238e-30
8.86943166e-03, 3.83496328e-03, 9.91208544e-01, 8.81204301e-03, 9.45126706e-01, 8.85103731e-03, 3.18692276e+00, 3.95656080e+01, 3.92177687e+01, 3.92177687e+01, 3.88729874e+01, 3.29865892e+01, 6.79420543e+01, 8.67275148e-30
9.11842520e-03, 3.94213590e-03, 9.90963969e-01, 9.05777821e-03, 9.44880970e-01, 9.09898263e-03, 3.18667482e+00, 4.06840033e+01, 4.03163814e+01, 4.03163814e+01, 3.99520814e+01, 3.30471184e+01, 6.79500274e+01, 8.67478712e-30
9.37440879e-03, 4.05228964e-03, 9.90712655e-01, 9.31031873e-03, 9.44628430e-01, 9.35385824e-03, 3.18641994e+00, 4.18342303e+01, 4.14457014e+01, 4.14457014e+01, 4.10607808e+01, 3.31076589e+01, 6.79582275e+01, 8.67688096e-30
9.63757866e-03, 4.16550662e-03, 9.90454418e-01, 9.56985035e-03, 9.44368898e-01, 9.61585697e-03, 3.18615794e+00, 4.30172072e+01, 4.26065829e+01, 4.26065829e+01, 4.21998782e+01, 3.31682111e+01, 6.79666611e+01, 8.67903469e-30
9.90813657e-03, 4.28187121e-03, 9.90189071e-01, 9.83656378e-03, 9.44102185e-01, 9.88517695e-03, 3.18588862e+00, 4.42338793e+01, 4.37999039e+01, 4.37999039e+01, 4.33701861e+01, 3.32287751e+01, 6.79753349e+01, 8.68125006e-30
1.01862899e-02, 4.40147004e-03, 9.89916424e-01, 1.01106548e-02, 9.43828094e-01, 1.01620218e-02, 3.18561178e+00, 4.54852201e+01, 4.50265665e+01, 4.50265665e+01, 4.45725377e+01, 3.32893515e+01, 6.79842560e+01, 8.68352885e-30
1.04722519e-02, 4.52439206e-03, 9.89636280e-01, 1.03923242e-02, 9.43546424e-01, 1.04466007e-02, 3.18532720e+00, 4.67722319e+01, 4.62874976e+01, 4.62874976e+01, 4.58077869e+01, 3.33499405e+01, 6.79934314e+01, 8.68587293e-30
1.07662418e-02, 4.65072864e-03, 9.89348436e-01, 1.06817783e-02, 9.43256970e-01, 1.07391285e-02, 3.18503467e+00, 4.80959468e+01, 4.75836497e+01, 4.75836497e+01, 4.70768094e+01, 3.34105424e+01, 6.80028684e+01, 8.68828419e-30
1.10684849e-02, 4.78057359e-03, 9.89052685e-01, 1.09792287e-02, 9.42959520e-01, 1.10398263e-02, 3.18473397e+00, 4.94574275e+01, 4.89160015e+01, 4.89160015e+01, 4.83805026e+01, 3.34711576e+01, 6.80125748e+01, 8.69076461e-30
1.13792129e-02, 4.91402325e-03, 9.88748817e-01, 1.12848925e-02, 9.42653856e-01, 1.13489209e-02, 3.18442488e+00, 5.08577685e+01, 5.02855584e+01, 5.02855584e+01, 4.97197864e+01, 3.35317865e+01, 6.80225583e+01, 8.69331621e-30
1.16986641e-02, 5.05117654e-03, 9.88436612e-01, 1.15989927e-02, 9.42339756e-01, 1.16666454e-02, 3.18410715e+00, 5.22980968e+01, 5.16933536e+01, 5.16933536e+01, 5.10956033e+01, 3.35924294e+01, 6.80328269e+01, 8.69594108e-30
1.20270833e-02, 5.19213502e-03, 9.88115848e-01, 1.19217579e-02, 9.42016991e-01, 1.19932395e-02, 3.18378056e+00, 5.37795732e+01, 5.31404486e+01, 5.31404486e+01, 5.25089194e+01, 3.36530868e+01, 6.80433890e+01, 8.69864137e-30
1.23647224e-02, 5.33700299e-03, 9.87786297e-01, 1.22534227e-02, 9.41685326e-01, 1.23289493e-02, 3.18344485e+00, 5.53033932e+01, 5.46279340e+01, 5.46279340e+01, 5.39607246e+01, 3.37137589e+01, 6.80542530e+01, 8.70141928e-30
1.27118400e-02, 5.48588750e-03, 9.87447723e-01, 1.25942280e-02, 9.41344521e-01, 1.26740277e-02, 3.18309977e+00, 5.68707882e+01, 5.61569303e+01, 5.61569303e+01, 5.54520329e+01, 3.37744462e+01, 6.80654277e+01, 8.70427712e-30
1.30687023e-02, 5.63889849e-03, 9.87099885e-01, 1.29444207e-02, 9.40994328e-01, 1.30287344e-02, 3.18274506e+00, 5.84830265e+01, 5.77285887e+01, 5.77285887e+01, 5.69838833e+01, 3.38351492e+01, 6.80769222e+01, 8.70721723e-30
1.34355829e-02, 5.79614881e-03, 9.86742539e-01, 1.33042542e-02, 9.40634494e-01, 1.33933365e-02, 3.18238046e+00, 6.01414144e+01, 5.93440920e+01, 5.93440920e+01, 5.85573400e+01, 3.38958682e+01, 6.80887458e+01, 8.71024204e-30
1.38127630e-02, 5.95775431e-03, 9.86375430e-01, 1.36739885e-02, 9.40264760e-01, 1.37681081e-02, 3.18200569e+00, 6.18472979e+01, 6.10046551e+01, 6.10046551e+01, 6.01734929e+01, 3.39566037e+01, 6.81009082e+01, 8.71335405e-30
1.42005318e-02, 6.12383394e-03, 9.85998300e-01, 1.40538902e-02, 9.39884858e-01, 1.41533309e-02, 3.18162047e+00, 6.36020634e+01, 6.27115263e+01, 6.27115263e+01, 6.18334583e+01, 3.40173560e+01, 6.81134191e+01, 8.71655583e-30
1.45991865e-02, 6.29450978e-03, 9.85610883e-01, 1.44442328e-02, 9.39494516e-01, 1.45492945e-02, 3.18122450e+00, 6.54071390e+01, 6.44659881e+01, 6.44659881e+01, 6.35383794e+01, 3.40781258e+01, 6.81262889e+01, 8.71985006e-30
1.50090328e-02, 6.46990713e-03, 9.85212907e-01, 1.48452969e-02, 9.39093452e-01, 1.49562960e-02, 3.18081750e+00, 6.72639965e+01, 6.62693576e+01, 6.62693576e+01, 6.52894264e+01, 3.41389133e+01, 6.81395279e+01, 8.72323947e-30
1.54303847e-02, 6.65015464e-03, 9.84804094e-01, 1.52573702e-02, 9.38681378e-01, 1.53746409e-02, 3.18039916e+00, 6.91741521e+01, 6.81229881e+01, 6.81229881e+01, 6.70877976e+01, 3.41997192e+01, 6.81531471e+01, 8.72672688e-30
1.58635653e-02, 6.83538432e-03, 9.84384158e-01, 1.56807477e-02, 9.38258001e-01, 1.58046429e-02, 3.17996916e+00, 7.11391679e+01, 7.00282699e+01, 7.00282699e+01, 6.89347194e+01, 3.42605439e+01, 6.81671576e+01, 8.73031521e-30
1.63089068e-02, 7.02573168e-03, 9.83952805e-01, 1.61157318e-02, 9.37823017e-01, 1.62466243e-02, 3.17952717e+00, 7.31606539e+01, 7.19866306e+01, 7.19866306e+01, 7.08314472e+01, 3.43213879e+01, 6.81815708e+01, 8.73400748e-30
1.67667503e-02, 7.22133576e-03, 9.83509738e-01, 1.65626329e-02, 9.37376116e-01, 1.67009161e-02, 3.17907288e+00, 7.52402690e+01, 7.39995372e+01, 7.39995372e+01, 7.27792655e+01, 3.43822517e+01, 6.81963987e+01, 8.73780677e-30
1.72374471e-02, 7.42233928e-03, 9.83054648e-01, 1.70217689e-02, 9.36916980e-01, 1.71678584e-02, 3.17860594e+00, 7.73797229e+01, 7.60684962e+01, 7.60684962e+01, 7.47794888e+01, 3.44431359e+01, 6.82116534e+01, 8.74171629e-30
1.77213578e-02, 7.62888867e-03, 9.82587220e-01, 1.74934658e-02, 9.36445283e-01, 1.76478003e-02, 3.17812600e+00, 7.95807777e+01, 7.81950551e+01, 7.81950551e+01, 7.68334618e+01, 3.45040409e+01, 6.82273476e+01, 8.74573934e-30
1.82188534e-02, 7.84113421e-03, 9.82107134e-01, 1.79780580e-02, 9.35960691e-01, 1.81411006e-02, 3.17763270e+00, 8.18452493e+01, 8.03808033e+01, 8.03808033e+01, 7.89425603e+01, 3.45649674e+01, 6.82434941e+01, 8.74987932e-30
1.87303154e-02, 8.05923009e-03, 9.81614059e-01, 1.84758880e-02, 9.35462861e-01, 1.86481278e-02, 3.17712567e+00, 8.41750099e+01, 8.26273731e+01, 8.26273731e+01, 8.11081911e+01, 3.46259159e+01, 6.82601063e+01, 8.75413974e-30
1.92561357e-02, 8.28333450e-03, 9.81107658e-01, 1.89873069e-02, 9.34951442e-01, 1.91692602e-02, 3.17660454e+00, 8.65719890e+01, 8.49364413e+01, 8.49364413e+01, 8.33317930e+01, 3.46868870e+01, 6.82771981e+01, 8.75852423e-30
1.97967175e-02, 8.51360975e-03, 9.80587585e-01, 1.95126745e-02, 9.34426074e-01, 1.97048864e-02, 3.17606891e+00, 8.90381758e+01, 8.73097298e+01, 8.73097298e+01, 8.56148370e+01, 3.47478813e+01, 6.82947837e+01, 8.76303652e-30
2.03524752e-02, 8.75022235e-03, 9.80053486e-01, 2.00523597e-02, 9.33886389e-01, 2.02554055e-02, 3.17551839e+00, 9.15756213e+01, 8.97490068e+01, 8.97490068e+01, 8.79588270e+01, 3.48088994e+01, 6.83128777e+01, 8.76768048e-30
2.09238348e-02, 8.99334311e-03, 9.79504999e-01, 2.06067403e-02, 9.33332008e-01, 2.08212274e-02, 3.17495257e+00, 9.41864396e+01, 9.22560885e+01, 9.22560885e+01, 9.03652999e+01, 3.48699419e+01, 6.83314952e+01, 8.77246009e-30
2.15112343e-02, 9.24314725e-03, 9.78941755e-01, 2.11762033e-02, 9.32762545e-01, 2.14027730e-02, 3.17437103e+00, 9.68728111e+01, 9.48328397e+01, 9.48328397e+01, 9.28358265e+01, 3.49310095e+01, 6.83506517e+01, 8.77737946e-30
2.21151240e-02, 9.49981449e-03, 9.78363373e-01, 2.17611454e-02, 9.32177603e-01, 2.20004745e-02, 3.17377332e+00, 9.96369838e+01, 9.74811755e+01, 9.74811755e+01, 9.53720117e+01, 3.49921029e+01, 6.83703635e+01, 8.78244283e-30
2.27359668e-02, 9.76352916e-03, 9.77769466e-01, 2.23619728e-02, 9.31576776e-01, 2.26147757e-02, 3.17315902e+00, 1.02481276e+02, 1.00203062e+02, 1.00203062e+02, 9.79754948e+01, 3.50532226e+01, 6.83906470e+01, 8.78765460e-30
2.33742387e-02, 1.00344803e-02, 9.77159637e-01, 2.29791014e-02, 9.30959647e-01, 2.32461324e-02, 3.17252767e+00, 1.05408078e+02, 1.03000520e+02, 1.03000520e+02, 1.00647950e+02, 3.51143695e+01, 6.84115193e+01, 8.79301927e-30
2.40304289e-02, 1.03128618e-02, 9.76533482e-01, 2.36129576e-02, 9.30325791e-01, 2.38950123e-02, 3.17187879e+00, 1.08419857e+02, 1.05875620e+02, 1.05875620e+02, 1.03391088e+02, 3.51755442e+01, 6.84329981e+01, 8.79854153e-30
2.47050406e-02, 1.05988725e-02, 9.75890584e-01, 2.42639775e-02, 9.29674771e-01, 2.45618961e-02, 3.17121190e+00, 1.11519155e+02, 1.08830494e+02, 1.08830494e+02, 1.06206654e+02, 3.52367474e+01, 6.84551016e+01, 8.80422620e-30
2.53985907e-02, 1.08927162e-02, 9.75230519e-01, 2.49326078e-02, 9.29006141e-01, 2.52472768e-02, 3.17052652e+00, 1.14708597e+02, 1.11867324e+02, 1.11867324e+02, 1.09096429e+02, 3.52979798e+01, 6.84778485e+01, 8.81007827e-30
2.61116110e-02, 1.11946019e-02, 9.74552855e-01, 2.56193061e-02, 9.28319442e-01, 2.59516610e-02, 3.16982214e+00, 1.17990888e+02, 1.14988357e+02, 1.14988357e+02, 1.12062232e+02, 3.53592424e+01, 6.85012581e+01, 8.81610289e-30
2.68446481e-02, 1.15047439e-02, 9.73857148e-01, 2.63245403e-02, 9.27614208e-01, 2.66755684e-02, 3.16909823e+00, 1.21368822e+02, 1.18195895e+02, 1.18195895e+02, 1.15105917e+02, 3.54205357e+01, 6.85253506e+01, 8.82230537e-30
2.75982639e-02, 1.18233619e-02, 9.73142944e-01, 2.70487897e-02, 9.26889959e-01, 2.74195329e-02, 3.16835427e+00, 1.24845279e+02, 1.21492302e+02, 1.21492302e+02, 1.18229377e+02, 3.54818606e+01, 6.85501465e+01, 8.82869122e-30
2.83730362e-02, 1.21506810e-02, 9.72409782e-01, 2.77925445e-02, 9.26146204e-01, 2.81841022e-02, 3.16758970e+00, 1.28423232e+02, 1.24880007e+02, 1.24880007e+02, 1.21434540e+02, 3.55432180e+01, 6.85756670e+01, 8.83526611e-30
2.91695588e-02, 1.24869320e-02, 9.71657189e-01, 2.85563066e-02, 9.25382442e-01, 2.89698386e-02, 3.16680396e+00, 1.32105749e+02, 1.28361501e+02, 1.28361501e+02, 1.24723375e+02, 3.56046086e+01, 6.86019342e+01, 8.84203592e-30
2.99884423e-02, 1.28323514e-02, 9.70884681e-01, 2.93405892e-02, 9.24598159e-01, 2.97773195e-02, 3.16599648e+00, 1.35895996e+02, 1.31939341e+02, 1.31939341e+02, 1.28097885e+02, 3.56660333e+01, 6.86289707e+01, 8.84900671e-30
3.08303146e-02, 1.31871818e-02, 9.70091766e-01, 3.01459175e-02, 9.23792831e-01, 3.06071372e-02, 3.16516666e+00, 1.39797241e+02, 1.35616153e+02, 1.35616153e+02, 1.31560113e+02, 3.57274930e+01, 6.86568000e+01, 8.85618477e-30
3.16958209e-02, 1.35516713e-02, 9.69277940e-01, 3.09728283e-02, 9.22965920e-01, 3.14598997e-02, 3.16431390e+00, 1.43812857e+02, 1.39394630e+02, 1.39394630e+02, 1.35112140e+02, 3.57889886e+01, 6.86854461e+01, 8.86357657e-30
3.25856248e-02, 1.39260747e-02, 9.68442690e-01, 3.18218709e-02, 9.22116878e-01, 3.23362311e-02, 3.16343757e+00, 1.47946326e+02, 1.43277538e+02, 1.43277538e+02, 1.38756084e+02, 3.58505209e+01, 6.87149342e+01, 8.87118882e-30
3.35004083e-02, 1.43106525e-02, 9.67585491e-01, 3.26936069e-02, 9.21245142e-01, 3.32367717e-02, 3.16253703e+00, 1.52201242e+02, 1.47267713e+02, 1.47267713e+02, 1.42494103e+02, 3.59120910e+01, 6.87452898e+01, 8.87902847e-30
3.44408728e-02, 1.47056720e-02, 9.66705808e-01, 3.35886101e-02, 9.20350138e-01, 3.41621787e-02, 3.16161162e+00, 1.56581317e+02, 1.51368069e+02, 1.51368069e+02, 1.46328391e+02, 3.59736997e+01, 6.87765398e+01, 8.88710269e-30
3.54077391e-02, 1.51114068e-02, 9.65803096e-01, 3.45074673e-02, 9.19431281e-01, 3.51131263e-02, 3.16066067e+00, 1.61090383e+02, 1.55581591e+02, 1.55581591e+02, 1.50261182e+02, 3.60353481e+01, 6.88087115e+01, 8.89541889e-30
3.64017485e-02, 1.55281370e-02, 9.64876798e-01, 3.54507781e-02, 9.18487970e-01, 3.60903063e-02, 3.15968349e+00, 1.65732398e+02, 1.59911345e+02, 1.59911345e+02, 1.54294747e+02, 3.60970371e+01, 6.88418333e+01, 8.90398477e-30
3.74236629e-02, 1.59561497e-02, 9.63926345e-01, 3.64191551e-02, 9.17519593e-01, 3.70944285e-02, 3.15867937e+00, 1.70511448e+02, 1.64360477e+02, 1.64360477e+02, 1.58431394e+02, 3.61587677e+01, 6.88759346e+01, 8.91280827e-30
3.84742658e-02, 1.63957388e-02, 9.62951161e-01, 3.74132240e-02, 9.16525525e-01, 3.81262211e-02, 3.15764758e+00, 1.75431756e+02, 1.68932213e+02, 1.68932213e+02, 1.62673471e+02, 3.62205411e+01, 6.89110458e+01, 8.92189762e-30
3.95543624e-02, 1.68472053e-02, 9.61950655e-01, 3.84336239e-02, 9.15505125e-01, 3.91864312e-02, 3.15658737e+00, 1.80497681e+02, 1.73629863e+02, 1.73629863e+02, 1.67023360e+02, 3.62823581e+01, 6.89471981e+01, 8.93126134e-30
4.06647809e-02, 1.73108570e-02, 9.60924227e-01, 3.94810077e-02, 9.14457741e-01, 4.02758249e-02, 3.15549797e+00, 1.85713729e+02, 1.78456822e+02, 1.78456822e+02, 1.71483483e+02, 3.63442201e+01, 6.89844239e+01, 8.94090823e-30
4.18063724e-02, 1.77870096e-02, 9.59871264e-01, 4.05560415e-02, 9.13382707e-01, 4.13951882e-02, 3.15437861e+00, 1.91084553e+02, 1.83416572e+02, 1.83416572e+02, 1.76056296e+02, 3.64061279e+01, 6.90227567e+01, 8.95084743e-30
4.29800121e-02, 1.82759856e-02, 9.58791145e-01, 4.16594056e-02, 9.12279343e-01, 4.25453273e-02, 3.15322847e+00, 1.96614962e+02, 1.88512685e+02, 1.88512685e+02, 1.80744293e+02, 3.64680828e+01, 6.90622310e+01, 8.96108840e-30
4.41865996e-02, 1.87781154e-02, 9.57683234e-01, 4.27917940e-02, 9.11146954e-01, 4.37270687e-02, 3.15204673e+00, 2.02309925e+02, 1.93748824e+02, 1.93748824e+02, 1.85550000e+02, 3.65300859e+01, 6.91028827e+01, 8.97164092e-30
4.54270599e-02, 1.92937372e-02, 9.56546887e-01, 4.39539149e-02, 9.09984834e-01, 4.49412603e-02, 3.15083254e+00, 2.08174578e+02, 1.99128745e+02, 1.99128745e+02, 1.90475981e+02, 3.65921385e+01, 6.91447486e+01, 8.98251514e-30
4.67023439e-02, 1.98231967e-02, 9.55381447e-01, 4.51464904e-02, 9.08792258e-01, 4.61887712e-02, 3.14958503e+00, 2.14214229e+02, 2.04656300e+02, 2.04656300e+02, 1.95524832e+02, 3.66542416e+01, 6.91878671e+01, 8.99372158e-30
4.80134292e-02, 2.03668477e-02, 9.54186246e-01, 4.63702573e-02, 9.07568491e-01, 4.74704929e-02, 3.14830331e+00, 2.20434364e+02, 2.10335438e+02, 2.10335438e+02, 2.00699182e+02, 3.67163965e+01, 6.92322777e+01, 9.00527113e-30
4.93613210e-02, 2.09250522e-02, 9.52960606e-01, 4.76259664e-02, 9.06312782e-01, 4.87873389e-02, 3.14698646e+00, 2.26840655e+02, 2.16170208e+02, 2.16170208e+02, 2.06001692e+02, 3.67786045e+01, 6.92780212e+01, 9.01717508e-30
5.07470524e-02, 2.14981804e-02, 9.51703836e-01, 4.89143832e-02, 9.05024365e-01, 5.01402460e-02, 3.14563355e+00, 2.33438966e+02, 2.22164759e+02, 2.22164759e+02, 2.11435053e+02, 3.68408668e+01, 6.93251400e+01, 9.02944514e-30
5.21716858e-02, 2.20866106e-02, 9.50415235e-01, 5.02362875e-02, 9.03702461e-01, 5.15301743e-02, 3.14424362e+00, 2.40235360e+02, 2.28323347e+02, 2.28323347e+02, 2.17001987e+02, 3.69031847e+01, 6.93736778e+01, 9.04209346e-30
5.36363132e-02, 2.26907300e-02, 9.49094092e-01, 5.15924738e-02, 9.02346275e-01, 5.29581080e-02, 3.14281569e+00, 2.47236109e+02, 2.34650330e+02, 2.34650330e+02, 2.22705242e+02, 3.69655595e+01, 6.94236799e+01, 9.05513261e-30
5.51420574e-02, 2.33109341e-02, 9.47739684e-01, 5.29837511e-02, 9.00954997e-01, 5.44250554e-02, 3.14134874e+00, 2.54447696e+02, 2.41150179e+02, 2.41150179e+02, 2.28547595e+02, 3.70279926e+01, 6.94751933e+01, 9.06857567e-30
5.66900727e-02, 2.39476274e-02, 9.46351277e-01, 5.44109433e-02, 8.99527805e-01, 5.59320501e-02, 3.13984175e+00, 2.61876830e+02, 2.47827472e+02, 2.47827472e+02, 2.34531845e+02, 3.70904854e+01, 6.95282664e+01, 9.08243619e-30
5.82815458e-02, 2.46012230e-02, 9.44928128e-01, 5.58748884e-02, 8.98063860e-01, 5.74801508e-02, 3.13829365e+00, 2.69530447e+02, 2.54686901e+02, 2.54686901e+02, 2.40660816e+02, 3.71530392e+01, 6.95829494e+01, 9.09672822e-30
5.99176967e-02, 2.52721433e-02, 9.43469482e-01, 5.73764395e-02, 8.96562309e-01, 5.90704426e-02, 3.13670336e+00, 2.77415727e+02, 2.61733272e+02, 2.61733272e+02, 2.46937354e+02, 3.72156554e+01, 6.96392943e+01, 9.11146637e-30
6.15997796e-02, 2.59608197e-02, 9.41974574e-01, 5.89164641e-02, 8.95022284e-01, 6.07040365e-02, 3.13506976e+00, 2.85540095e+02, 2.68971509e+02, 2.68971509e+02, 2.53364323e+02, 3.72783355e+01, 6.96973549e+01, 9.12666578e-30
6.33290840e-02, 2.66676928e-02, 9.40442630e-01, 6.04958440e-02, 8.93442905e-01, 6.23820710e-02, 3.13339173e+00, 2.93911237e+02, 2.76406657e+02, 2.76406657e+02, 2.59944603e+02, 3.73410810e+01, 6.97571871e+01, 9.14234219e-30
6.51069356e-02, 2.73932126e-02, 9.38872865e-01, 6.21154758e-02, 8.91823273e-01, 6.41057117e-02, 3.13166809e+00, 3.02537106e+02, 2.84043879e+02, 2.84043879e+02, 2.66681091e+02, 3.74038932e+01, 6.98188484e+01, 9.15851195e-30
6.69346971e-02, 2.81378388e-02, 9.37264486e-01, 6.37762700e-02, 8.90162478e-01, 6.58761523e-02, 3.12989765e+00, 3.11425932e+02, 2.91888466e+02, 2.91888466e+02, 2.73576693e+02, 3.74667739e+01, 6.98823988e+01, 9.17519202e-30
6.88137699e-02, 2.89020403e-02, 9.35616689e-01, 6.54791517e-02, 8.88459597e-01, 6.76946150e-02, 3.12807918e+00, 3.20586236e+02, 2.99945833e+02, 2.99945833e+02, 2.80634327e+02, 3.75297244e+01, 6.99479002e+01, 9.19240006e-30
7.07455942e-02, 2.96862961e-02, 9.33928662e-01, 6.72250598e-02, 8.86713689e-01, 6.95623512e-02, 3.12621145e+00, 3.30026838e+02, 3.08221523e+02, 3.08221523e+02, 2.87856915e+02, 3.75927463e+01, 7.00154167e+01, 9.21015438e-30
7.27316511e-02, 3.04910947e-02, 9.32199585e-01, 6.90149469e-02, 8.84923802e-01, 7.14806415e-02, 3.12429316e+00, 3.39756869e+02, 3.16721212e+02, 3.16721212e+02, 2.95247383e+02, 3.76558412e+01, 7.00850150e+01, 9.22847404e-30
7.47734631e-02, 3.13169348e-02, 9.30428629e-01, 7.08497795e-02, 8.83088969e-01, 7.34507968e-02, 3.12232300e+00, 3.49785785e+02, 3.25450708e+02, 3.25450708e+02, 3.02808656e+02, 3.77190108e+01, 7.01567639e+01, 9.24737886e-30
7.68725952e-02, 3.21643250e-02, 9.28614958e-01, 7.27305372e-02, 8.81208211e-01, 7.54741583e-02, 3.12029964e+00, 3.60123376e+02, 3.34415954e+02, 3.34415954e+02, 3.10543657e+02, 3.77822566e+01, 7.02307351e+01, 9.26688944e-30
7.90306568e-02, 3.30337838e-02, 9.26757728e-01, 7.46582129e-02, 8.79280536e-01, 7.75520984e-02, 3.11822170e+00, 3.70779784e+02, 3.43623030e+02, 3.43623030e+02, 3.18455298e+02, 3.78455802e+01, 7.03070025e+01, 9.28702722e-30
8.12493021e-02, 3.39258402e-02, 9.24856088e-01, 7.66338121e-02, 8.77304936e-01, 7.96860209e-02, 3.11608778e+00, 3.81765510e+02, 3.53078156e+02, 3.53078156e+02, 3.26546483e+02, 3.79089835e+01, 7.03856430e+01, 9.30781449e-30
8.35302320e-02, 3.48410332e-02, 9.22909182e-01, 7.86583526e-02, 8.75280396e-01, 8.18773616e-02, 3.11389644e+00, 3.93091436e+02, 3.62787695e+02, 3.62787695e+02, 3.34820095e+02, 3.79724679e+01, 7.04667364e+01, 9.32927447e-30
8.58751948e-02, 3.57799125e-02, 9.20916146e-01, 8.07328644e-02, 8.73205884e-01, 8.41275887e-02, 3.11164621e+00, 4.04768832e+02, 3.72758153e+02, 3.72758153e+02, 3.43279002e+02, 3.80360353e+01, 7.05503653e+01, 9.35143130e-30
8.82859884e-02, 3.67430377e-02, 9.18876114e-01, 8.28583888e-02, 8.71080360e-01, 8.64382036e-02, 3.10933560e+00, 4.16809376e+02, 3.82996180e+02, 3.82996180e+02, 3.51926041e+02, 3.80996874e+01, 7.06366155e+01, 9.37431016e-30
9.07644607e-02, 3.77309793e-02, 9.16788212e-01, 8.50359782e-02, 8.68902770e-01, 8.88107406e-02, 3.10696306e+00, 4.29225169e+02, 3.93508576e+02, 3.93508576e+02, 3.60764023e+02, 3.81634259e+01, 7.07255760e+01, 9.39793723e-30
9.33125118e-02, 3.87443182e-02, 9.14651565e-01, 8.72666956e-02, 8.66672053e-01, 9.12467681e-02, 3.10452703e+00, 4.42028752e+02, 4.04302289e+02, 4.04302289e+02, 3.69795722e+02, 3.82272526e+01, 7.08173390e+01, 9.42233980e-30
9.59320948e-02, 3.97836456e-02, 9.12465293e-01, 8.95516138e-02, 8.64387135e-01, 9.37478887e-02, 3.10202591e+00, 4.55233120e+02, 4.15384422e+02, 4.15384422e+02, 3.79023868e+02, 3.82911693e+01, 7.09120006e+01, 9.44754631e-30
9.86252179e-02, 4.08495636e-02, 9.10228514e-01, 9.18918149e-02, 8.62046934e-01, 9.63157394e-02, 3.09945806e+00, 4.68851744e+02, 4.26762227e+02, 4.26762227e+02, 3.88451147e+02, 3.83551777e+01, 7.10096600e+01, 9.47358641e-30
1.01393946e-01, 4.19426849e-02, 9.07940346e-01, 9.42883895e-02, 8.59650359e-01, 9.89519922e-02, 3.09682181e+00, 4.82898589e+02, 4.38443112e+02, 4.38443112e+02, 3.98080191e+02, 3.84192797e+01, 7.11104207e+01, 9.50049099e-30
1.04240401e-01, 4.30636326e-02, 9.05599903e-01, 9.67424362e-02, 8.57196312e-01, 1.01658355e-01, 3.09411544e+00, 4.97388132e+02, 4.50434644e+02, 4.50434644e+02, 4.07913570e+02, 3.84834771e+01, 7.12143899e+01, 9.52829227e-30
1.07166765e-01, 4.42130406e-02, 9.03206303e-01, 9.92550604e-02, 8.54683688e-01, 1.04436570e-01, 3.09133723e+00, 5.12335381e+02, 4.62744546e+02, 4.62744546e+02, 4.17953790e+02, 3.85477717e+01, 7.13216790e+01, 9.55702387e-30
1.10175281e-01, 4.53915533e-02, 9.00758661e-01, 1.01827374e-01, 8.52111375e-01, 1.07288416e-01, 3.08848538e+00, 5.27755901e+02, 4.75380698e+02, 4.75380698e+02, 4.28203281e+02, 3.86121655e+01, 7.14324036e+01, 9.58672086e-30
1.13268257e-01, 4.65998259e-02, 8.98256098e-01, 1.04460493e-01, 8.49478255e-01, 1.10215710e-01, 3.08555809e+00, 5.43665829e+02, 4.88351146e+02, 4.88351146e+02, 4.38664395e+02, 3.86766602e+01, 7.15466840e+01, 9.61741982e-30
1.16448062e-01, 4.78385241e-02, 8.95697735e-01, 1.07155540e-01, 8.46783208e-01, 1.13220301e-01, 3.08255350e+00, 5.60081903e+02, 5.01664092e+02, 5.01664092e+02, 4.49339391e+02, 3.87412577e+01, 7.16646450e+01, 9.64915897e-30
1.19717134e-01, 4.91083240e-02, 8.93082699e-01, 1.09913638e-01, 8.44025110e-01, 1.16304080e-01, 3.07946972e+00, 5.77021483e+02, 5.15327903e+02, 5.15327903e+02, 4.60230434e+02, 3.88059599e+01, 7.17864164e+01, 9.68197821e-30
1.23077980e-01, 5.04099123e-02, 8.90410121e-01, 1.12735914e-01, 8.41202834e-01, 1.19468969e-01, 3.07630483e+00, 5.94502573e+02, 5.29351108e+02, 5.29351108e+02, 4.71339584e+02, 3.88707687e+01, 7.19121330e+01, 9.71591921e-30
1.26533176e-01, 5.17439860e-02, 8.87679139e-01, 1.15623496e-01, 8.38315253e-01, 1.22716933e-01, 3.07305687e+00, 6.12543854e+02, 5.43742401e+02, 5.43742401e+02, 4.82668786e+02, 3.89356859e+01, 7.20419350e+01, 9.75102550e-30
1.30085370e-01, 5.31112527e-02, 8.84888900e-01, 1.18577508e-01, 8.35361240e-01, 1.26049968e-01, 3.06972383e+00, 6.31164701e+02, 5.58510638e+02, 5.58510638e+02, 4.94219864e+02, 3.90007135e+01, 7.21759681e+01, 9.78734258e-30
1.33737286e-01, 5.45124297e-02, 8.82038557e-01, 1.21599077e-01, 8.32339671e-01, 1.29470112e-01, 3.06630369e+00, 6.50385217e+02, 5.73664838e+02, 5.73664838e+02, 5.05994507e+02, 3.90658533e+01, 7.23143840e+01, 9.82491803e-30
1.37491723e-01, 5.59482450e-02, 8.79127276e-01, 1.24689324e-01, 8.29249424e-01, 1.32979436e-01, 3.06279436e+00, 6.70226261e+02, 5.89214188e+02, 5.89214188e+02, 5.17994264e+02, 3.91311072e+01, 7.24573400e+01, 9.86380158e-30
1.41351558e-01, 5.74194362e-02, 8.76154234e-01, 1.27849366e-01, 8.26089382e-01, 1.36580051e-01, 3.05919375e+00, 6.90709477e+02, 6.05168032e+02, 6.05168032e+02, 5.30220534e+02, 3.91964771e+01, 7.26050002e+01, 9.90404526e-30
1.45319752e-01, 5.89267507e-02, 8.73118619e-01, 1.31080314e-01, 8.22858435e-01, 1.40274102e-01, 3.05549970e+00, 7.11857323e+02, 6.21535882e+02, 6.21535882e+02, 5.42674551e+02, 3.92619648e+01, 7.27575350e+01, 9.94570351e-30
1.49399346e-01, 6.04709458e-02, 8.70019635e-01, 1.34383268e-01, 8.19555480e-01, 1.44063772e-01, 3.05171003e+00, 7.33693105e+02, 6.38327407e+02, 6.38327407e+02, 5.55357378e+02, 3.93275722e+01, 7.29151218e+01, 9.98883329e-30
1.53593468e-01, 6.20527881e-02, 8.66856504e-01, 1.37759324e-01, 8.16179425e-01, 1.47951281e-01, 3.04782252e+00, 7.56241012e+02, 6.55552440e+02, 6.55552440e+02, 5.68269896e+02, 3.93933011e+01, 7.30779451e+01, 1.00334943e-29
1.57905331e-01, 6.36730536e-02, 8.63628462e-01, 1.41209559e-01, 8.12729189e-01, 1.51938881e-01, 3.04383492e+00, 7.79526148e+02, 6.73220968e+02, 6.73220968e+02, 5.81412788e+02, 3.94591534e+01, 7.32461968e+01, 1.00797489e-29
1.62338243e-01, 6.53325272e-02, 8.60334766e-01, 1.44735043e-01, 8.09203705e-01, 1.56028864e-01, 3.03974494e+00, 8.03574567e+02, 6.91343137e+02, 6.91343137e+02, 5.94786535e+02, 3.95251309e+01, 7.34200770e+01, 1.01276626e-29
1.66895601e-01, 6.70320026e-02, 8.56974693e-01, 1.48336827e-01, 8.05601922e-01, 1.60223553e-01, 3.03555025e+00, 8.28413314e+02, 7.09929246e+02, 7.09929246e+02, 6.08391398e+02, 3.95912354e+01, 7.35997935e+01, 1.01773040e-29
1.71580899e-01, 6.87722823e-02, 8.53547545e-01, 1.52015943e-01, 8.01922806e-01, 1.64525307e-01, 3.03124849e+00, 8.54070461e+02, 7.28989745e+02, 7.28989745e+02, 6.22227407e+02, 3.96574685e+01, 7.37855631e+01, 1.02287449e-29
1.76397728e-01, 7.05541769e-02, 8.50052645e-01, 1.55773405e-01, 7.98165343e-01, 1.68936517e-01, 3.02683728e+00, 8.80575145e+02, 7.48535232e+02, 7.48535232e+02, 6.36294354e+02, 3.97238321e+01, 7.39776111e+01, 1.02820606e-29
1.81349780e-01, 7.23785049e-02, 8.46489343e-01, 1.59610204e-01, 7.94328544e-01, 1.73459608e-01, 3.02231419e+00, 9.07957616e+02, 7.68576446e+02, 7.68576446e+02, 6.50591771e+02, 3.97903279e+01, 7.41761723e+01, 1.03373303e-29
1.86440853e-01, 7.42460926e-02, 8.42857018e-01, 1.63527307e-01, 7.90411442e-01, 1.78097036e-01, 3.01767676e+00, 9.36249272e+02, 7.89124270e+02, 7.89124270e+02, 6.65118929e+02, 3.98569575e+01, 7.43814913e+01, 1.03946367e-29
1.91674849e-01, 7.61577735e-02, 8.39155077e-01, 1.67525650e-01, 7.86413098e-01, 1.82851285e-01, 3.01292251e+00, 9.65482708e+02, 8.10189716e+02, 8.10189716e+02, 6.79874814e+02, 3.99237225e+01, 7.45938227e+01, 1.04540670e-29
1.97055780e-01, 7.81143880e-02, 8.35382959e-01, 1.71606144e-01, 7.82332604e-01, 1.87724872e-01, 3.00804893e+00, 9.95691761e+02, 8.31783930e+02, 8.31783930e+02, 6.94858121e+02, 3.99906246e+01, 7.48134317e+01, 1.05157126e-29
2.02587771e-01, 8.01167833e-02, 8.31540137e-01, 1.75769663e-01, 7.78169085e-01, 1.92720338e-01, 3.00305346e+00, 1.02691156e+03, 8.53918177e+02, 8.53918177e+02, 7.10067238e+02, 4.00576652e+01, 7.50405947e+01, 1.05796692e-29
2.08275063e-01, 8.21658124e-02, 8.27626118e-01, 1.80017048e-01, 7.73921700e-01, 1.97840254e-01, 2.99793355e+00, 1.05917856e+03, 8.76603842e+02, 8.76603842e+02, 7.25500235e+02, 4.01248459e+01, 7.52755995e+01, 1.06460377e-29
2.14122015e-01, 8.42623342e-02, 8.23640447e-01, 1.84349101e-01, 7.69589648e-01, 2.03087212e-01, 2.99268659e+00, 1.09253063e+03, 8.99852416e+02, 8.99852416e+02, 7.41154847e+02, 4.01921681e+01, 7.55187461e+01, 1.07149240e-29
2.20133111e-01, 8.64072127e-02, 8.19582709e-01, 1.88766580e-01, 7.65172168e-01, 2.08463830e-01, 2.98730997e+00, 1.12700705e+03, 9.23675495e+02, 9.23675495e+02, 7.57028464e+02, 4.02596332e+01, 7.57703471e+01, 1.07864394e-29
2.26312957e-01, 8.86013169e-02, 8.15452527e-01, 1.93270203e-01, 7.60668546e-01, 2.13972745e-01, 2.98180105e+00, 1.16264863e+03, 9.48084763e+02, 9.48084763e+02, 7.73118116e+02, 4.03272424e+01, 7.60307281e+01, 1.08607009e-29
2.32666291e-01, 9.08455198e-02, 8.11249571e-01, 1.97860635e-01, 7.56078113e-01, 2.19616613e-01, 2.97615719e+00, 1.19949770e+03, 9.73091992e+02, 9.73091992e+02, 7.89420461e+02, 4.03949971e+01, 7.63002286e+01, 1.09378316e-29
2.39197984e-01, 9.31406982e-02, 8.06973553e-01, 2.02538495e-01, 7.51400254e-01, 2.25398107e-01, 2.97037569e+00, 1.23759821e+03, 9.98709023e+02, 9.98709023e+02, 8.05931768e+02, 4.04628984e+01, 7.65792024e+01, 1.10179610e-29
2.45913043e-01, 9.54877322e-02, 8.02624233e-01, 2.07304343e-01, 7.46634405e-01, 2.31319914e-01, 2.96445389e+00, 1.27699578e+03, 1.02494776e+03, 1.02494776e+03, 8.22647910e+02, 4.05309473e+01, 7.68680182e+01, 1.11012255e-29
2.52816614e-01, 9.78875042e-02, 7.98201419e-01, 2.12158685e-01, 7.41780064e-01, 2.37384731e-01, 2.95838907e+00, 1.31773777e+03, 1.05182016e+03, 1.05182016e+03, 8.39564346e+02, 4.05991450e+01, 7.71670605e+01, 1.11877684e-29
2.59913992e-01, 1.00340899e-01, 7.93704972e-01, 2.17101963e-01, 7.36836785e-01, 2.43595267e-01, 2.95217853e+00, 1.35987332e+03, 1.07933822e+03, 1.07933822e+03, 8.56676110e+02, 4.06674923e+01, 7.74767300e+01, 1.12777410e-29
2.67210616e-01, 1.02848802e-01, 7.89134803e-01, 2.22134557e-01, 7.31804192e-01, 2.49954232e-01, 2.94581957e+00, 1.40345343e+03, 1.10751395e+03, 1.10751395e+03, 8.73977800e+02, 4.07359900e+01, 7.77974443e+01, 1.13713026e-29
2.74712079e-01, 1.05412101e-01, 7.84490880e-01, 2.27256775e-01, 7.26681973e-01, 2.56464341e-01, 2.93930946e+00, 1.44853102e+03, 1.13635937e+03, 1.13635937e+03, 8.91463563e+02, 4.08046390e+01, 7.81296391e+01, 1.14686207e-29
2.82424133e-01, 1.08031682e-01, 7.79773224e-01, 2.32468856e-01, 7.21469892e-01, 2.63128306e-01, 2.93264549e+00, 1.49516100e+03, 1.16588652e+03, 1.16588652e+03, 9.09127088e+02, 4.08734398e+01, 7.84737684e+01, 1.15698724e-29
2.90352688e-01, 1.10708431e-01, 7.74981917e-01, 2.37770962e-01, 7.16167786e-01, 2.69948836e-01, 2.92582496e+00, 1.54340037e+03, 1.19610738e+03, 1.19610738e+03, 9.26961589e+02, 4.09423930e+01, 7.88303055e+01, 1.16752442e-29
2.98503825e-01, 1.13443233e-01, 7.70117100e-01, 2.43163176e-01, 7.10775573e-01, 2.76928630e-01, 2.91884517e+00, 1.59330823e+03, 1.22703392e+03, 1.22703392e+03, 9.44959801e+02, 4.10114990e+01, 7.91997442e+01, 1.17849328e-29
3.06883789e-01, 1.16236971e-01, 7.65178976e-01, 2.48645497e-01, 7.05293251e-01, 2.84070373e-01, 2.91170343e+00, 1.64494591e+03, 1.25867803e+03, 1.25867803e+03, 9.63113965e+02, 4.10807581e+01, 7.95825989e+01, 1.18991459e-29
3.15499006e-01, 1.19090524e-01, 7.60167811e-01, 2.54217839e-01, 6.99720909e-01, 2.91376734e-01, 2.90439707e+00, 1.69837702e+03, 1.29105154e+03, 1.29105154e+03, 9.81415823e+02, 4.11501705e+01, 7.99794063e+01, 1.20181026e-29
3.24356081e-01, 1.22004770e-01, 7.55083934e-01, 2.59880024e-01, 6.94058724e-01, 2.98850358e-01, 2.89692344e+00, 1.75366753e+03, 1.32416618e+03, 1.32416618e+03, 9.99856606e+02, 4.12197363e+01, 8.03907259e+01, 1.21420343e-29
3.33461802e-01, 1.24980579e-01, 7.49927744e-01, 2.65631781e-01, 6.88306968e-01, 3.06493866e-01, 2.88927993e+00, 1.81088585e+03, 1.35803354e+03, 1.35803354e+03, 1.01842703e+03, 4.12894554e+01, 8.08171410e+01, 1.22711855e-29
3.42823149e-01, 1.28018820e-01, 7.44699703e-01, 2.71472740e-01, 6.82466009e-01, 3.14309845e-01, 2.88146395e+00, 1.87010294e+03, 1.39266510e+03, 1.39266510e+03, 1.03711729e+03, 4.13593276e+01, 8.12592598e+01, 1.24058144e-29
3.52447300e-01, 1.31120351e-01, 7.39400345e-01, 2.77402430e-01, 6.76536318e-01, 3.22300843e-01, 2.87347296e+00, 1.93139233e+03, 1.42807216e+03, 1.42807216e+03, 1.05591704e+03, 4.14293525e+01, 8.17177164e+01, 1.25461940e-29
3.62341632e-01, 1.34286029e-01, 7.34030273e-01, 2.83420277e-01, 6.70518472e-01, 3.30469370e-01, 2.86530443e+00, 1.99483027e+03, 1.46426581e+03, 1.46426581e+03, 1.07481543e+03, 4.14995298e+01, 8.21931720e+01, 1.26926129e-29
3.72513730e-01, 1.37516698e-01, 7.28590161e-01, 2.89525595e-01, 6.64413153e-01, 3.38817883e-01, 2.85695592e+00, 2.06049579e+03, 1.50125696e+03, 1.50125696e+03, 1.09380105e+03, 4.15698587e+01, 8.26863158e+01, 1.28453765e-29
3.82971391e-01, 1.40813196e-01, 7.23080757e-01, 2.95717592e-01, 6.58221157e-01, 3.47348785e-01, 2.84842501e+00, 2.12847077e+03, 1.53905625e+03, 1.53905625e+03, 1.11286196e+03, 4.16403384e+01, 8.31978663e+01, 1.30048076e-29
3.93722633e-01, 1.44176353e-01, 7.17502878e-01, 3.01995355e-01, 6.51943393e-01, 3.56064420e-01, 2.83970938e+00, 2.19884006e+03, 1.57767407e+03, 1.57767407e+03, 1.13198569e+03, 4.17109682e+01, 8.37285725e+01, 1.31712480e-29
4.04775697e-01, 1.47606985e-01, 7.11857418e-01, 3.08357859e-01, 6.45580889e-01, 3.64967064e-01, 2.83080674e+00, 2.27169158e+03, 1.61712050e+03, 1.61712050e+03, 1.15115923e+03, 4.17817468e+01, 8.42792153e+01, 1.33450597e-29
4.16139055e-01, 1.51105900e-01, 7.06145344e-01, 3.14803956e-01, 6.39134793e-01, 3.74058918e-01, 2.82171488e+00, 2.34711637e+03, 1.65740530e+03, 1.65740530e+03, 1.17036903e+03, 4.18526731e+01, 8.48506085e+01, 1.35266258e-29
4.27821420e-01, 1.54673893e-01, 7.00367697e-01, 3.21332374e-01, 6.32606374e-01, 3.83342103e-01, 2.81243170e+00, 2.42520873e+03, 1.69853786e+03, 1.69853786e+03, 1.18960105e+03, 4.19237456e+01, 8.54436003e+01, 1.37163524e-29
4.39831747e-01, 1.58311745e-01, 6.94525595e-01, 3.27941718e-01, 6.25997031e-01, 3.92818653e-01, 2.80295515e+00, 2.50606630e+03, 1.74052719e+03, 1.74052719e+03, 1.20884068e+03, 4.19949628e+01, 8.60590746e+01, 1.39146696e-29
4.52179242e-01, 1.62020224e-01, 6.88620228e-01, 3.34630464e-01, 6.19308285e-01, 4.02490506e-01, 2.79328329e+00, 2.58979015e+03, 1.78338188e+03, 1.78338188e+03, 1.22807284e+03, 4.20663229e+01, 8.66979527e+01, 1.41220335e-29
4.64873371e-01, 1.65800084e-01, 6.82652863e-01, 3.41396958e-01, 6.12541791e-01, 4.12359500e-01, 2.78341430e+00, 2.67648490e+03, 1.82711008e+03, 1.82711008e+03, 1.24728193e+03, 4.21378240e+01, 8.73611944e+01, 1.43389279e-29
4.77923865e-01, 1.69652062e-01, 6.76624841e-01, 3.48239417e-01, 6.05699332e-01, 4.22427360e-01, 2.77334644e+00, 2.76625881e+03, 1.87171943e+03, 1.87171943e+03, 1.26645186e+03, 4.22094641e+01, 8.80497997e+01, 1.45658656e-29
4.91340729e-01, 1.73576879e-01, 6.70537578e-01, 3.55155924e-01, 5.98782824e-01, 4.32695698e-01, 2.76307810e+00, 2.85922390e+03, 1.91721707e+03, 1.91721707e+03, 1.28556609e+03, 4.22812408e+01, 8.87648104e+01, 1.48033911e-29
5.05134247e-01, 1.77575238e-01, 6.64392563e-01, 3.62144430e-01, 5.91794318e-01, 4.43165998e-01, 2.75260780e+00, 2.95549602e+03, 1.96360958e+03, 1.96360958e+03, 1.30460760e+03, 4.23531519e+01, 8.95073117e+01, 1.50520822e-29
5.19314994e-01, 1.81647824e-01, 6.58191359e-01, 3.69202752e-01, 5.84735997e-01, 4.53839617e-01, 2.74193418e+00, 3.05519502e+03, 2.01090296e+03, 2.01090296e+03, 1.32355895e+03, 4.24251947e+01, 9.02784341e+01, 1.53125524e-29
5.33893840e-01, 1.85795303e-01, 6.51935600e-01, 3.76328572e-01, 5.77610176e-01, 4.64717766e-01, 2.73105603e+00, 3.15844478e+03, 2.05910259e+03, 2.05910259e+03, 1.34240228e+03, 4.24973664e+01, 9.10793545e+01, 1.55854534e-29
5.48881961e-01, 1.90018322e-01, 6.45626991e-01, 3.83519441e-01, 5.70419307e-01, 4.75801515e-01, 2.71997228e+00, 3.26537341e+03, 2.10821321e+03, 2.10821321e+03, 1.36111935e+03, 4.25696643e+01, 9.19112988e+01, 1.58714776e-29
5.64290847e-01, 1.94317504e-01, 6.39267309e-01, 3.90772775e-01, 5.63165974e-01, 4.87091776e-01, 2.70868202e+00, 3.37611329e+03, 2.15823886e+03, 2.15823886e+03, 1.37969154e+03, 4.26420851e+01, 9.27755430e+01, 1.61713607e-29
5.80132310e-01, 1.98693454e-01, 6.32858396e-01, 3.98085858e-01, 5.55852890e-01, 4.98589301e-01, 2.69718450e+00, 3.49080121e+03, 2.20918286e+03, 2.20918286e+03, 1.39809992e+03, 4.27146256e+01, 9.36734160e+01, 1.64858851e-29
5.96418495e-01, 2.03146750e-01, 6.26402164e-01, 4.05455847e-01, 5.48482901e-01, 5.10294671e-01, 2.68547913e+00, 3.60957852e+03, 2.26104779e+03, 2.26104779e+03, 1.41632523e+03, 4.27872825e+01, 9.46063004e+01, 1.68158829e-29
6.13161884e-01, 2.07677952e-01, 6.19900588e-01, 4.12879768e-01, 5.41058980e-01, 5.22208293e-01, 2.67356551e+00, 3.73259119e+03, 2.31383547e+03, 2.31383547e+03, 1.43434797e+03, 4.28600521e+01, 9.55756358e+01, 1.71622390e-29
6.30375315e-01, 2.12287591e-01, 6.13355704e-01, 4.20354523e-01, 5.33584225e-01, 5.34330390e-01, 2.66144341e+00, 3.85998997e+03, 2.36754687e+03, 2.36754687e+03, 1.45214838e+03, 4.29329309e+01, 9.65829197e+01, 1.75258953e-29
6.48071983e-01, 2.16976176e-01, 6.06769614e-01, 4.27876893e-01, 5.26061856e-01, 5.46660997e-01, 2.64911280e+00, 3.99193053e+03, 2.42218214e+03, 2.42218214e+03, 1.46970652e+03, 4.30059149e+01, 9.76297108e+01, 1.79078546e-29
6.66265452e-01, 2.21744190e-01, 6.00144472e-01, 4.35443538e-01, 5.18495211e-01, 5.59199951e-01, 2.63657385e+00, 4.12857353e+03, 2.47774058e+03, 2.47774058e+03, 1.48700231e+03, 4.30790001e+01, 9.87176302e+01, 1.83091843e-29
6.84969672e-01, 2.26592088e-01, 5.93482492e-01, 4.43051005e-01, 5.10887743e-01, 5.71946890e-01, 2.62382691e+00, 4.27008480e+03, 2.53422057e+03, 2.53422057e+03, 1.50401554e+03, 4.31521825e+01, 9.98483645e+01, 1.87310216e-29
7.04198979e-01, 2.31520301e-01, 5.86785940e-01, 4.50695733e-01, 5.03243015e-01, 5.84901244e-01, 2.61087256e+00, 4.41663546e+03, 2.59161959e+03, 2.59161959e+03, 1.52072594e+03, 4.32254578e+01, 1.01023668e+02, 1.91745782e-29
7.23968114e-01, 2.36529229e-01, 5.80057132e-01, 4.58374055e-01, 4.95564693e-01, 5.98062231e-01, 2.59771157e+00, 4.56840202e+03, 2.64993418e+03, 2.64993418e+03, 1.53711322e+03, 4.32988216e+01, 1.02245364e+02, 1.96411453e-29
7.44292233e-01, 2.41619247e-01, 5.73298431e-01, 4.66082207e-01, 4.87856542e-01, 6.11428855e-01, 2.58434494e+00, 4.72556659e+03, 2.70915991e+03, 2.70915991e+03, 1.55315712e+03, 4.33722694e+01, 1.03515351e+02, 2.01320997e-29
7.65186915e-01, 2.46790700e-01, 5.66512244e-01, 4.73816331e-01, 4.80122418e-01, 6.24999898e-01, 2.57077390e+00, 4.88831693e+03, 2.76929139e+03, 2.76929139e+03, 1.56883748e+03, 4.34457968e+01, 1.04835600e+02, 2.06489097e-29
7.86668179e-01, 2.52043903e-01, 5.59701019e-01, 4.81572485e-01, 4.72366264e-01, 6.38773917e-01, 2.55699988e+00, 5.05684668e+03, 2.83032224e+03, 2.83032224e+03, 1.58413424e+03, 4.35193989e+01, 1.06208161e+02, 2.11931414e-29
8.08752491e-01, 2.57379142e-01, 5.52867241e-01, 4.89346649e-01, 4.64592099e-01, 6.52749245e-01, 2.54302455e+00, 5.23135546e+03, 2.89224506e+03, 2.89224506e+03, 1.59902755e+03, 4.35930712e+01, 1.07635166e+02, 2.17664662e-29
8.31456781e-01, 2.62796674e-01, 5.46013431e-01, 4.97134733e-01, 4.56804015e-01, 6.66923987e-01, 2.52884981e+00, 5.41204902e+03, 2.95505146e+03, 2.95505146e+03, 1.61349778e+03, 4.36668086e+01, 1.09118830e+02, 2.23706681e-29
8.54798453e-01, 2.68296725e-01, 5.39142136e-01, 5.04932584e-01, 4.49006164e-01, 6.81296017e-01, 2.51447778e+00, 5.59913945e+03, 3.01873201e+03, 3.01873201e+03, 1.62752562e+03, 4.37406064e+01, 1.10661454e+02, 2.30076517e-29
8.78795401e-01, 2.73879488e-01, 5.32255933e-01, 5.12735996e-01, 4.41202752e-01, 6.95862978e-01, 2.49991082e+00, 5.79284528e+03, 3.08327627e+03, 3.08327627e+03, 1.64109209e+03, 4.38144596e+01, 1.12265430e+02, 2.36794516e-29
9.03466021e-01, 2.79545129e-01, 5.25357421e-01, 5.20540719e-01, 4.33398029e-01, 7.10622284e-01, 2.48515152e+00, 5.99339167e+03, 3.14867279e+03, 3.14867279e+03, 1.65417862e+03, 4.38883633e+01, 1.13933244e+02, 2.43882410e-29
9.28829225e-01, 2.85293778e-01, 5.18449216e-01, 5.28342468e-01, 4.25596281e-01, 7.25571118e-01, 2.47020268e+00, 6.20101061e+03, 3.21490909e+03, 3.21490909e+03, 1.66676710e+03, 4.39623124e+01, 1.15667478e+02, 2.51363426e-29
9.54904456e-01, 2.91125536e-01, 5.11533951e-01, 5.36136931e-01, 4.17801818e-01, 7.40706437e-01, 2.45506736e+00, 6.41594105e+03, 3.28197167e+03, 3.28197167e+03, 1.67883994e+03, 4.40363018e+01, 1.17470816e+02, 2.59262391e-29
9.81711702e-01, 2.97040474e-01, 5.04614268e-01, 5.43919780e-01, 4.10018968e-01, 7.56024971e-01, 2.43974883e+00, 6.63842913e+03, 3.34984606e+03, 3.34984606e+03, 1.69038012e+03, 4.41103266e+01, 1.19346043e+02, 2.67605850e-29
1.00927151e+00, 3.03038627e-01, 4.97692817e-01, 5.51686684e-01, 4.02252064e-01, 7.71523227e-01, 2.42425057e+00, 6.86872837e+03, 3.41851677e+03, 3.41851677e+03, 1.70137124e+03, 4.41843817e+01, 1.21296056e+02, 2.76422198e-29
1.03760502e+00, 3.09120002e-01, 4.90772250e-01, 5.59433315e-01, 3.94505434e-01, 7.87197496e-01, 2.40857630e+00, 7.10709982e+03, 3.48796737e+03, 3.48796737e+03, 1.71179759e+03, 4.42584621e+01, 1.23323863e+02, 2.85741810e-29
1.06673394e+00, 3.15284571e-01, 4.83855218e-01, 5.67155357e-01, 3.86783391e-01, 8.03043852e-01, 2.39272995e+00, 7.35381233e+03, 3.55818047e+03, 3.55818047e+03, 1.72164419e+03, 4.43325627e+01, 1.25432586e+02, 2.95597193e-29
1.09668060e+00, 3.21532276e-01, 4.76944367e-01, 5.74848524e-01, 3.79090225e-01, 8.19058164e-01, 2.37671564e+00, 7.60914271e+03, 3.62913775e+03, 3.62913775e+03, 1.73089681e+03, 4.44066786e+01, 1.27625472e+02, 3.06023144e-29
1.12746796e+00, 3.27863028e-01, 4.70042332e-01, 5.82508560e-01, 3.71430188e-01, 8.35236096e-01, 2.36053770e+00, 7.87337600e+03, 3.70082002e+03, 3.70082002e+03, 1.73954207e+03, 4.44808050e+01, 1.29905890e+02, 3.17056920e-29
1.15911962e+00, 3.34276704e-01, 4.63151736e-01, 5.90131260e-01, 3.63807489e-01, 8.51573119e-01, 2.34420068e+00, 8.14680567e+03, 3.77320719e+03, 3.77320719e+03, 1.74756746e+03, 4.45549368e+01, 1.32277342e+02, 3.28738425e-29
1.19165984e+00, 3.40773150e-01, 4.56275185e-01, 5.97712469e-01, 3.56226280e-01, 8.68064516e-01, 2.32770928e+00, 8.42973386e+03, 3.84627838e+03, 3.84627838e+03, 1.75496138e+03, 4.46290693e+01, 1.34743464e+02, 3.41110406e-29
1.22511358e+00, 3.47352184e-01, 4.49415262e-01, 6.05248100e-01, 3.48690648e-01, 8.84705390e-01, 2.31106841e+00, 8.72247165e+03, 3.92001188e+03, 3.92001188e+03, 1.76171316e+03, 4.47031978e+01, 1.37308034e+02, 3.54218673e-29
1.25950646e+00, 3.54013588e-01, 4.42574525e-01, 6.12734142e-01, 3.41204606e-01, 9.01490676e-01, 2.29428312e+00, 9.02533928e+03, 3.99438524e+03, 3.99438524e+03, 1.76781315e+03, 4.47773177e+01, 1.39974976e+02, 3.68112323e-29
1.29486487e+00, 3.60757118e-01, 4.35755505e-01, 6.20166667e-01, 3.33772081e-01, 9.18415146e-01, 2.27735865e+00, 9.33866646e+03, 4.06937532e+03, 4.06937532e+03, 1.77325270e+03, 4.48514243e+01, 1.42748366e+02, 3.82843999e-29
1.33121590e+00, 3.67582497e-01, 4.28960698e-01, 6.27541841e-01, 3.26396908e-01, 9.35473422e-01, 2.26030038e+00, 9.66279263e+03, 4.14495827e+03, 4.14495827e+03, 1.77802419e+03, 4.49255133e+01, 1.45632438e+02, 3.98470152e-29
1.36858742e+00, 3.74489419e-01, 4.22192565e-01, 6.34855930e-01, 3.19082818e-01, 9.52659986e-01, 2.24311381e+00, 9.99806724e+03, 4.22110965e+03, 4.22110965e+03, 1.78212111e+03, 4.49995803e+01, 1.48631593e+02, 4.15051338e-29
1.40700809e+00, 3.81477549e-01, 4.15453528e-01, 6.42105313e-01, 3.11833435e-01, 9.69969192e-01, 2.22580461e+00, 1.03448500e+04, 4.29780444e+03, 4.29780444e+03, 1.78553801e+03, 4.50736210e+01, 1.51750400e+02, 4.32652528e-29
1.44650734e+00, 3.88546523e-01, 4.08745964e-01, 6.49286486e-01, 3.04652263e-01, 9.87395272e-01, 2.20837853e+00, 1.07035114e+04, 4.37501708e+03, 4.37501708e+03, 1.78827057e+03, 4.51476314e+01, 1.54993610e+02, 4.51343449e-29
1.48711546e+00, 3.95695948e-01, 4.02072206e-01, 6.56396067e-01, 2.97542682e-01, 1.00493235e+00, 2.19084145e+00, 1.10744326e+04, 4.45272156e+03, 4.45272156e+03, 1.79031558e+03, 4.52216074e+01, 1.58366158e+02, 4.71198950e-29
1.52886359e+00, 4.02925403e-01, 3.95434536e-01, 6.63430809e-01, 2.90507939e-01, 1.02257447e+00, 2.17319933e+00, 1.14580064e+04, 4.53089143e+03, 4.53089143e+03, 1.79167095e+03, 4.52955453e+01, 1.61873172e+02, 4.92299400e-29
1.57178372e+00, 4.10234442e-01, 3.88835186e-01, 6.70387603e-01, 2.83551146e-01, 1.04031557e+00, 2.15545823e+00, 1.18546368e+04, 4.60949989e+03, 4.60949989e+03, 1.79233575e+03, 4.53694413e+01, 1.65519982e+02, 5.14731110e-29
1.61590875e+00, 4.17622591e-01, 3.82276331e-01, 6.77263479e-01, 2.76675270e-01, 1.05814954e+00, 2.13762426e+00, 1.22647400e+04, 4.68851981e+03, 4.68851981e+03, 1.79231015e+03, 4.54432917e+01, 1.69312130e+02, 5.38586797e-29
1.66127252e+00, 4.25089350e-01, 3.75760089e-01, 6.84055619e-01, 2.69883130e-01, 1.07607018e+00, 2.11970362e+00, 1.26887446e+04, 4.76792380e+03, 4.76792380e+03, 1.79159547e+03, 4.55170933e+01, 1.73255375e+02, 5.63966084e-29
1.70790980e+00, 4.32634194e-01, 3.69288519e-01, 6.90761354e-01, 2.63177394e-01, 1.09407128e+00, 2.10170252e+00, 1.31270917e+04, 4.84768426e+03, 4.84768426e+03, 1.79019414e+03, 4.55908426e+01, 1.77355703e+02, 5.90976037e-29
1.75585633e+00, 4.40256573e-01, 3.62863618e-01, 6.97378174e-01, 2.56560575e-01, 1.11214656e+00, 2.08362724e+00, 1.35802356e+04, 4.92777344e+03, 4.92777344e+03, 1.78810970e+03, 4.56645365e+01, 1.81619341e+02, 6.19731746e-29
1.80514888e+00, 4.47955916e-01, 3.56487318e-01, 7.03903723e-01, 2.50035025e-01, 1.13028975e+00, 2.06548405e+00, 1.40486442e+04, 5.00816348e+03, 5.00816348e+03, 1.78534677e+03, 4.57381721e+01, 1.86052760e+02, 6.50356954e-29
1.85582523e+00, 4.55731626e-01, 3.50161484e-01, 7.10335810e-01, 2.43602939e-01, 1.14849453e+00, 2.04727927e+00, 1.45327990e+04, 5.08882647e+03, 5.08882647e+03, 1.78191103e+03, 4.58117463e+01, 1.90662693e+02, 6.82984739e-29
1.90792422e+00, 4.63583085e-01, 3.43887915e-01, 7.16672403e-01, 2.37266345e-01, 1.16675462e+00, 2.02901918e+00, 1.50331962e+04, 5.16973449e+03, 5.16973449e+03, 1.77780922e+03, 4.58852566e+01, 1.95456140e+02, 7.17758247e-29
1.96148581e+00, 4.71509656e-01, 3.37668341e-01, 7.22911637e-01, 2.31027112e-01, 1.18506372e+00, 2.01071008e+00, 1.55503464e+04, 5.25085968e+03, 5.25085968e+03, 1.77304908e+03, 4.59587003e+01, 2.00440384e+02, 7.54831484e-29
2.01655104e+00, 4.79510678e-01, 3.31504419e-01, 7.29051807e-01, 2.24886942e-01, 1.20341556e+00, 1.99235824e+00, 1.60847758e+04, 5.33217425e+03, 5.33217425e+03, 1.76763933e+03, 4.60320751e+01, 2.05622999e+02, 7.94370178e-29
2.07316213e+00, 4.87585472e-01, 3.25397736e-01, 7.35091374e-01, 2.18847375e-01, 1.22180391e+00, 1.97396989e+00, 1.66370259e+04, 5.41365058e+03, 5.41365058e+03, 1.76158964e+03, 4.61053785e+01, 2.11011866e+02, 8.36552709e-29
2.13136247e+00, 4.95733342e-01, 3.19349807e-01, 7.41028961e-01, 2.12909788e-01, 1.24022257e+00, 1.95555123e+00, 1.72076547e+04, 5.49526120e+03, 5.49526120e+03, 1.75491060e+03, 4.61786084e+01, 2.16615185e+02, 8.81571110e-29
2.19119669e+00, 5.03953573e-01, 3.13362070e-01, 7.46863353e-01, 2.07075395e-01, 1.25866539e+00, 1.93710841e+00, 1.77972366e+04, 5.57697889e+03, 5.57697889e+03, 1.74761365e+03, 4.62517629e+01, 2.22441488e+02, 9.29632153e-29
2.25271064e+00, 5.12245431e-01, 3.07435893e-01, 7.52593496e-01, 2.01345253e-01, 1.27712630e+00, 1.91864750e+00, 1.84063632e+04, 5.65877670e+03, 5.65877670e+03, 1.73971107e+03, 4.63248399e+01, 2.28499654e+02, 9.80958528e-29
2.31595149e+00, 5.20608169e-01, 3.01572566e-01, 7.58218490e-01, 1.95720259e-01, 1.29559926e+00, 1.90017454e+00, 1.90356438e+04, 5.74062796e+03, 5.74062796e+03, 1.73121590e+03, 4.63978379e+01, 2.34798925e+02, 1.03579011e-28
2.38096772e+00, 5.29041024e-01, 2.95773306e-01, 7.63737593e-01, 1.90201155e-01, 1.31407835e+00, 1.88169545e+00, 1.96857060e+04, 5.82250635e+03, 5.82250635e+03, 1.72214195e+03, 4.64707550e+01, 2.41348919e+02, 1.09438535e-28
2.44780916e+00, 5.37543219e-01, 2.90039255e-01, 7.69150214e-01, 1.84788534e-01, 1.33255771e+00, 1.86321608e+00, 2.03571959e+04, 5.90438594e+03, 5.90438594e+03, 1.71250370e+03, 4.65435898e+01, 2.48159649e+02, 1.15702272e-28
2.51652705e+00, 5.46113963e-01, 2.84371479e-01, 7.74455909e-01, 1.79482839e-01, 1.35103158e+00, 1.84474222e+00, 2.10507791e+04, 5.98624119e+03, 5.98624119e+03, 1.70231626e+03, 4.66163409e+01, 2.55241540e+02, 1.22400239e-28
2.58717408e+00, 5.54752453e-01, 2.78770971e-01, 7.79654379e-01, 1.74284370e-01, 1.36949429e+00, 1.82627951e+00, 2.17671409e+04, 6.06804699e+03, 6.06804699e+03, 1.69159535e+03, 4.66890069e+01, 2.62605443e+02, 1.29564791e-28
2.65980440e+00, 5.63457874e-01, 2.73238647e-01, 7.84745464e-01, 1.69193285e-01, 1.38794028e+00, 1.80783352e+00, 2.25069872e+04, 6.14977871e+03, 6.14977871e+03, 1.68035721e+03, 4.67615868e+01, 2.70262658e+02, 1.37230815e-28
2.73447368e+00, 5.72229403e-01, 2.67775351e-01, 7.89729140e-01, 1.64209608e-01, 1.40636410e+00, 1.78940970e+00, 2.32710448e+04, 6.23141220e+03, 6.23141220e+03, 1.66861859e+03, 4.68340794e+01, 2.78224953e+02, 1.45435928e-28
2.81123917e+00, 5.81066203e-01, 2.62381854e-01, 7.94605515e-01, 1.59333234e-01, 1.42476041e+00, 1.77101339e+00, 2.40600625e+04, 6.31292381e+03, 6.31292381e+03, 1.65639665e+03, 4.69064838e+01, 2.86504579e+02, 1.54220706e-28
2.89015972e+00, 5.89967432e-01, 2.57058854e-01, 7.99374819e-01, 1.54563929e-01, 1.44312400e+00, 1.75264980e+00, 2.48748110e+04, 6.39429042e+03, 6.39429042e+03, 1.64370897e+03, 4.69787989e+01, 2.95114298e+02, 1.63628917e-28
2.97129582e+00, 5.98932239e-01, 2.51806978e-01, 8.04037408e-01, 1.49901341e-01, 1.46144977e+00, 1.73432403e+00, 2.57160843e+04, 6.47548948e+03, 6.47548948e+03, 1.63057344e+03, 4.70510242e+01, 3.04067400e+02, 1.73707782e-28
3.05470967e+00, 6.07959763e-01, 2.46626782e-01, 8.08593747e-01, 1.45345001e-01, 1.47973276e+00, 1.71604104e+00, 2.65846998e+04, 6.55649897e+03, 6.55649897e+03, 1.61700825e+03, 4.71231588e+01, 3.13377729e+02, 1.84508259e-28
3.14046522e+00, 6.17049141e-01, 2.41518754e-01, 8.13044416e-01, 1.40894332e-01, 1.49796813e+00, 1.69780567e+00, 2.74814994e+04, 6.63729748e+03, 6.63729748e+03, 1.60303182e+03, 4.71952021e+01, 3.23059702e+02, 1.96085343e-28
3.22862820e+00, 6.26199502e-01, 2.36483311e-01, 8.17390097e-01, 1.36548651e-01, 1.51615118e+00, 1.67962262e+00, 2.84073499e+04, 6.71786417e+03, 6.71786417e+03, 1.58866276e+03, 4.72671536e+01, 3.33128342e+02, 2.08498397e-28
3.31926620e+00, 6.35409971e-01, 2.31520808e-01, 8.21631571e-01, 1.32307177e-01, 1.53427735e+00, 1.66149645e+00, 2.93631439e+04, 6.79817879e+03, 6.79817879e+03, 1.57391984e+03, 4.73390128e+01, 3.43599294e+02, 2.21811510e-28
3.41244871e+00, 6.44679670e-01, 2.26631530e-01, 8.25769713e-01, 1.28169035e-01, 1.55234220e+00, 1.64343160e+00, 3.03498006e+04, 6.87822174e+03, 6.87822174e+03, 1.55882191e+03, 4.74107792e+01, 3.54488859e+02, 2.36093883e-28
3.50824714e+00, 6.54007716e-01, 2.21815701e-01, 8.29805485e-01, 1.24133264e-01, 1.57034144e+00, 1.62543236e+00, 3.13682663e+04, 6.95797398e+03, 6.95797398e+03, 1.54338787e+03, 4.74824526e+01, 3.65814021e+02, 2.51420247e-28
3.60673495e+00, 6.63393226e-01, 2.17073483e-01, 8.33739931e-01, 1.20198818e-01, 1.58827092e+00, 1.60750288e+00, 3.24195154e+04, 7.03741712e+03, 7.03741712e+03, 1.52763664e+03, 4.75540326e+01, 3.77592474e+02, 2.67871316e-28
3.70798763e+00, 6.72835313e-01, 2.12404976e-01, 8.37574172e-01, 1.16364577e-01, 1.60612663e+00, 1.58964717e+00, 3.35045512e+04, 7.11653340e+03, 7.11653340e+03, 1.51158711e+03, 4.76255190e+01, 3.89842652e+02, 2.85534282e-28
3.81208280e+00, 6.82333091e-01, 2.07810223e-01, 8.41309400e-01, 1.12629348e-01, 1.62390470e+00, 1.57186910e+00, 3.46244065e+04, 7.19530565e+03, 7.19530565e+03, 1.49525807e+03, 4.76969117e+01, 4.02583765e+02, 3.04503345e-28
3.91910025e+00, 6.91885673e-01, 2.03289209e-01, 8.44946874e-01, 1.08991875e-01, 1.64160139e+00, 1.55417241e+00, 3.57801449e+04, 7.27371736e+03, 7.27371736e+03, 1.47866825e+03, 4.77682105e+01, 4.15835829e+02, 3.24880291e-28
4.02912203e+00, 7.01492174e-01, 1.98841864e-01, 8.48487911e-01, 1.05450838e-01, 1.65921313e+00, 1.53656067e+00, 3.69728610e+04, 7.35175261e+03, 7.35175261e+03, 1.46183620e+03, 4.78394153e+01, 4.29619700e+02, 3.46775119e-28
4.14223247e+00, 7.11151707e-01, 1.94468065e-01, 8.51933885e-01, 1.02004863e-01, 1.67673645e+00, 1.51903735e+00, 3.82036820e+04, 7.42939613e+03, 7.42939613e+03, 1.44478029e+03, 4.79105261e+01, 4.43957112e+02, 3.70306717e-28
4.25851829e+00, 7.20863389e-01, 1.90167637e-01, 8.55286221e-01, 9.86525278e-02, 1.69416806e+00, 1.50160574e+00, 3.94737682e+04, 7.50663325e+03, 7.50663325e+03, 1.42751871e+03, 4.79815429e+01, 4.58870714e+02, 3.95603601e-28
4.37806863e+00, 7.30626340e-01, 1.85940357e-01, 8.58546387e-01, 9.53923615e-02, 1.71150477e+00, 1.48426903e+00, 4.07843140e+04, 7.58344991e+03, 7.58344991e+03, 1.41006938e+03, 4.80524658e+01, 4.74384108e+02, 4.22804710e-28
4.50097513e+00, 7.40439681e-01, 1.81785952e-01, 8.61715894e-01, 9.22228545e-02, 1.72874355e+00, 1.46703025e+00, 4.21365490e+04, 7.65983266e+03, 7.65983266e+03, 1.39244997e+03, 4.81232948e+01, 4.90521888e+02, 4.52060267e-28
4.62733201e+00, 7.50302539e-01, 1.77704105e-01, 8.64796288e-01, 8.91424608e-02, 1.74588151e+00, 1.44989229e+00, 4.35317386e+04, 7.73576866e+03, 7.73576866e+03, 1.37467785e+03, 4.81940301e+01, 5.07309690e+02, 4.83532722e-28
4.75723614e+00, 7.60214043e-01, 1.73694456e-01, 8.67789146e-01, 8.61496026e-02, 1.76291587e+00, 1.43285793e+00, 4.49711858e+04, 7.81124566e+03, 7.81124566e+03, 1.35677007e+03, 4.82646717e+01, 5.24774226e+02, 5.17397765e-28
4.89078709e+00, 7.70173327e-01, 1.69756602e-01, 8.70696073e-01, 8.32426751e-02, 1.77984401e+00, 1.41592979e+00, 4.64562314e+04, 7.88625198e+03, 7.88625198e+03, 1.33874334e+03, 4.83352199e+01, 5.42943339e+02, 5.53845425e-28
5.02808725e+00, 7.80179530e-01, 1.65890100e-01, 8.73518698e-01, 8.04200501e-02, 1.79666341e+00, 1.39911039e+00, 4.79882556e+04, 7.96077654e+03, 7.96077654e+03, 1.32061402e+03, 4.84056748e+01, 5.61846044e+02, 5.93081270e-28
5.16924187e+00, 7.90231798e-01, 1.62094471e-01, 8.76258668e-01, 7.76800803e-02, 1.81337171e+00, 1.38240209e+00, 4.95686789e+04, 8.03480880e+03, 8.03480880e+03, 1.30239808e+03, 4.84760367e+01, 5.81512584e+02, 6.35327696e-28
5.31435916e+00, 8.00329281e-01, 1.58369199e-01, 8.78917646e-01, 7.50211028e-02, 1.82996666e+00, 1.36580714e+00, 5.11989634e+04, 8.10833881e+03, 8.10833881e+03, 1.28411112e+03, 4.85463058e+01, 6.01974477e+02, 6.80825338e-28
5.46355035e+00, 8.10471136e-01, 1.54713732e-01, 8.81497306e-01, 7.24414428e-02, 1.84644613e+00, 1.34932767e+00, 5.28806138e+04, 8.18135713e+03, 8.18135713e+03, 1.26576830e+03, 4.86164824e+01, 6.23264575e+02, 7.29834587e-28
5.61692982e+00, 8.20656529e-01, 1.51127491e-01, 8.83999331e-01, 6.99394170e-02, 1.86280811e+00, 1.33296569e+00, 5.46151786e+04, 8.25385490e+03, 8.25385490e+03, 1.24738438e+03, 4.86865668e+01, 6.45417119e+02, 7.82637250e-28
5.77461515e+00, 8.30884629e-01, 1.47609861e-01, 8.86425412e-01, 6.75133369e-02, 1.87905072e+00, 1.31672308e+00, 5.64042517e+04, 8.32582375e+03, 8.32582375e+03, 1.22897368e+03, 4.87565592e+01, 6.68467795e+02, 8.39538335e-28
5.93672722e+00, 8.41154616e-01, 1.44160202e-01, 8.88777237e-01, 6.51615116e-02, 1.89517219e+00, 1.30060161e+00, 5.82494731e+04, 8.39725583e+03, 8.39725583e+03, 1.21055010e+03, 4.88264600e+01, 6.92453801e+02, 9.00868001e-28
6.10339029e+00, 8.51465677e-01, 1.40777848e-01, 8.91056498e-01, 6.28822508e-02, 1.91117086e+00, 1.28460293e+00, 6.01525306e+04, 8.46814382e+03, 8.46814382e+03, 1.19212707e+03, 4.88962695e+01, 7.17413909e+02, 9.66983666e-28
6.27473213e+00, 8.61817006e-01, 1.37462106e-01, 8.93264881e-01, 6.06738676e-02, 1.92704519e+00, 1.26872861e+00, 6.21151611e+04, 8.53848086e+03, 8.53848086e+03, 1.17371756e+03, 4.89659881e+01, 7.43388530e+02, 1.03827229e-27
6.45088409e+00, 8.72207807e-01, 1.34212261e-01, 8.95404068e-01, 5.85346809e-02, 1.94279374e+00, 1.25298006e+00, 6.41391518e+04, 8.60826058e+03, 8.60826058e+03, 1.15533412e+03, 4.90356161e+01, 7.70419786e+02, 1.11515288e-27
6.63198120e+00, 8.82637292e-01, 1.31027576e-01, 8.97475731e-01, 5.64630179e-02, 1.95841518e+00, 1.23735862e+00, 6.62263420e+04, 8.67747708e+03, 8.67747708e+03, 1.13698879e+03, 4.91051538e+01, 7.98551585e+02, 1.19807914e-27
6.81816229e+00, 8.93104682e-01, 1.27907296e-01, 8.99481532e-01, 5.44572161e-02, 1.97390827e+00, 1.22186553e+00, 6.83786240e+04, 8.74612491e+03, 8.74612491e+03, 1.11869319e+03, 4.91746018e+01, 8.27829691e+02, 1.28754243e-27
7.00957009e+00, 9.03609206e-01, 1.24850646e-01, 9.01423123e-01, 5.25156255e-02, 1.98927189e+00, 1.20650191e+00, 7.05979452e+04, 8.81419907e+03, 8.81419907e+03, 1.10045845e+03, 4.92439603e+01, 8.58301809e+02, 1.38407495e-27
7.20635132e+00, 9.14150106e-01, 1.21856835e-01, 9.03302138e-01, 5.06366104e-02, 2.00450500e+00, 1.19126880e+00, 7.28863093e+04, 8.88169497e+03, 8.88169497e+03, 1.08229524e+03, 4.93132298e+01, 8.90017663e+02, 1.48825313e-27
7.40865683e+00, 9.24726629e-01, 1.18925058e-01, 9.05120197e-01, 4.88185513e-02, 2.01960667e+00, 1.17616713e+00, 7.52457778e+04, 8.94860847e+03, 8.94860847e+03, 1.06421378e+03, 4.93824107e+01, 9.23029087e+02, 1.60070141e-27
7.61664172e+00, 9.35338035e-01, 1.16054495e-01, 9.06878902e-01, 4.70598462e-02, 2.03457605e+00, 1.16119774e+00, 7.76784719e+04, 9.01493580e+03, 9.01493580e+03, 1.04622382e+03, 4.94515034e+01, 9.57390110e+02, 1.72209627e-27
7.83046540e+00, 9.45983593e-01, 1.13244314e-01, 9.08579836e-01, 4.53589125e-02, 2.04941239e+00, 1.14636141e+00, 8.01865742e+04, 9.08067361e+03, 9.08067361e+03, 1.02833466e+03, 4.95205083e+01, 9.93157051e+02, 1.85317065e-27
8.05029181e+00, 9.56662583e-01, 1.10493675e-01, 9.10224561e-01, 4.37141880e-02, 2.06411500e+00, 1.13165880e+00, 8.27723301e+04, 9.14581893e+03, 9.14581893e+03, 1.01055514e+03, 4.95894259e+01, 1.03038862e+03, 1.99471870e-27
8.27628946e+00, 9.67374292e-01, 1.07801724e-01, 9.11814617e-01, 4.21241320e-02, 2.07868330e+00, 1.11709050e+00, 8.54380500e+04, 9.21036913e+03, 9.21036913e+03, 9.92893675e+02, 4.96582566e+01, 1.06914601e+03, 2.14760098e-27
8.50863158e+00, 9.78118021e-01, 1.05167604e-01, 9.13351522e-01, 4.05872269e-02, 2.09311678e+00, 1.10265702e+00, 8.81861107e+04, 9.27432197e+03, 9.27432197e+03, 9.75358219e+02, 4.97270009e+01, 1.10949302e+03, 2.31275007e-27
8.74749630e+00, 9.88893079e-01, 1.02590447e-01, 9.14836770e-01, 3.91019787e-02, 2.10741501e+00, 1.08835879e+00, 9.10189577e+04, 9.33767553e+03, 9.33767553e+03, 9.57956304e+02, 4.97956593e+01, 1.15149615e+03, 2.49117669e-27
8.99306672e+00, 9.99698787e-01, 1.00069381e-01, 9.16271831e-01, 3.76669179e-02, 2.12157764e+00, 1.07419616e+00, 9.39391068e+04, 9.40042826e+03, 9.40042826e+03, 9.40695035e+02, 4.98642321e+01, 1.19522471e+03, 2.68397633e-27
9.24553110e+00, 1.01053448e+00, 9.76035298e-02, 9.17658148e-01, 3.62806006e-02, 2.13560438e+00, 1.06016942e+00, 9.69491462e+04, 9.46257888e+03, 9.46257888e+03, 9.23581100e+02, 4.99327199e+01, 1.24075098e+03, 2.89233644e-27
9.50508296e+00, 1.02139949e+00, 9.51920136e-02, 9.18997140e-01, 3.49416088e-02, 2.14949502e+00, 1.04627878e+00, 1.00051739e+05, 9.52412646e+03, 9.52412646e+03, 9.06620776e+02, 5.00011232e+01, 1.28815029e+03, 3.11754422e-27
9.77192128e+00, 1.03229317e+00, 9.28339498e-02, 9.20290198e-01, 3.36485510e-02, 2.16324942e+00, 1.03252438e+00, 1.03249623e+05, 9.58507036e+03, 9.58507036e+03, 8.89819941e+02, 5.00694424e+01, 1.33750115e+03, 3.36099514e-27
1.00462506e+01, 1.04321489e+00, 9.05284548e-02, 9.21538686e-01, 3.24000629e-02, 2.17686749e+00, 1.01890631e+00, 1.06545619e+05, 9.64541022e+03, 9.64541022e+03, 8.73184083e+02, 5.01376780e+01, 1.38888545e+03, 3.62420211e-27
1.03282813e+01, 1.05416402e+00, 8.82746444e-02, 9.22743941e-01, 3.11948077e-02, 2.19034922e+00, 1.00542458e+00, 1.09942623e+05, 9.70514595e+03, 9.70514595e+03, 8.56718308e+02, 5.02058305e+01, 1.44238851e+03, 3.90880552e-27
1.06182294e+01, 1.06513995e+00, 8.60716349e-02, 9.23907273e-01, 3.00314760e-02, 2.20369464e+00, 9.92079158e-01, 1.13443619e+05, 9.76427776e+03, 9.76427776e+03, 8.40427350e+02, 5.02739004e+01, 1.49809931e+03, 4.21658406e-27
1.09163173e+01, 1.07614206e+00, 8.39185439e-02, 9.25029962e-01, 2.89087868e-02, 2.21690387e+00, 9.78869934e-01, 1.17051674e+05, 9.82280607e+03, 9.82280607e+03, 8.24315583e+02, 5.03418882e+01, 1.55611059e+03, 4.54946649e-27
1.12227736e+01, 1.08716977e+00, 8.18144912e-02, 9.26113261e-01, 2.78254871e-02, 2.22997704e+00, 9.65796755e-01, 1.20769945e+05, 9.88073159e+03, 9.88073159e+03, 8.08387028e+02, 5.04097943e+01, 1.61651904e+03, 4.90954451e-27
1.15378330e+01, 1.09822248e+00, 7.97585995e-02, 9.27158396e-01, 2.67803521e-02, 2.24291439e+00, 9.52859412e-01, 1.24601677e+05, 9.93805524e+03, 9.93805524e+03, 7.92645367e+02, 5.04776194e+01, 1.67942545e+03, 5.29908658e-27
1.18617372e+01, 1.10929963e+00, 7.77499950e-02, 9.28166563e-01, 2.57721853e-02, 2.25571615e+00, 9.40057646e-01, 1.28550210e+05, 9.99477816e+03, 9.99477816e+03, 7.77093952e+02, 5.05453639e+01, 1.74493491e+03, 5.72055306e-27
1.21947344e+01, 1.12040065e+00, 7.57878084e-02, 9.29138930e-01, 2.47998187e-02, 2.26838265e+00, 9.27391148e-01, 1.32618978e+05, 1.00509017e+04, 1.00509017e+04, 7.61735814e+02, 5.06130284e+01, 1.81315697e+03, 6.17661258e-27
1.25370799e+01, 1.13152499e+00, 7.38711753e-02, 9.30076636e-01, 2.38621121e-02, 2.28091424e+00, 9.14859563e-01, 1.36811516e+05, 1.01064275e+04, 1.01064275e+04, 7.46573678e+02, 5.06806133e+01, 1.88420583e+03, 6.67015984e-27
1.28890361e+01, 1.14267211e+00, 7.19992367e-02, 9.30980795e-01, 2.29579539e-02, 2.29331131e+00, 9.02462491e-01, 1.41131458e+05, 1.01613573e+04, 1.01613573e+04, 7.31609969e+02, 5.07481191e+01, 1.95820057e+03, 7.20433498e-27
1.32508729e+01, 1.15384147e+00, 7.01711401e-02, 9.31852488e-01, 2.20862601e-02, 2.30557431e+00, 8.90199490e-01, 1.45582543e+05, 1.02156930e+04, 1.02156930e+04, 7.16846826e+02, 5.08155465e+01, 2.03526531e+03, 7.78254452e-27
1.36228676e+01, 1.16503255e+00, 6.83860392e-02, 9.32692774e-01, 2.12459746e-02, 2.31770372e+00, 8.78070075e-01, 1.50168616e+05, 1.02694368e+04, 1.02694368e+04, 7.02286110e+02, 5.08828959e+01, 2.11552947e+03, 8.40848420e-27
1.40053055e+01, 1.17624484e+00, 6.66430952e-02, 9.33502680e-01, 2.04360686e-02, 2.32970007e+00, 8.66073725e-01, 1.54893632e+05, 1.03225911e+04, 1.03225911e+04, 6.87929419e+02, 5.09501678e+01, 2.19912797e+03, 9.08616375e-27
1.43984795e+01, 1.18747784e+00, 6.49414767e-02, 9.34283208e-01, 1.96555409e-02, 2.34156392e+00, 8.54209881e-01, 1.59761661e+05, 1.03751582e+04, 1.03751582e+04, 6.73778094e+02, 5.10173628e+01, 2.28620149e+03, 9.81993380e-27
1.48026913e+01, 1.19873106e+00, 6.32803605e-02, 9.35035332e-01, 1.89034170e-02, 2.35329585e+00, 8.42477949e-01, 1.64776887e+05, 1.04271408e+04, 1.04271408e+04, 6.59833229e+02, 5.10844815e+01, 2.37689667e+03, 1.06145151e-26
1.52182505e+01, 1.21000400e+00, 6.16589316e-02, 9.35760000e-01, 1.81787489e-02, 2.36489650e+00, 8.30877302e-01, 1.69943615e+05, 1.04785417e+04, 1.04785417e+04, 6.46095688e+02, 5.11515243e+01, 2.47136642e+03, 1.14750302e-26
1.56454759e+01, 1.22129622e+00, 6.00763839e-02, 9.36458133e-01, 1.74806151e-02, 2.37636652e+00, 8.19407280e-01, 1.75266273e+05, 1.05293639e+04, 1.05293639e+04, 6.32566107e+02, 5.12184918e+01, 2.56977017e+03, 1.24070382e-26
1.60846948e+01, 1.23260723e+00, 5.85319205e-02, 9.37130629e-01, 1.68081199e-02, 2.38770661e+00, 8.08067194e-01, 1.80749413e+05, 1.05796103e+04, 1.05796103e+04, 6.19244909e+02, 5.12853845e+01, 2.67227411e+03, 1.34165718e-26
1.65362441e+01, 1.24393658e+00, 5.70247538e-02, 9.37778356e-01, 1.61603929e-02, 2.39891747e+00, 7.96856327e-01, 1.86397721e+05, 1.06292842e+04, 1.06292842e+04, 6.06132311e+02, 5.13522030e+01, 2.77905154e+03, 1.45101785e-26
1.70004698e+01, 1.25528384e+00, 5.55541057e-02, 9.38402159e-01, 1.55365890e-02, 2.40999987e+00, 7.85773934e-01, 1.92216014e+05, 1.06783888e+04, 1.06783888e+04, 5.93228338e+02, 5.14189478e+01, 2.89028315e+03, 1.56949644e-26
1.74777277e+01, 1.26664856e+00, 5.41192085e-02, 9.39002861e-01, 1.49358876e-02, 2.42095455e+00, 7.74819247e-01, 1.98209246e+05, 1.07269275e+04, 1.07269275e+04, 5.80532827e+02, 5.14856196e+01, 3.00615731e+03, 1.69786424e-26
1.79683839e+01, 1.27803033e+00, 5.27193041e-02, 9.39581256e-01, 1.43574924e-02, 2.43178233e+00, 7.63991470e-01, 2.04382515e+05, 1.07749040e+04, 1.07749040e+04, 5.68045439e+02, 5.15522187e+01, 3.12687046e+03, 1.83695845e-26
1.84728144e+01, 1.28942872e+00, 5.13536452e-02, 9.40138118e-01, 1.38006306e-02, 2.44248401e+00, 7.53289790e-01, 2.10741061e+05, 1.08223217e+04, 1.08223217e+04, 5.55765668e+02, 5.16187458e+01, 3.25262739e+03, 1.98768785e-26
1.89914058e+01, 1.30084334e+00, 5.00214947e-02, 9.40674196e-01, 1.32645528e-02, 2.45306043e+00, 7.42713368e-01, 2.17290276e+05, 1.08691844e+04, 1.08691844e+04, 5.43692849e+02, 5.16852015e+01, 3.38364165e+03, 2.15103896e-26
1.95245558e+01, 1.31227377e+00, 4.87221263e-02, 9.41190216e-01, 1.27485324e-02, 2.46351245e+00, 7.32261348e-01, 2.24035705e+05, 1.09154959e+04, 1.09154959e+04, 5.31826170e+02, 5.17515862e+01, 3.52013588e+03, 2.32808273e-26
2.00726730e+01, 1.32371963e+00, 4.74548245e-02, 9.41686883e-01, 1.22518652e-02, 2.47384094e+00, 7.21932854e-01, 2.30983050e+05, 1.09612601e+04, 1.09612601e+04, 5.20164673e+02, 5.18179006e+01, 3.66234225e+03, 2.51998183e-26
2.06361777e+01, 1.33518054e+00, 4.62188846e-02, 9.42164880e-01, 1.17738687e-02, 2.48404680e+00, 7.11726995e-01, 2.38138176e+05, 1.10064809e+04, 1.10064809e+04, 5.08707271e+02, 5.18841451e+01, 3.81050285e+03, 2.72799855e-26
2.12155017e+01, 1.34665613e+00, 4.50136131e-02, 9.42624867e-01, 1.13138817e-02, 2.49413094e+00, 7.01642862e-01, 2.45507116e+05, 1.10511623e+04, 1.10511623e+04, 4.97452747e+02, 5.19503204e+01, 3.96487008e+03, 2.95350340e-26
2.18110892e+01, 1.35814602e+00, 4.38383275e-02, 9.43067485e-01, 1.08712638e-02, 2.50409427e+00, 6.91679531e-01, 2.53096073e+05, 1.10953085e+04, 1.10953085e+04, 4.86399769e+02, 5.20164270e+01, 4.12570715e+03, 3.19798446e-26
2.24233968e+01, 1.36964988e+00, 4.26923562e-02, 9.43493353e-01, 1.04453953e-02, 2.51393773e+00, 6.81836065e-01, 2.60911428e+05, 1.11389236e+04, 1.11389236e+04, 4.75546895e+02, 5.20824655e+01, 4.29328853e+03, 3.46305752e-26
2.30528939e+01, 1.38116734e+00, 4.15750390e-02, 9.43903073e-01, 1.00356760e-02, 2.52366228e+00, 6.72111516e-01, 2.68959743e+05, 1.11820118e+04, 1.11820118e+04, 4.64892577e+02, 5.21484364e+01, 4.46790039e+03, 3.75047711e-26
2.37000629e+01, 1.39269806e+00, 4.04857268e-02, 9.44297223e-01, 9.64152520e-03, 2.53326888e+00, 6.62504920e-01, 2.77247767e+05, 1.12245774e+04, 1.12245774e+04, 4.54435173e+02, 5.22143403e+01, 4.64984118e+03, 4.06214848e-26
2.43654001e+01, 1.40424172e+00, 3.94237819e-02, 9.44676367e-01, 9.26238110e-03, 2.54275849e+00, 6.53015306e-01, 2.85782440e+05, 1.12666246e+04, 1.12666246e+04, 4.44172950e+02, 5.22801777e+01, 4.83942210e+03, 4.40014067e-26
2.50494154e+01, 1.41579798e+00, 3.83885774e-02, 9.45041048e-01, 8.89770029e-03, 2.55213211e+00, 6.43641693e-01, 2.94570900e+05, 1.13081578e+04, 1.13081578e+04, 4.34104091e+02, 5.23459492e+01, 5.03696766e+03, 4.76670065e-26
2.57526333e+01, 1.42736654e+00, 3.73794979e-02, 9.45391791e-01, 8.54695728e-03, 2.56139071e+00, 6.34383089e-01, 3.03620489e+05, 1.13491815e+04, 1.13491815e+04, 4.24226705e+02, 5.24116554e+01, 5.24281628e+03, 5.16426872e-26
2.64755927e+01, 1.43894707e+00, 3.63959391e-02, 9.45729104e-01, 8.20964403e-03, 2.57053530e+00, 6.25238496e-01, 3.12938756e+05, 1.13896999e+04, 1.13896999e+04, 4.14538825e+02, 5.24772968e+01, 5.45732086e+03, 5.59549524e-26
2.72188479e+01, 1.45053928e+00, 3.54373078e-02, 9.46053479e-01, 7.88526946e-03, 2.57956689e+00, 6.16206908e-01, 3.22533466e+05, 1.14297177e+04, 1.14297177e+04, 4.05038424e+02, 5.25428739e+01, 5.68084942e+03, 6.06325886e-26
2.79829688e+01, 1.46214287e+00, 3.45030217e-02, 9.46365390e-01, 7.57335900e-03, 2.58848648e+00, 6.07287315e-01, 3.32412602e+05, 1.14692392e+04, 1.14692392e+04, 3.95723410e+02, 5.26083874e+01, 5.91378577e+03, 6.57068625e-26
2.87685409e+01, 1.47375755e+00, 3.35925097e-02, 9.46665294e-01, 7.27345413e-03, 2.59729510e+00, 5.98478698e-01, 3.42584377e+05, 1.15082690e+04, 1.15082690e+04, 3.86591639e+02, 5.26738378e+01, 6.15653015e+03, 7.12117364e-26
2.95761666e+01, 1.48538304e+00, 3.27052117e-02, 9.46953637e-01, 6.98511191e-03, 2.60599376e+00, 5.89780035e-01, 3.53057237e+05, 1.15468116e+04, 1.15468116e+04, 3.77640919e+02, 5.27392256e+01, 6.40949998e+03, 7.71841019e-26
3.04064649e+01, 1.49701906e+00, 3.18405781e-02, 9.47230844e-01, 6.70790454e-03, 2.61458350e+00, 5.81190301e-01, 3.63839864e+05, 1.15848716e+04, 1.15848716e+04, 3.68869010e+02, 5.28045514e+01, 6.67313058e+03, 8.36640338e-26
3.12600724e+01, 1.50866534e+00, 3.09980705e-02, 9.47497330e-01, 6.44141894e-03, 2.62306533e+00, 5.72708466e-01, 3.74941192e+05, 1.16224535e+04, 1.16224535e+04, 3.60273633e+02, 5.28698158e+01, 6.94787595e+03, 9.06950669e-26
3.21376434e+01, 1.52032162e+00, 3.01771610e-02, 9.47753492e-01, 6.18525628e-03, 2.63144030e+00, 5.64333499e-01, 3.86370404e+05, 1.16595619e+04, 1.16595619e+04, 3.51852475e+02, 5.29350193e+01, 7.23420960e+03, 9.83244960e-26
3.30398507e+01, 1.53198765e+00, 2.93773321e-02, 9.47999717e-01, 5.93903159e-03, 2.63970943e+00, 5.56064366e-01, 3.98136946e+05, 1.16962013e+04, 1.16962013e+04, 3.43603190e+02, 5.30001624e+01, 7.53262536e+03, 1.06603703e-25
3.39673858e+01, 1.54366317e+00, 2.85980772e-02, 9.48236375e-01, 5.70237333e-03, 2.64787377e+00, 5.47900031e-01, 4.10250531e+05, 1.17323764e+04, 1.17323764e+04, 3.35523405e+02, 5.30652458e+01, 7.84363828e+03, 1.15588511e-25
3.49209598e+01, 1.55534793e+00, 2.78388997e-02, 9.48463826e-01, 5.47492297e-03, 2.65593434e+00, 5.39839460e-01, 4.22721149e+05, 1.17680917e+04, 1.17680917e+04, 3.27610725e+02, 5.31302699e+01, 8.16778556e+03, 1.25339572e-25
3.59013038e+01, 1.56704171e+00, 2.70993135e-02, 9.48682414e-01, 5.25633461e-03, 2.66389218e+00, 5.31881615e-01, 4.35559072e+05, 1.18033518e+04, 1.18033518e+04, 3.19862732e+02, 5.31952353e+01, 8.50562751e+03, 1.35922788e-25
3.69091691e+01, 1.57874427e+00, 2.63788425e-02, 9.48892474e-01, 5.04627457e-03, 2.67174834e+00, 5.24025460e-01, 4.48774863e+05, 1.18381614e+04, 1.18381614e+04, 3.12276995e+02, 5.32601426e+01, 8.85774853e+03, 1.47409763e-25
3.79453285e+01, 1.59045537e+00, 2.56770206e-02, 9.49094327e-01, 4.84442102e-03, 2.67950384e+00, 5.16269961e-01, 4.62379386e+05, 1.18725250e+04, 1.18725250e+04, 3.04851069e+02, 5.33249923e+01, 9.22475817e+03, 1.59878304e-25
3.90105762e+01, 1.60217481e+00, 2.49933916e-02, 9.49288285e-01, 4.65046362e-03, 2.68715971e+00, 5.08614084e-01, 4.76383812e+05, 1.19064472e+04, 1.19064472e+04, 2.97582497e+02, 5.33897850e+01, 9.60729225e+03, 1.73412963e-25
4.01057288e+01, 1.61390235e+00, 2.43275093e-02, 9.49474645e-01, 4.46410310e-03, 2.69471700e+00, 5.01056797e-01, 4.90799628e+05, 1.19399325e+04, 1.19399325e+04, 2.90468819e+02, 5.34545211e+01, 1.00060140e+04, 1.88105617e-25
4.12316259e+01, 1.62563780e+00, 2.36789368e-02, 9.49653698e-01, 4.28505098e-03, 2.70217673e+00, 4.93597070e-01, 5.05638648e+05, 1.19729856e+04, 1.19729856e+04, 2.83507568e+02, 5.35192013e+01, 1.04216151e+04, 2.04056115e-25
4.23891306e+01, 1.63738095e+00, 2.30472468e-02, 9.49825719e-01, 4.11302916e-03, 2.70953992e+00, 4.86233875e-01, 5.20913019e+05, 1.20056109e+04, 1.20056109e+04, 2.76696277e+02, 5.35838261e+01, 1.08548173e+04, 2.21372968e-25
4.35791301e+01, 1.64913159e+00, 2.24320214e-02, 9.49990979e-01, 3.94776960e-03, 2.71680761e+00, 4.78966188e-01, 5.36635235e+05, 1.20378131e+04, 1.20378131e+04, 2.70032480e+02, 5.36483959e+01, 1.13063733e+04, 2.40174111e-25
4.48025368e+01, 1.66088953e+00, 2.18328518e-02, 9.50149735e-01, 3.78901401e-03, 2.72398081e+00, 4.71792989e-01, 5.52818140e+05, 1.20695966e+04, 1.20695966e+04, 2.63513713e+02, 5.37129114e+01, 1.17770683e+04, 2.60587716e-25
4.60602884e+01, 1.67265458e+00, 2.12493385e-02, 9.50302235e-01, 3.63651349e-03, 2.73106054e+00, 4.64713259e-01, 5.69474945e+05, 1.21009659e+04, 1.21009659e+04, 2.57137521e+02, 5.37773731e+01, 1.22677215e+04, 2.82753096e-25
4.73533492e+01, 1.68442656e+00, 2.06810907e-02, 9.50448720e-01, 3.49002825e-03, 2.73804781e+00, 4.57725987e-01, 5.86619234e+05, 1.21319256e+04, 1.21319256e+04, 2.50901453e+02, 5.38417815e+01, 1.27791875e+04, 3.06821674e-25
4.86827104e+01, 1.69620528e+00, 2.01277264e-02, 9.50589421e-01, 3.34932729e-03, 2.74494364e+00, 4.50830163e-01, 6.04264974e+05, 1.21624800e+04, 1.21624800e+04, 2.44803070e+02, 5.39061371e+01, 1.33123577e+04, 3.32958043e-25
5.00493910e+01, 1.70799057e+00, 1.95888723e-02, 9.50724560e-01, 3.21418810e-03, 2.75174902e+00, 4.44024783e-01, 6.22426529e+05, 1.21926338e+04, 1.21926338e+04, 2.38839946e+02, 5.39704405e+01, 1.38681623e+04, 3.61341116e-25
5.14544388e+01, 1.71978224e+00, 1.90641636e-02, 9.50854352e-01, 3.08439639e-03, 2.75846495e+00, 4.37308848e-01, 6.41118671e+05, 1.22223912e+04, 1.22223912e+04, 2.33009665e+02, 5.40346921e+01, 1.44475715e+04, 3.92165385e-25
5.28989308e+01, 1.73158015e+00, 1.85532437e-02, 9.50979003e-01, 2.95974577e-03, 2.76509244e+00, 4.30681364e-01, 6.60356586e+05, 1.22517567e+04, 1.22517567e+04, 2.27309828e+02, 5.40988926e+01, 1.50515977e+04, 4.25642278e-25
5.43839743e+01, 1.74338412e+00, 1.80557646e-02, 9.51098711e-01, 2.84003755e-03, 2.77163246e+00, 4.24141342e-01, 6.80155892e+05, 1.22807347e+04, 1.22807347e+04, 2.21738054e+02, 5.41630423e+01, 1.56812972e+04, 4.62001649e-25
5.59107078e+01, 1.75519399e+00, 1.75713858e-02, 9.51213668e-01, 2.72508039e-03, 2.77808600e+00, 4.17687801e-01, 7.00532651e+05, 1.23093294e+04, 1.23093294e+04, 2.16291976e+02, 5.42271419e+01, 1.63377719e+04, 5.01493388e-25
5.74803016e+01, 1.76700960e+00, 1.70997750e-02, 9.51324058e-01, 2.61469010e-03, 2.78445404e+00, 4.11319763e-01, 7.21503374e+05, 1.23375454e+04, 1.23375454e+04, 2.10969250e+02, 5.42911918e+01, 1.70221717e+04, 5.44389185e-25
5.90939590e+01, 1.77883082e+00, 1.66406078e-02, 9.51430059e-01, 2.50868937e-03, 2.79073754e+00, 4.05036257e-01, 7.43085044e+05, 1.23653867e+04, 1.23653867e+04, 2.05767551e+02, 5.43551926e+01, 1.77356964e+04, 5.90984438e-25
6.07529169e+01, 1.79065748e+00, 1.61935670e-02, 9.51531841e-01, 2.40690755e-03, 2.79693748e+00, 3.98836320e-01, 7.65295120e+05, 1.23928578e+04, 1.23928578e+04, 2.00684574e+02, 5.44191447e+01, 1.84795977e+04, 6.41600333e-25
6.24584471e+01, 1.80248944e+00, 1.57583434e-02, 9.51629568e-01, 2.30918039e-03, 2.80305481e+00, 3.92718994e-01, 7.88151559e+05, 1.24199629e+04, 1.24199629e+04, 1.95718040e+02, 5.44830487e+01, 1.92551821e+04, 6.96586118e-25
6.42118571e+01, 1.81432657e+00, 1.53346346e-02, 9.51723399e-01, 2.21534983e-03, 2.80909047e+00, 3.86683328e-01, 8.11672822e+05, 1.24467061e+04, 1.24467061e+04, 1.90865691e+02, 5.45469050e+01, 2.00638126e+04, 7.56321561e-25
6.60144909e+01, 1.82616872e+00, 1.49221457e-02, 9.51813485e-01, 2.12526376e-03, 2.81504542e+00, 3.80728378e-01, 8.35877892e+05, 1.24730917e+04, 1.24730917e+04, 1.86125293e+02, 5.46107142e+01, 2.09069118e+04, 8.21219638e-25
6.78677305e+01, 1.83801577e+00, 1.45205889e-02, 9.51899973e-01, 2.03877583e-03, 2.82092059e+00, 3.74853207e-01, 8.60786291e+05, 1.24991238e+04, 1.24991238e+04, 1.81494638e+02, 5.46744767e+01, 2.17859639e+04, 8.91729457e-25
6.97729965e+01, 1.84986758e+00, 1.41296829e-02, 9.51983003e-01, 1.95574526e-03, 2.82671691e+00, 3.69056885e-01, 8.86418091e+05, 1.25248066e+04, 1.25248066e+04, 1.76971545e+02, 5.47381931e+01, 2.27025182e+04, 9.68339438e-25
7.17317494e+01, 1.86172403e+00, 1.37491537e-02, 9.52062712e-01, 1.87603658e-03, 2.83243531e+00, 3.63338489e-01, 9.12793930e+05, 1.25501440e+04, 1.25501440e+04, 1.72553859e+02, 5.48018637e+01, 2.36581914e+04, 1.05158077e-24
7.37454909e+01, 1.87358500e+00, 1.33787335e-02, 9.52139229e-01, 1.79951950e-03, 2.83807669e+00, 3.57697106e-01, 9.39935030e+05, 1.25751402e+04, 1.25751402e+04, 1.68239449e+02, 5.48654892e+01, 2.46546709e+04, 1.14203121e-24
7.58157646e+01, 1.88545036e+00, 1.30181611e-02, 9.52212680e-01, 1.72606868e-03, 2.84364197e+00, 3.52131826e-01, 9.67863212e+05, 1.25997992e+04, 1.25997992e+04, 1.64026217e+02, 5.49290699e+01, 2.56937176e+04, 1.24031914e-24
7.79441575e+01, 1.89731999e+00, 1.26671819e-02, 9.52283185e-01, 1.65556359e-03, 2.84913205e+00, 3.46641751e-01, 9.96600915e+05, 1.26241250e+04, 1.26241250e+04, 1.59912088e+02, 5.49926064e+01, 2.67771696e+04, 1.34712809e-24
8.01323013e+01, 1.90919379e+00, 1.23255471e-02, 9.52350860e-01, 1.58788830e-03, 2.85454781e+00, 3.41225987e-01, 1.02617121e+06, 1.26481216e+04, 1.26481216e+04, 1.55895018e+02, 5.50560991e+01, 2.79069453e+04, 1.46320157e-24
8.23818733e+01, 1.92107165e+00, 1.19930143e-02, 9.52415817e-01, 1.52293131e-03, 2.85989015e+00, 3.35883652e-01, 1.05659782e+06, 1.26717927e+04, 1.26717927e+04, 1.51972992e+02, 5.51195485e+01, 2.90850474e+04, 1.58934839e-24
8.46945981e+01, 1.93295345e+00, 1.16693470e-02, 9.52478163e-01, 1.46058544e-03, 2.86515993e+00, 3.30613867e-01, 1.08790513e+06, 1.26951425e+04, 1.26951425e+04, 1.48144022e+02, 5.51829551e+01, 3.03135661e+04, 1.72644845e-24
8.70722485e+01, 1.94483908e+00, 1.13543144e-02, 9.52538001e-01, 1.40074758e-03, 2.87035803e+00, 3.25415765e-01, 1.12011823e+06, 1.27181746e+04, 1.27181746e+04, 1.44406153e+02, 5.52463193e+01, 3.15946834e+04, 1.87545898e-24
8.95166472e+01, 1.95672846e+00, 1.10476916e-02, 9.52595430e-01, 1.34331865e-03, 2.87548531e+00, 3.20288485e-01, 1.15326290e+06, 1.27408929e+04, 1.27408929e+04, 1.40757455e+02, 5.53096416e+01, 3.29306772e+04, 2.03742147e-24
9.20296681e+01, 1.96862147e+00, 1.07492590e-02, 9.52650545e-01, 1.28820335e-03, 2.88054263e+00, 3.15231174e-01, 1.18736567e+06, 1.27633011e+04, 1.27633011e+04, 1.37196030e+02, 5.53729224e+01, 3.43239254e+04, 2.21346905e-24
9.46132376e+01, 1.98051802e+00, 1.04588028e-02, 9.52703438e-01, 1.23531009e-03, 2.88553081e+00, 3.10242988e-01, 1.22245378e+06, 1.27854031e+04, 1.27854031e+04, 1.33720010e+02, 5.54361622e+01, 3.57769106e+04, 2.40483468e-24
9.72693362e+01, 1.99241802e+00, 1.01761143e-02, 9.52754198e-01, 1.18455080e-03, 2.89045071e+00, 3.05323092e-01, 1.25855529e+06, 1.28072025e+04, 1.28072025e+04, 1.30327557e+02, 5.54993615e+01, 3.72922247e+04, 2.61286000e-24
1.00000000e+02, 2.00432137e+00, 9.90099010e-03, 9.52802908e-01, 1.13584085e-03, 2.89530314e+00, 3.00470656e-01, 1.29569900e+06, 1.28287030e+04, 1.28287030e+04, 1.27016862e+02, 5.55625206e+01, 3.88725739e+04, 2.83900495e-24
